#acc_paschen_factor density_factor volt density pressure N_not_eqm N_less_eqm N_eqm
1.257595825551508 0.014281821840579174 0.01909469491957853 2.285091494492668e-06 0.013585309162616268 8777 8777 291
1.9195823730000572 0.016553747362308625 0.03285609995207728 2.64859957796938e-06 0.01574643474950996 6965 6965 2578
1.8220536673718102 0.004363455017937948 0.010926822573210248 6.981528028700716e-07 0.004150652913721851 4134 4134 4364
1.708631354797122 0.01496720376100209 0.026946755877335513 2.3947526017603347e-06 0.014237265571773898 8271 8271 1850
1.0044395946784699 0.006556709453546063 0.00822442407741913 1.04907351256737e-06 0.006236944138511936 7821 7821 145
1.5503863150133084 0.005951480774859847 0.01177878859310386 9.522369239775755e-07 0.005661231963565735 6901 6901 2624
1.7615750116430156 0.019344404713470938 0.03424367436405092 3.0951047541553504e-06 0.01840099404213102 8306 8306 1726
1.6914415996042726 0.015530304986160677 0.027487099959553406 2.4848487977857084e-06 0.014772904814373293 8530 8530 1706
1.2303050143503365 0.003970875270038206 0.006874319252237815 6.353400432061129e-07 0.0037772189565045515 8646 8646 1344
1.3082844721803135 0.0019862230792259787 0.004432679451437674 3.1779569267615664e-07 0.001889356616992662 9489 2663 686
1.297278617009705 0.01872135791152746 0.024550975603809786 2.9954172658443936e-06 0.01780833271911047 8378 8378 237
1.9837512202084815 0.017756465605890816 0.03595301380980872 2.8410344969425306e-06 0.016890497415811945 6582 6582 2817
1.3387693033892494 0.007099665314917012 0.011661552080596426 1.1359464503867221e-06 0.006753420490108816 9057 9057 1178
1.4304611489376888 0.0048975662092528415 0.009361600276898205 7.836105934804547e-07 0.004658715942530218 7474 7474 2294
1.597684742066124 0.008005810570516268 0.015288353341183987 1.2809296912826031e-06 0.007615373788572216 7394 7394 2269
1.0741854991131974 0.0012053432130563133 0.00260778875048817 1.9285491408901013e-07 0.0011465596181787414 10042 81 32
1.7987436599987956 0.007489793186832475 0.016336587243906357 1.198366909893196e-06 0.007124522147312389 5912 5912 3392
1.1936432173846514 0.0031988381138691848 0.00568335835302823 5.118140982190696e-07 0.0030428334160140214 8752 8748 1337
1.442288888768085 0.00963212276439405 0.01597079454251998 1.541139642303048e-06 0.00916237207740302 9068 9068 1336
1.899279694402568 0.011302194961420514 0.023888823272449324 1.8083511938272825e-06 0.010750996230102448 6176 6176 3150
1.158349550843704 0.009007434293140455 0.012163234246758041 1.4411894869024728e-06 0.008568149147931295 8679 8679 282
1.6622206347161366 0.01690791656771058 0.02894591815267573 2.7052666508336927e-06 0.016083331414723408 8828 8828 1414
1.1225426443705215 0.011457215318340937 0.014273937656491953 1.8331544509345501e-06 0.010898456372006702 7233 7233 140
1.5168670295195972 0.010131364606201107 0.017484729775285607 1.6210183369921772e-06 0.00963726630613454 8669 8669 1514
1.4832638467636823 0.012215112983059637 0.019854848633213837 1.9544180772895422e-06 0.011619391992389073 9119 9119 1117
1.6111723018764514 0.018298516011758015 0.02992688131185689 2.927762561881283e-06 0.017406112470223584 9246 9246 1152
1.0647959766591026 0.013861060068647102 0.015781138384969598 2.2177696109835364e-06 0.013185067595446878 4944 4944 41
1.862351653604493 0.012678070475963291 0.025686012687258886 2.028491276154127e-06 0.012059771430002251 6688 6688 2782
1.369349865931157 0.002276226912147063 0.005103841283363089 3.641963059435301e-07 0.002165217202046486 8475 5263 1291
1.5746510381458334 0.008783618361484453 0.01620916461715944 1.4053789378375126e-06 0.00835524853475977 7891 7891 1994
1.974056290057006 0.012617855580252446 0.02712259182702233 2.0188568928403915e-06 0.012002493165117149 5895 5895 3289
1.1208440249312206 0.006207846152766938 0.008797144685978543 9.932553844427103e-07 0.005905094613326779 9234 9234 448
1.366168733472874 4.537494055103022e-06 -1.224384235554032e-05 7.259990488164836e-10 4.31620421051325e-06 10000 0 0
1.708631354797122 0.017242166203220267 0.03023281704602339 2.758746592515243e-06 0.016401279971047563 8748 8748 1639
1.9562675354717594 0.0023648026918297402 0.00749101406350257 3.783684306927585e-07 0.002249473213971373 7287 4190 1465
1.5503863150133084 0.007010444985795091 0.01337243413525127 1.1216711977272146e-06 0.006668551362889501 7498 7498 2296
1.6212186170655483 0.010183896142352966 0.01876463831457935 1.6294233827764746e-06 0.009687235922572578 7866 7866 2078
1.8487536908512403 0.0001520897616888242 0.002256111741207679 2.4334361870211875e-08 0.00014467246938626687 10013 1 0
1.2303050143503365 0.013645980053671734 0.018005265603990742 2.1833568085874776e-06 0.012980476855500914 8398 8398 234
1.7034304574291137 0.0019862230792259787 0.005771497977817801 3.1779569267615664e-07 0.001889356616992662 9385 2065 544
1.332669582955073 0.0006942079241058548 0.002328120443087079 1.1107326785693678e-07 0.0006603519759166543 10015 19 13
1.3450100978849422 0.0004890927426320791 0.001966819797243246 7.825483882113267e-08 0.00046524009275690904 10013 5 9
1.7040682028949048 0.007099665314917012 0.014843543280114667 1.1359464503867221e-06 0.006753420490108816 6249 6249 3067
1.6658293356524916 0.0038816992579960427 0.00915131983497719 6.210718812793669e-07 0.0036923919850575504 4902 4902 3807
1.85785270908252 0.010234226786350864 0.021588081286682426 1.6374762858161383e-06 0.009735111982552705 6217 6217 3143
1.872022059860084 0.007747325531186209 0.017458158798941203 1.2395720849897935e-06 0.00736949485152846 5262 5262 3687
1.6932557838785718 0.011775886661279225 0.022009443564758466 1.8841418658046762e-06 0.01120158637624622 7870 7870 2132
1.9847004630946992 0.002840089846266174 0.008665692116003943 4.5441437540258787e-07 0.0027015810056883185 4805 4491 3184
1.442288888768085 0.018812642845756896 0.027404177389029633 3.010022855321104e-06 0.017895165762348158 9824 9824 548
1.1608886513816512 0.012655855705622318 0.01598868685571652 2.024936912899571e-06 0.01203864005569809 7749 7749 150
1.5943045979025268 0.009007434293140455 0.016740974493275707 1.4411894869024728e-06 0.008568149147931295 7986 7986 2069
1.6622206347161366 0.003387063406920186 0.008253931511156996 5.419301451072299e-07 0.0032218791166862123 5039 5038 3530
1.8513927538368475 0.011457215318340937 0.023541791377348666 1.8331544509345501e-06 0.010898456372006702 6561 6561 2933
1.8542957019977846 0.0031621720627038052 0.008754746359193806 5.059475300326089e-07 0.003007955537938363 4441 4422 3807
1.9782779990911288 0.004845210777879852 0.012841496161493647 7.752337244607763e-07 0.004608913842386154 3596 3596 4750
1.6899417523460682 0.018298516011758015 0.03138999235991733 2.927762561881283e-06 0.017406112470223584 8838 8838 1482
1.6210876175246476 0.003251714452371269 0.007811913541573406 5.202743123794031e-07 0.0030931310190759026 5519 5513 3165
1.1810360997593772 0.009021537670239964 0.012416803340798312 1.4434460272383943e-06 0.008581564714955761 9131 9131 346
1.9169660045844836 0.00017723773243061465 0.002233521704103492 2.8358037188898346e-08 0.0001685939943256787 10014 0 0
1.704176642356221 0.0012987475723500366 0.004340595184638108 2.0779961157600587e-07 0.0012354087238674774 10025 73 54
1.8402806516933228 0.012617855580252446 0.025284578365089714 2.0188568928403915e-06 0.012002493165117149 6992 6992 2691
1.8246888361602922 0.01222166467842251 0.024435656865962843 1.9554663485476018e-06 0.011625624166969982 6945 6945 2640
1.9741040565765386 0.007931895943232646 0.018753277739147454 1.2691033509172235e-06 0.0075450639167297835 4559 4559 4000
1.3945962940638035 0.009209712734607977 0.01490348226289546 1.4735540375372764e-06 0.008760562636556429 9335 9335 1078
1.6924793257399864 0.003963880990417291 0.009444266147476567 6.342209584667666e-07 0.0037705657821350234 4595 4595 3969
1.9620635928439158 0.0006511432981800395 0.0033108689441570765 1.0418292770880634e-07 0.0006193875762969703 10009 10 26
1.333343855626453 0.010215241055795481 0.015470452764725565 1.6344385689272772e-06 0.009717052170425644 9516 9516 748
1.2143512740755578 0.00023184221028749348 0.0014051341228283338 3.709475364599896e-08 0.00022053545681061123 10014 3 0
1.2303050143503365 0.00278304764130358 0.005293586219563767 4.4528762260857283e-07 0.002647320702039079 8334 8171 1610
1.5346951235246848 0.0019862230792259787 0.005199795367847093 3.1779569267615664e-07 0.001889356616992662 9414 2324 580
1.4251057003594427 0.019422989766348618 0.02779516604740334 3.107678362615779e-06 0.018475746566761344 9840 9840 569
1.7109815656162555 0.0058731493025240104 0.012866889241440799 9.397038884038417e-07 0.005586720652563266 5523 5523 3506
1.3220159264191542 0.007099665314917012 0.011515619261874015 1.1359464503867221e-06 0.006753420490108816 9010 9010 1171
1.8778462393764483 0.0030890711668770648 0.00871565550300937 4.942513867003304e-07 0.002938419712540459 4195 4157 3756
1.857434435119055 0.01759169495633814 0.03340840742162323 2.8146711930141026e-06 0.01673376249500947 7709 7709 2238
1.1240883438576634 0.014570029027732901 0.01734582284291197 2.3312046444372644e-06 0.013859460722835745 5864 5864 67
1.7987436599987956 0.006451562251815852 0.01454480360059089 1.0322499602905363e-06 0.006136924879132142 5278 5278 3649
1.4318100679409194 0.014425838576576585 0.02191710034289807 2.308134172252254e-06 0.013722302321119102 9689 9689 762
1.8825363770882881 0.007712413025487927 0.017494184633405886 1.2339860840780686e-06 0.007336284999953003 5322 5322 3638
1.683658751346372 0.006109693104604557 0.013052809117313402 9.775508967367293e-07 0.005811728408410933 6032 6032 3184
1.1121493247762215 0.003247916287860155 0.005354779816854562 5.196666060576249e-07 0.0030895180879169835 9174 9173 1156
1.985397017244452 0.013462301176903169 0.028739819994855923 2.1539681883045073e-06 0.012805755846136899 6056 6056 3199
1.8374491774089163 0.0038203626704439424 0.00997501330203601 6.112580272710308e-07 0.0036340467323176255 3785 3785 4533
1.109552787336383 0.00955489331510923 0.012208117368616222 1.528782930417477e-06 0.00908890904469582 7956 7956 182
1.8220536673718102 0.0026098122433427925 0.007485294509236556 4.175699589348468e-07 0.002482533851630454 6155 5179 2179
1.5796552176002707 0.01810840359083446 0.02909202580656499 2.8973445745335138e-06 0.017225271675349527 9539 9539 1053
1.602011173542384 0.00827915817892723 0.01573969998881107 1.324665308628357e-06 0.007875390459454738 7471 7471 2268
1.8531925392026465 0.011108352340154885 0.02298888181138711 1.7773363744247819e-06 0.01056660715368202 6380 6380 3051
1.6177347460975668 0.007764086098472216 0.015112294991035632 1.2422537757555547e-06 0.007385438019764484 7178 7178 2425
1.9782779990911288 0.012176577387676583 0.026413956803527084 1.9482523820282535e-06 0.01158273574622608 5818 5818 3323
1.7285701829269473 0.007321545288918116 0.015422925356242286 1.1714472462268985e-06 0.006964479560684366 6172 6172 3177
1.882128293527595 0.0019902162152071433 0.006385845298359645 3.1843459443314297e-07 0.001893155011023762 9174 1645 512
1.9741040565765386 0.002145766765371879 0.007058721702705944 3.433226824595007e-07 0.0020411194890848673 8465 2612 840
1.708631354797122 0.0005901639670004948 0.0027385672748264553 9.442623472007916e-08 0.0005613821568308156 10015 13 9
1.8468006339801257 0.003963880990417291 0.010305400156667147 6.342209584667666e-07 0.0037705657821350234 3734 3734 4568
1.3185407647935472 0.009532973345512159 0.014481155365886057 1.5252757352819455e-06 0.009068058093946296 9413 9413 734
1.5896894000650046 0.006919436563145523 0.013572631124786998 1.107109850103284e-06 0.006581981345989874 7002 7002 2508
1.7684902781634644 0.01201842693008378 0.02336635940061129 1.922948308813405e-06 0.011432298156078944 7142 7142 2495
1.7881369685175792 0.003652299343569616 0.009388087459631241 5.843678949711386e-07 0.0034741797153521646 4131 4131 4288
1.7449795888945534 0.004735353478592987 0.011131717666941557 7.576565565748779e-07 0.00450441419302478 4735 4735 3940
1.1281527610014315 0.004340163626766074 0.006738302423067947 6.94426180282572e-07 0.004128497424497201 9371 9371 791
1.3352173821744016 0.01176463936797847 0.01734226318075471 1.8823422988765553e-06 0.011190887604168046 9414 9414 586
1.92782118519786 0.005088675400320998 0.01298950855690544 8.141880640513597e-07 0.004840504895890605 3719 3719 4528
1.9710427196353972 0.0007403070654699636 0.003568276602569683 1.1844913047519419e-07 0.0007042029001582057 10015 13 14
1.9432125398060627 0.00985656479936606 0.021914779362485183 1.5770503678985696e-06 0.009375868259347957 5405 5405 3523
1.819102553342125 0.008240945280170204 0.017807685327457225 1.3185512448272328e-06 0.007839041172269336 5956 5956 3325
1.8958464326518767 0.004671573148241811 0.011970528501660358 7.474517037186898e-07 0.004443744376807595 3917 3917 4564
1.9911397733530007 0.002840089846266174 0.008693807734040762 4.5441437540258787e-07 0.0027015810056883185 4727 4410 3233
1.0010378364699197 0.007712413025487927 0.00930252448205873 1.2339860840780686e-06 0.007336284999953003 6921 6921 110
1.7926564760382995 0.006109693104604557 0.013897829816126323 9.775508967367293e-07 0.005811728408410933 5234 5234 3693
1.8585801113071514 0.0046139073513419265 0.011625426810862297 7.382251762147083e-07 0.004388890893285789 3939 3939 4409
1.3755617430491112 0.007763380119204421 0.012849086179826727 1.2421408190727075e-06 0.0073847664705236045 9057 9057 1256
1.9580860305729253 0.003037522151703196 0.008977191084280741 4.860035442725114e-07 0.002889384700342254 3943 3883 3877
1.6971423013833613 0.0033731664139953514 0.008401859211667792 5.397066262392563e-07 0.0032086598686503526 4788 4786 3656
1.9721560354794103 0.004751256009892496 0.012612956731902394 7.602009615827995e-07 0.004519541170982045 3460 3460 4763
1.6899417523460682 0.002669039000636914 0.0070553400860142645 4.2704624010190624e-07 0.002538872168794845 6435 5834 2148
1.9400480325720837 0.00428796287416445 0.01148262287997902 6.860740598663121e-07 0.004078842459568333 3534 3534 4702
1.837581529889251 0.004358837956489772 0.011011160581129874 6.974140730383636e-07 0.004146261022554436 3978 3978 4446
1.7009590446763991 0.004963417343734919 0.011245484688500536 7.941467749975871e-07 0.004721355571467905 5377 5377 3725
1.9202213243045883 0.004751256009892496 0.012280807422645208 7.602009615827995e-07 0.004519541170982045 3779 3779 4588
1.8523606714959098 0.003999680934054268 0.010406118885871597 6.39948949448683e-07 0.0038046197920324643 3739 3739 4604
1.545732818766917 0.01222166467842251 0.020699965943414073 1.9554663485476018e-06 0.011625624166969982 9122 9122 1400
1.9839311253775627 0.012499521175769588 0.027052492740369975 1.9999233881231343e-06 0.0118899298319921 5734 5734 3297
1.9507361159541092 0.005468106362788842 0.01388642556895786 8.748970180462148e-07 0.005201431323102336 3844 3844 4528
1.9273035939439693 0.003422363002961213 0.009643636172934346 5.475780804737942e-07 0.003255457180527497 3439 3435 4592
1.0070702646830347 0.007417751523551324 0.00907757057144418 1.1868402437682119e-06 0.007055993896562004 7216 7216 112
1.9475327358785854 0.0037142535520877477 0.010353421735105978 5.942805683340397e-07 0.0035331124681927425 3295 3295 4848
1.9648850659108665 0.0033218079915856248 0.009618146402516906 5.314892786537e-07 0.003159806154164296 3419 3409 4526
1.9555621688716383 0.004259611128630134 0.011516862157055429 6.815377805808215e-07 0.004051873405291999 3419 3419 4770
1.9147666016795113 0.0025603563205009736 0.0077590878825613985 4.096570112801558e-07 0.0024354898533767017 6261 4919 2120
1.7791268245241298 0.004361890042438924 0.010666509138517351 6.979024067902279e-07 0.00414916426078783 4322 4322 4250
1.8546799927806004 0.00322669582985218 0.008887088184434294 5.162713327763488e-07 0.003069332534152999 4163 4150 4005
1.835801204184905 0.005088675400320998 0.012369485112847595 8.141880640513597e-07 0.004840504895890605 4528 4528 4161
1.442753677325873 0.0030890711668770648 0.006696258598599485 4.942513867003304e-07 0.002938419712540459 7071 7056 2187
1.9432125398060627 0.004100223584038907 0.011121251848601134 6.560357734462251e-07 0.0039002590598595614 3313 3313 4827
1.8394130025007187 0.0030172993684427487 0.00839216888053105 4.827678989508399e-07 0.002870148165550793 4611 4544 3416
1.898569037548408 0.0029767732704648895 0.00857722627086976 4.762837232743824e-07 0.002831598491963674 4567 4475 3512
1.7805213891391027 0.0036920135971266867 0.009423434871902246 5.907221755402699e-07 0.003511957137501653 4211 4211 4206
1.9812842203337522 0.0037741774727678146 0.010658919167870713 6.038683956428503e-07 0.003590113948659452 3174 3174 4938
1.9039764274877107 0.004303236067581175 0.011299301996419465 6.885177708129881e-07 0.004093370791932562 3537 3537 4676
1.9193043197286062 0.0028490191406221332 0.00839922215233946 4.5584306249954136e-07 0.0027100748257193907 4995 4725 3046
1.6622206347161366 0.0030179947480420324 0.007585016433033393 4.828791596867253e-07 0.002870809632060254 5609 5561 2896
1.88792777868092 0.004366111698258596 0.011327059530220339 6.985778717213754e-07 0.004153180029933293 3713 3713 4633
1.8003413949130447 0.004777597016392041 0.011562489764971476 7.644155226227267e-07 0.004544597548308783 4388 4388 4110
1.9323205220035748 0.003036697191144957 0.008857310867951272 4.858715505831932e-07 0.0028885999724303844 4202 4135 3833
1.993422541124653 0.0028134784317340534 0.008644696941643595 4.501565490774486e-07 0.002676267407905843 4811 4465 3049
1.9400480325720837 0.0034891692002777513 0.009846899900952902 5.582670720444402e-07 0.003319005294672513 3274 3273 4716
1.9934555275001755 0.0005493990703371223 0.0030820065188988913 8.790385125393957e-08 0.0005226053305732237 10011 6 9
1.9553479527464321 0.004963417343734919 0.012927316229112477 7.941467749975871e-07 0.004721355571467905 3551 3551 4660
1.5930700408675587 0.004048096113634835 0.009030402108105875 6.476953781815737e-07 0.0038506738032158803 5474 5474 3511
1.8523606714959098 0.00468626401743081 0.011723798840732677 7.498022427889296e-07 0.004457718784416646 4027 4027 4413
1.4776693728157413 0.01222166467842251 0.019788481761882186 1.9554663485476018e-06 0.011625624166969982 9347 9347 1098
1.4517605898592274 0.005039653331566696 0.009709973572365282 8.063445330506714e-07 0.004793873593018167 7258 7258 2343
1.670610143155141 0.002030210016132161 0.0057470739713591165 3.248336025811458e-07 0.001931198347246507 9189 2338 589
1.868469164801334 0.0042278118468595674 0.010942163637775811 6.764498954975309e-07 0.004021624948279685 3765 3765 4469
1.5776786450330378 0.009145486648182528 0.016766890571657814 1.4632778637092047e-06 0.008699468803421255 7945 7945 1991
1.832053231326061 0.0041797535155578295 0.010637206733512003 6.687605624892527e-07 0.003975910382178706 3967 3967 4438
1.9853390627967484 0.0034119143604628846 0.009911658883438111 5.459062976740616e-07 0.0032455181097104857 3179 3174 4722
1.8691953806481534 0.010655965197433497 0.022430180473461715 1.7049544315893596e-06 0.010136282558986373 6078 6078 3194
1.8616344502438282 0.003482206039226177 0.009434972844117335 5.571529662761883e-07 0.0033123817212453504 3723 3723 4344
1.8171957942821124 0.0025808654534016885 0.007405893663993741 4.129384725442702e-07 0.0024549987727725273 6319 5214 2078
1.9196485843778937 0.0038303448504720663 0.010441525767974493 6.128551760755307e-07 0.003643542089654576 3402 3402 4832
1.92782118519786 0.0019475932919236372 0.006443515718165468 3.11614926707782e-07 0.0018526107725726387 9333 1339 423
1.848886604744449 0.0030890711668770648 0.00858124503123968 4.942513867003304e-07 0.002938419712540459 4435 4401 3603
1.9432125398060627 0.0037151637676306757 0.010332335444914688 5.944262028209082e-07 0.003533978293273977 3213 3213 4851
1.0150733260766098 0.004139627936583098 0.005851190782129372 6.623404698532957e-07 0.003937741694613101 9301 9301 438
1.284296730946061 0.0025795372440159435 0.005232159657138569 4.12725959042551e-07 0.002453735339063617 8160 7481 1714
1.7805213891391027 0.0034670838890905687 0.00899493013688577 5.54733422254491e-07 0.0032979970659059304 4147 4147 4082
1.6865381304508875 0.003615242292350028 0.008787974445720857 5.784387667760045e-07 0.0034389299059726227 4735 4735 3824
1.906711086229611 0.0035376394850479102 0.009776886483483188 5.660223176076657e-07 0.0033651117236108505 3499 3499 4524
1.2402779097700414 0.002502184180632955 0.00494401554869354 4.0034946890127285e-07 0.002380154720815915 8268 7259 1607
1.8357984224221089 0.003387063406920186 0.009115850285151708 5.419301451072299e-07 0.0032218791166862123 3751 3750 4247
1.88792777868092 0.003471163843695023 0.00954581613305894 5.553862149912038e-07 0.003301878044487631 3549 3548 4418
1.8158868861392277 0.0032095969761881038 0.008667379089355581 5.135355161900967e-07 0.0030530675774867013 4353 4340 3822
1.5583454494427942 0.0010202183558319748 0.003407729384066282 1.6323493693311598e-07 0.000970463147633787 10021 33 26
1.6275178259412346 0.0028134784317340534 0.0070579107450279574 4.501565490774486e-07 0.002676267407905843 6183 5954 2309
1.9455482363354695 0.00579206357027049 0.014475165565100041 9.267301712432785e-07 0.005509589404628827 4059 4059 4451
1.8767987571820348 0.0014739031096461415 0.005193479264806295 2.3582449754338266e-07 0.0014020220699989012 10005 125 68
1.3779992915940062 0.002200405877548439 0.005014972088941837 3.520649404077503e-07 0.0020930938968022612 8662 4482 1168
1.9327855018033115 0.0035363000291416587 0.009907810670019036 5.658080046626654e-07 0.0033638375918649682 3278 3277 4710
1.8523606714959098 0.003822278581282963 0.0100597193116159 6.115645730052741e-07 0.003635869205764406 3664 3664 4580
1.6325166877626751 0.004675880103506379 0.01031503840279004 7.481408165610208e-07 0.004447841285414343 5608 5608 3534
1.9741040565765386 0.001806694808363464 0.0062659298281471385 2.890711693381543e-07 0.0017185837919062048 9762 732 242
1.9179392337866998 0.002820089442016991 0.008331484627932623 4.512143107227186e-07 0.00268255600466706 5125 4789 3021
1.9151702872206302 0.003761851654841878 0.01027820003438211 6.018962647747005e-07 0.0035783892507129903 3466 3466 4672
1.0415286271725241 0.003779853031768421 0.005609486653433741 6.047764850829473e-07 0.0035955127153262383 9341 9341 588
1.897166363089237 0.003417714846530945 0.009483331012443504 5.468343754449512e-07 0.0032510357108546297 3467 3462 4540
1.9853390627967484 0.005264078248478972 0.013727500840251166 8.422525197566356e-07 0.005007353491737035 3619 3619 4649
1.5966496855719232 0.004259611128630134 0.009403124397956552 6.815377805808215e-07 0.004051873405291999 5466 5466 3540
1.9365445347514405 0.003124936241433317 0.009064205270049669 4.999897986293308e-07 0.0029725356769759333 3942 3910 4016
1.7791268245241298 0.005937921401102393 0.013492867065091063 9.50067424176383e-07 0.00564833386928878 5265 5265 3649
1.8714997390329242 0.0038303448504720663 0.010179630224457269 6.128551760755307e-07 0.003643542089654576 3558 3558 4602
1.92782118519786 0.0035813792170265434 0.0099754338108595 5.73020674724247e-07 0.0034067183049176796 3309 3309 4684
1.9504248484313413 0.0030890711668770648 0.009052514900837435 4.942513867003304e-07 0.002938419712540459 3973 3928 3997
1.9855884309233063 0.003451307708068765 0.00999718952421141 5.522092332910024e-07 0.0032829902762274844 3061 3059 4756
1.8394130025007187 0.00240807587752613 0.007134804352672236 3.852921404041808e-07 0.0022906360020735466 7260 4777 1586
1.6308622846025078 0.004671573148241811 0.010297397048562536 7.474517037186898e-07 0.004443744376807595 5641 5641 3531
1.3415785616043512 0.002099425603174056 0.004724304590634482 3.35908096507849e-07 0.001997038347166152 9101 3631 840
1.9494518175817106 0.002497760215461227 0.007761127078332162 3.9964163447379634e-07 0.0023759465087787217 6408 4578 1889
1.6553362010579356 0.0035376394850479102 0.008487932045198597 5.660223176076657e-07 0.0033651117236108505 5111 5110 3687
1.8173049430362043 0.004193508516774675 0.010577627235545227 6.70961362683948e-07 0.0039889945633251244 3981 3981 4374
1.951910512807251 0.00470739596589021 0.012396037264193305 7.531833545424337e-07 0.004477820145169777 3501 3501 4733
1.8758989463921782 0.0031314541532688487 0.008793730749578397 5.010326645230158e-07 0.0029787357156242783 4167 4144 3888
1.8158868861392277 0.0024226013347993505 0.007073727044535717 3.876162135678961e-07 0.002304453064769595 7168 4859 1650
1.0866685675608858 0.0030180538918562864 0.004958737981582841 4.828886226970058e-07 0.002870865891479442 8768 8746 1318
1.8747805616883606 0.0028134784317340534 0.008130192898659903 4.501565490774486e-07 0.002676267407905843 5268 4945 2862
1.1170954751053326 0.003055638652833592 0.005143773767467323 4.889021844533748e-07 0.0029066176746468365 8740 8727 1336
1.9718884368356315 0.004358837956489772 0.011815954760591722 6.974140730383636e-07 0.004146261022554436 3263 3263 4888
1.9233897183051907 0.0033863595072033863 0.00954933195139654 5.418175211525418e-07 0.003221209545578341 3574 3569 4551
1.8916991317013654 0.004341613901494321 0.01130170271875151 6.946582242390914e-07 0.004129876970522484 3725 3725 4593
1.9523666011852998 0.002467007730075058 0.007704362377465267 3.947212368120093e-07 0.0023466937967540637 6612 4525 1824
1.932228342057174 0.003257567308662588 0.009323575963114894 5.212107693860141e-07 0.0030986984363906883 3711 3702 4294
1.0640595302955078 0.0016274940405775241 0.0031461163089787827 2.6039904649240387e-07 0.001548122497841254 10113 637 161
1.8600766155363448 0.003301452907230229 0.009064062139518948 5.282324651568367e-07 0.0031404437704932254 3878 3867 4220
1.3106025744114482 0.0035948096076779444 0.0068004855973920805 5.751695372284712e-07 0.003419493706488337 7847 7847 1797
1.9832157139916964 0.0021522435441570682 0.007106294915999274 3.4435896706513096e-07 0.0020472804007078274 8457 2677 796
1.975440959449924 0.0041235078015978985 0.011353780325511832 6.597612482556638e-07 0.003922407725322517 3280 3280 4914
1.7716275368470993 0.0034119143604628846 0.00884471984800303 5.459062976740616e-07 0.0032455181097104857 4248 4246 4019
1.8016677619381136 0.004752065685910471 0.011524084900962924 7.603305097456755e-07 0.004520311359768078 4401 4401 4127
1.9462497625861823 0.003482206039226177 0.009863812767036712 5.571529662761883e-07 0.0033123817212453504 3374 3373 4668
1.952330890985077 0.0034594865702959176 0.009846928193749879 5.535178512473469e-07 0.0032907702620860544 3380 3380 4691
1.0494727167451383 0.0026319027386671823 0.004337560530408747 4.211044381867492e-07 0.0025035470117081454 8819 8434 1649
1.92782118519786 0.0028526040991845216 0.008444179142592698 4.564166558695235e-07 0.0027134849488079475 4956 4687 3114
1.9764906200366892 0.003473293384782785 0.009998137579466892 5.557269415652457e-07 0.003303903729612028 3138 3138 4752
1.8822907808668572 0.0021522675745311286 0.006744711627945562 3.443628119249806e-07 0.002047303259140354 8430 2779 878
1.7967819171270174 0.0030172993684427487 0.008197668098199922 4.827678989508399e-07 0.002870148165550793 4776 4705 3327
1.9992969848433344 0.004671573148241811 0.012623723698376875 7.474517037186898e-07 0.004443744376807595 3363 3363 4825
1.7805213891391027 0.0030270561551914823 0.008142608367972605 4.843289848306372e-07 0.002879429121852785 4877 4817 3272
1.9786908091779638 0.0028754902356301583 0.00871731616217613 4.6007843770082534e-07 0.0027352549472452886 4641 4394 3343
1.3682617280497749 0.0022716504422866735 0.005092547035630101 3.634640707658678e-07 0.0021608639228485804 8590 5332 1242
1.2745776006067544 0.0046139073513419265 0.00797248852523072 7.382251762147083e-07 0.004388890893285789 8486 8486 1492
1.9880215467385172 0.00470739596589021 0.012625368332048836 7.531833545424337e-07 0.004477820145169777 3377 3377 4830
1.88792777868092 0.003905115868143765 0.010418065198968146 6.248185389030025e-07 0.003714666586431822 3622 3622 4705
1.952775372739601 0.0032095969761881038 0.009320759217484684 5.135355161900967e-07 0.0030530675774867013 3758 3744 4286
1.2722665628511585 0.0028526040991845216 0.005572740281274185 4.564166558695235e-07 0.0027134849488079475 8123 8017 1637
1.9699210830859686 0.004272933574270459 0.01162869152369704 6.836693718832734e-07 0.0040645461262407865 3277 3277 4873
1.9876525875989228 0.0034891692002777513 0.01008852138676592 5.582670720444402e-07 0.003319005294672513 3059 3059 4815
1.9900253045305325 0.004788233364189447 0.012802291774211492 7.661173382703116e-07 0.004554715170192169 3474 3474 4797
1.9720165131809568 0.004963417343734919 0.013037516437478724 7.941467749975871e-07 0.004721355571467905 3588 3588 4739
1.9876525875989228 0.003801288647671352 0.010750288840498383 6.082061836274164e-07 0.0036159029339120075 3008 3008 4965
1.592173389901098 0.005799623177554545 0.011857896629882923 9.279397084087273e-07 0.00551678033609739 6704 6704 2927
1.7543549942924264 0.0026997192938975 0.007384733712273052 4.319550870236e-07 0.0025680562094443737 6146 5644 2253
1.9741040565765386 0.004712797290810826 0.012547880009174789 7.540475665297323e-07 0.004482958051926589 3451 3451 4743
1.8750344430387194 0.005468106362788842 0.013347538921098266 8.748970180462148e-07 0.005201431323102336 4302 4302 4256
1.9791056373331295 0.003087784271698476 0.009182837238241242 4.940454834717561e-07 0.00293719557817888 3844 3796 4081
1.4529544571013724 0.0034790346450256525 0.007358783266072908 5.566455432041045e-07 0.003309364993325651 6392 6392 2649
1.0264941183965663 0.004928681804287627 0.006750270969677089 7.885890886860203e-07 0.004688314055645258 8661 8661 331
1.986012126539113 0.0034119143604628846 0.009915019104543989 5.459062976740616e-07 0.0032455181097104857 3183 3178 4717
1.5093401545697829 0.004259611128630134 0.00888893372196848 6.815377805808215e-07 0.004051873405291999 6360 6360 2976
1.3940893567686148 0.004212266714620112 0.008141536207654046 6.73962674339218e-07 0.0040068379393249365 7448 7448 2281
1.8720853428322566 0.0028624388658220704 0.008220513404286423 4.579902185315313e-07 0.0027228400819838605 5065 4839 3032
1.916010093088814 0.00274873114587769 0.00817044522335904 4.3979698334043045e-07 0.00261467779380635 5443 4965 2657
1.5216127433873425 0.004605863659605771 0.009505140860695822 7.369381855369234e-07 0.0043812394857647985 6540 6540 2926
1.276470859227607 0.004613651643199387 0.007983996130024524 7.38184262911902e-07 0.004388647655818569 8426 8426 1493
1.2256460613138085 0.005109871206756977 0.00828451459874448 8.175793930811164e-07 0.004860667000319438 8824 8824 1097
1.8394130025007187 0.0037572613540455026 0.009862671763299231 6.011618166472805e-07 0.0035740228151024457 3767 3767 4568
1.8957862717101681 0.004671573148241811 0.01197014864058353 7.474517037186898e-07 0.004443744376807595 3919 3919 4557
1.957664679608781 0.00403626572194657 0.011072847475741608 6.458025155114512e-07 0.0038394203699778826 3245 3245 4849
1.9140121656896874 0.003734212428049828 0.010215821009570964 5.974739884879725e-07 0.0035520979662272264 3464 3464 4742
1.906711086229611 0.004088317805155874 0.010888602748131446 6.5413084882494e-07 0.00388893391599814 3560 3560 4717
1.979029113514462 0.0043378915324220465 0.011815812266283959 6.940626451875275e-07 0.004126336138321333 3194 3194 4885
1.9920563466066021 0.003567462861296269 0.010278148735236588 5.707940578074031e-07 0.0033934806383844394 2939 2939 4870
1.5076567801055436 0.003365893349178373 0.007451941399184091 5.385429358685397e-07 0.003201741505208956 6358 6357 2753
1.9960346393805972 0.0023945455009987283 0.007711386775823673 3.831272801597966e-07 0.0022777654908556376 7016 4201 1566
1.9483507962123556 0.0030698958621810267 0.009001884548256027 4.911833379489643e-07 0.0029201795716473082 4180 4122 3947
1.902652021328684 0.004272933574270459 0.011231593804920127 6.836693718832734e-07 0.0040645461262407865 3715 3715 4650
1.9631488907939287 0.0029950863306350533 0.008908646253609405 4.792138129016086e-07 0.0028490184392856877 4146 4052 3676
1.9718884368356315 0.004321553179121283 0.011739789430532733 6.914485086594053e-07 0.004110794593042547 3288 3288 4828
1.746421794002906 0.0020127706009927734 0.005971949273654436 3.2204329615884375e-07 0.001914609438007307 9086 1975 590
1.3240123180245806 0.0033452855050996036 0.006514723378081973 5.352456808159367e-07 0.0031821386886978576 7772 7772 1939
1.9449191840881972 0.003619054798344499 0.010142229342231105 5.790487677351198e-07 0.003442556479192577 3252 3252 4786
1.5319800182793717 0.00418717633638026 0.00890678440633881 6.699482138208418e-07 0.00398297119814862 6121 6121 3195
1.9741040565765386 0.0038056901806555275 0.010686213251989042 6.089104289048845e-07 0.003620089807760943 3237 3237 4904
1.9507361159541092 0.004348868482567729 0.011669069111672726 6.958189572108368e-07 0.004136777751657247 3270 3270 4763
1.147688173819625 0.0026769636248113217 0.0048017111014277605 4.283141799698115e-07 0.002546410315580921 8662 8347 1611
1.990142004182747 0.003188216485409681 0.009452714069439847 5.10114637665549e-07 0.00303272979561856 3583 3562 4426
1.975440959449924 0.0034385447904734766 0.009918948201779899 5.501671664757563e-07 0.003270849795602223 3149 3147 4745
1.975597295829296 0.003270848319697028 0.009561357438954641 5.233357311515245e-07 0.0031113317434651637 3503 3492 4508
1.9555621688716383 0.004058467117776648 0.01110645908622634 6.493547388442638e-07 0.003860539022035022 3263 3263 4888
1.9462497625861823 0.003612841621536339 0.010136252233091132 5.780546594458143e-07 0.0034366463138955266 3272 3272 4809
1.492252700209769 0.0037526566845030532 0.007993954690680555 6.004250695204886e-07 0.0035696427114977284 6216 6216 2949
1.9790291543219276 0.0038303448504720663 0.010764513921240355 6.128551760755307e-07 0.003643542089654576 3097 3097 4942
1.9828425499435078 0.004082008612935408 0.011310273304029308 6.531213780696654e-07 0.003882932417881291 3015 3015 4989
1.9703245726713745 0.003473293384782785 0.009966946442380302 5.557269415652457e-07 0.003303903729612028 3213 3213 4790
1.5496405230732806 0.0034026990909839195 0.007721059611888845 5.444318545574272e-07 0.0032367522613274136 5933 5933 3028
1.9957148368209716 0.003623610303698105 0.010416823040291928 5.797776485916968e-07 0.003446889816305413 3015 3015 4905
1.1122477775840096 0.0030075383494170592 0.005062577708718498 4.812061359067296e-07 0.0028608631833765023 8668 8640 1398
1.941053952646865 0.003549640388461699 0.009977948884305582 5.679424621538719e-07 0.0033765273528580785 3214 3214 4710
1.840944423080987 0.0037142535520877477 0.009786779781367988 5.942805683340397e-07 0.0035331124681927425 3704 3704 4527
1.8852959632821413 0.0025066014480902895 0.007524665539331188 4.0105623169444637e-07 0.002384356561780724 6549 4841 1851
1.7466672225661473 0.0030474004067483377 0.008026880103402781 4.875840650797341e-07 0.002898781201031972 5073 5032 3228
1.9876525875989228 0.0028500973275456106 0.008700709909409958 4.5601557240729776e-07 0.0027111004303554125 4646 4364 3228
1.3266975990388534 0.003471163843695023 0.006708101595625744 5.553862149912038e-07 0.003301878044487631 7683 7683 1866
1.8260112408580766 0.0036800789506376518 0.009640989087817504 5.888126321020243e-07 0.003500604533883577 3865 3865 4497
1.5616531209320539 0.0036032734428872856 0.008117271262847099 5.765237508619657e-07 0.0034275447674316705 5739 5739 3265
1.0806228867044716 0.004272933574270459 0.006379052598009542 6.836693718832734e-07 0.0040645461262407865 9032 9032 647
1.9855884309233063 0.003883290752371364 0.01091126812045511 6.213265203794183e-07 0.0036939058635641333 3095 3095 4974
1.9958522648577293 0.003931231554934247 0.011068546321538914 6.289970487894796e-07 0.0037395086327059656 3048 3048 4982
1.224452539604285 0.004963417343734919 0.0080951756769283 7.941467749975871e-07 0.004721355571467905 8898 8898 1136
1.9807191626676444 0.003571145990409863 0.010227462789223412 5.713833584655781e-07 0.003396984144327347 3009 3009 4820
1.9105442148539695 0.00361704183694914 0.009958865843742896 5.787266939118624e-07 0.0034406416882650876 3284 3284 4675
1.9885636613877864 0.002697609428507406 0.008365895510743014 4.3161750856118496e-07 0.00256604924045009 5349 4680 2650
1.987669395850074 0.0038056901806555275 0.010759645099631345 6.089104289048845e-07 0.003620089807760943 3089 3089 4964
1.9901693451207356 0.003614462782641982 0.010368435984817374 5.783140452227172e-07 0.0034381884123104492 2936 2936 4885
1.9855504049895083 0.004312665348136417 0.011802828970011657 6.900264557018267e-07 0.00410234021424814 3168 3168 4921
1.998660579367385 0.0036251425784173683 0.010435468351023831 5.800228125467789e-07 0.0034483473632497463 2927 2927 4988
1.9718598872556643 0.0034385447904734766 0.009900967168516527 5.501671664757563e-07 0.003270849795602223 3213 3211 4712
1.666571258172179 0.0034119143604628846 0.008320234122969054 5.459062976740616e-07 0.0032455181097104857 4977 4976 3537
1.7194907369079522 0.003762888117894595 0.00922993176821385 6.020620988631352e-07 0.003579375166317033 4501 4501 3965
1.9462497625861823 0.0029865077838192996 0.008813543276104957 4.77841245411088e-07 0.002840858261126424 4260 4171 3615
1.9893063669144389 0.003346998504399055 0.009791950614354675 5.355197607038488e-07 0.003183768146433583 3318 3312 4628
1.9893063669144389 0.003346998504399055 0.009791950614354675 5.355197607038488e-07 0.003183768146433583 3318 3312 4628
1.9825740766014597 0.004082008612935408 0.011308741913211868 6.531213780696654e-07 0.003882932417881291 3059 3059 4982
1.9716145368825475 0.004593909286577364 0.012292008347993337 7.350254858523782e-07 0.004369868117654414 3270 3270 4780
1.9742338745315773 0.003770991248688145 0.010614318808935617 6.033585997901033e-07 0.003587083114101588 3158 3158 4905
1.9957148368209716 0.0037222858333813913 0.010626607498500903 5.955657333410226e-07 0.0035407530217490962 2999 2999 4929
1.990060745777285 0.004671573148241811 0.012565405334038873 7.474517037186898e-07 0.004443744376807595 3321 3321 4831
1.9288241055304358 0.0035608581291156453 0.009938257870978835 5.697373006585033e-07 0.0033871980135476622 3338 3338 4692
1.9931718523714315 0.004367021080034358 0.011960371548591012 6.987233728054974e-07 0.0041540450619094995 3121 3121 4930
1.9788445463440734 0.00457327867162711 0.01229517140172134 7.317245874603377e-07 0.004350243640788463 3378 3378 4742
1.993200058038467 0.00396257094678879 0.011119582613664213 6.340113514862064e-07 0.003769319628254351 3083 3083 4984
1.9646214296588131 0.002677006485207625 0.008219700591765248 4.2832103763322004e-07 0.0025464510857110285 5539 4807 2527
1.0565148679218943 0.003471163843695023 0.005341992837285316 5.553862149912038e-07 0.003301878044487631 9236 9236 801
1.6092929591063867 0.0031945793076314554 0.007654939568368422 5.111326892210329e-07 0.0030387823082457634 5764 5760 3016
1.9838236650095862 0.00284820916325069 0.008679783296015943 4.557134661201104e-07 0.002709304350276649 4740 4449 3236
1.9699210830859686 0.0036890284729446847 0.010419576165337405 5.902445556711497e-07 0.0035091175953652232 3058 3058 4906
1.5894387169813693 0.003451307708068765 0.008002625238601584 5.522092332910024e-07 0.0032829902762274844 5475 5474 3284
1.9131974223439427 0.002620660168833726 0.007883150997211407 4.193056270133962e-07 0.002492852732737668 6003 5005 2258
1.9553479527464321 0.003510167279896237 0.009968652604464927 5.61626764783398e-07 0.003338979315257746 3308 3308 4656
1.996483377902121 0.0036862254350377823 0.010554115564945317 5.897960696060452e-07 0.00350645125930636 2857 2857 4957
1.4910853825577566 0.003812553357343273 0.008082373353631267 6.100085371749237e-07 0.003626618272979278 6232 6232 2954
1.956877076508906 0.0033423040894485535 0.009622382147130687 5.347686543117686e-07 0.003179302674230383 3373 3367 4543
1.9926620189487525 0.0038056901806555275 0.010786671149723055 6.089104289048845e-07 0.003620089807760943 3013 3013 4942
1.9920563466066021 0.003638228515276015 0.010428808557120217 5.821165624441624e-07 0.003460795109755173 2812 2812 4990
1.4701676538276605 0.0035195626189407003 0.007509955676996773 5.631300190305121e-07 0.003347916451362048 6537 6537 2681
1.9645790465999982 0.0031965854568612832 0.009349230887293513 5.114536730978054e-07 0.00304069061923142 3760 3743 4329
1.5304033509666168 0.00392402231660645 0.008475649929710985 6.278435706570322e-07 0.003732650982988489 6006 6006 3129
1.9853390627967484 0.003720896484978169 0.010568427597272499 5.953434375965071e-07 0.003539431430722191 3096 3096 4937
1.9904459746611183 0.004058467117776648 0.011304578873947677 6.493547388442638e-07 0.003860539022035022 3097 3097 4982
1.8577262217065482 0.0037065449256644825 0.009860765421118706 5.930471881063173e-07 0.0035257797851255433 3579 3579 4583
1.969818291694457 0.003473849632085779 0.00996556367068913 5.558159411337246e-07 0.0033044328491925955 3144 3144 4795
1.5211912941743309 0.004003426604134606 0.008551671801984137 6.40548256661537e-07 0.003808182788870723 6106 6106 3087
1.148993322403925 0.004082008612935408 0.0065539386883054825 6.531213780696654e-07 0.003882932417881291 8975 8975 958
1.9764906200366892 0.0034902038265246004 0.01003406504263237 5.584326122439361e-07 0.003319989463050196 3211 3211 4792
1.9691658821398728 0.0035749522223071295 0.010175828843726423 5.719923555691408e-07 0.0034006047494326464 3123 3123 4811
1.9897928897913895 0.003597579844812693 0.010330577288102782 5.75612775170031e-07 0.0034221288414416663 2927 2927 4910
1.990060745777285 0.0038699968181464244 0.010907916121773975 6.19199490903428e-07 0.003681260263552506 3092 3092 5000
1.941053952646865 0.0035818705263839902 0.010044926465243466 5.730992842214385e-07 0.003407185653522773 3276 3276 4782
1.9307245910523632 0.0034423318584382015 0.009702296912067135 5.507730973501123e-07 0.003274452171384173 3372 3371 4635
1.9744491843475336 0.00457327867162711 0.012267861662196873 7.317245874603377e-07 0.004350243640788463 3378 3378 4791
1.2969729712432152 0.004070228986056266 0.007382031484425299 6.512366377690026e-07 0.0038717272736945242 8139 8139 1670
1.986136314714099 0.0031263486541110268 0.009299396000920057 5.002157846577644e-07 0.0029738792074516717 3675 3643 4249
1.9877976684540706 0.003950083989044925 0.011063329862007004 6.32013438247188e-07 0.003757441649146046 3205 3205 4910
1.952775372739601 0.0037439341149875125 0.010442878117206384 5.990294583980021e-07 0.003561345534507021 3233 3233 4865
1.9898232445427855 0.003490855695061819 0.010103144570497522 5.58536911209891e-07 0.0033206095404962215 3070 3070 4817
1.9907403623294255 0.0036890284729446847 0.010529696346113783 5.902445556711497e-07 0.0035091175953652232 3040 3040 4902
1.98944821169468 0.0037104420149973857 0.010568188313694854 5.936707223995818e-07 0.003529486816624241 3009 3009 4942
1.9958522648577293 0.0034394256611216282 0.010023329800423612 5.503081057794606e-07 0.003271687706915009 3074 3070 4816
1.2236240757218888 0.0037974499319562895 0.006613038410432158 6.075919891130063e-07 0.003612251429197927 8653 8653 1372
1.9833987169343363 0.0028361154790568655 0.008651235553018284 4.537784766490985e-07 0.0026978004650915436 4851 4519 3145
1.9694263311589264 0.0033322633240659653 0.00966268052179958 5.331621318505545e-07 0.0031697515886984114 3335 3328 4519
1.9931492897703293 0.0033423040894485535 0.009800740359566953 5.347686543117686e-07 0.003179302674230383 3317 3309 4696
1.471445225987083 0.003540111790498006 0.0075489090213323356 5.66417886479681e-07 0.0033674634567621865 6515 6515 2778
1.955776586977446 0.003690696947827152 0.010348234649243053 5.905115116523444e-07 0.003510704700103078 3284 3284 4878
1.9741863211671444 0.004814561300653854 0.012753349965237366 7.703298081046168e-07 0.00457975911489861 3528 3528 4730
1.522761531786532 0.003942485420830788 0.008462936110464283 6.307976673329261e-07 0.003750213656839842 6020 6020 3145
1.9889187702046076 0.003902307311273099 0.010969469084873736 6.24369169803696e-07 0.0037119950005645077 3052 3052 4964
1.9986820699934118 0.003720896484978169 0.010639455568328071 5.953434375965071e-07 0.003539431430722191 2983 2983 4948
1.998193884169315 0.0034626145699560885 0.010084971765748385 5.540183311929742e-07 0.003293745711781361 3011 3009 4818
1.9820997813308106 0.003752808977351041 0.010618371785484106 6.004494363761667e-07 0.003569787577149062 3128 3128 4949
1.9665545471635966 0.003297764085068127 0.009575054895360847 5.276422536109004e-07 0.0031369348491470926 3364 3353 4504
1.9961105115228979 0.002954884980741446 0.008969631628375859 4.727815969186314e-07 0.002810777676086459 4294 4156 3616
1.9982734956320494 0.0029937292951897603 0.00906504906292641 4.789966872303617e-07 0.0028477275853403907 4076 3975 3816
1.9764906200366892 0.0036297475996542984 0.010329430163589622 5.807596159446877e-07 0.0034527278013970946 3009 3008 4862
1.9691658821398728 0.004554483474300671 0.012197010967072056 7.287173558881073e-07 0.004332365069741837 3340 3340 4733
1.9510811975847422 0.003321893397089537 0.009550756775774005 5.31502943534326e-07 0.0031598873945121865 3461 3454 4484
1.9900110504030373 0.0038328948771505405 0.010829615202860857 6.132631803440866e-07 0.0036459677536340527 3093 3093 5001
1.986750024153971 0.0035919008116436927 0.010302716411334765 5.747041298629909e-07 0.0034167267700388137 2916 2916 4897
1.9885195558843074 0.003990025146687908 0.011150859027044206 6.384040234700653e-07 0.0037954349094562246 3159 3159 4947
1.9744491843475336 0.0042031407145480615 0.01151209698334215 6.725025143276899e-07 0.0039981570067533926 3192 3192 4943
1.7426243539953237 0.00396257094678879 0.00972168116827351 6.340113514862064e-07 0.003769319628254351 4583 4583 4079
1.9665748983418552 0.0034352798732404915 0.009867513660826575 5.496447797184787e-07 0.00326774410569126 3200 3198 4699
1.9926594451401916 0.003950083989044925 0.011090388671888697 6.32013438247188e-07 0.003757441649146046 3054 3054 4953
1.6416746227717283 0.003533638459152653 0.008410838474625808 5.653821534644245e-07 0.003361305824450264 5063 5063 3560
1.0081408832224406 0.0030727277119476136 0.004661006363948559 4.916364339116183e-07 0.0029228733144352113 8970 8958 1099
1.0468026809319884 0.003806471615519085 0.00566741485933441 6.090354584830537e-07 0.0036208331326903795 9252 9252 646
1.98944821169468 0.003541693974555049 0.010209777290096774 5.666710359288079e-07 0.0033689684790070397 2984 2984 4800
1.971344614985473 0.003199405662111212 0.009387490328773389 5.119049059377939e-07 0.003043373285396142 3729 3712 4302
1.9947981178357987 0.0038371010302508295 0.010864539898884138 6.139361648401328e-07 0.0036499687761149774 3044 3044 4918
1.992292267927053 0.0037224859513418232 0.010608807068627216 5.955977522146918e-07 0.0035409433801215644 3066 3066 4913
1.9626927514065855 0.003510556207962998 0.01000691687681276 5.616889932740798e-07 0.003339349275623304 3212 3211 4709
1.9931492897703293 0.003660253136696774 0.010481345259446696 5.856405018714839e-07 0.0034817456085452112 2843 2843 4922
1.9741603151858798 0.003579326172675577 0.010210877573398143 5.726921876280924e-07 0.003404765385847285 3013 3013 4883
1.6202463546582657 0.0035811869263486515 0.008383566809514431 5.729899082157843e-07 0.003406535392097634 5311 5311 3445
1.9943871451343063 0.0036536080041558432 0.010473726279721306 5.84577280664935e-07 0.0034754245536403948 2900 2900 4985
1.9884095543112084 0.0034368627069235316 0.009980462216777463 5.498980331077651e-07 0.003269249745880385 3067 3063 4778
1.9882941100892315 0.003252593959981875 0.009583358804276987 5.204150335971e-07 0.00309396763382536 3500 3490 4613
1.9986820699934118 0.0037418628342066173 0.010683977761104529 5.986980534730588e-07 0.0035593752683823515 2979 2979 4923
1.9868412760244587 0.0034626145699560885 0.010027674656836415 5.540183311929742e-07 0.003293745711781361 3066 3066 4745
1.9935785526390712 0.003738685990815049 0.010649970720589014 5.98189758530408e-07 0.0035563533570241637 3034 3034 4968
1.9909324140876057 0.0035176791974641224 0.010166118719947995 5.628286715942596e-07 0.0033461248827982852 3054 3054 4828
1.9926075280299682 0.0035802346480805205 0.010308228186051396 5.728375436928833e-07 0.00340562955565563 2900 2900 4923
1.1068432528743233 0.004082008612935408 0.006313511728445651 6.531213780696654e-07 0.003882932417881291 9093 9093 779
1.9764906200366892 0.003603574328627384 0.010274178574171643 5.765718925803815e-07 0.0034278309792222603 3059 3059 4876
1.5279747094157425 0.0037124869555324146 0.008120108283447468 5.939979128851864e-07 0.0035314320270951206 5875 5875 3145
1.9897928897913895 0.003717785606999399 0.010585556204713286 5.948456971199039e-07 0.003536472267697998 3064 3064 4928
1.990060745777285 0.0035003704358080624 0.010124690351380642 5.600592697292901e-07 0.0033296602551797358 3043 3043 4798
1.9954339084014137 0.0034875458675230177 0.010124535398991373 5.580073388036829e-07 0.0033174611305180355 2956 2954 4812
1.9939252897115134 0.0037737910347380946 0.010726108542482817 6.038065655580952e-07 0.0035897463568938816 2952 2952 4981
1.99056311928344 0.0034631341643219567 0.010047571759194513 5.541014662915131e-07 0.0032942399659583324 3098 3096 4757
1.993200058038467 0.0036544930883369202 0.010469373112291198 5.847188941339072e-07 0.003476266472995578 2895 2895 4938
1.9814003180474509 0.003801288647671352 0.010716473221005154 6.082061836274164e-07 0.0036159029339120075 3086 3086 4943
1.9897324419654145 0.0035535510972942684 0.010236515936212 5.68568175567083e-07 0.0033802473396446716 2932 2932 4824
1.827567527320579 0.00381394213337606 0.009908949199807619 6.102307413401696e-07 0.0036279393195497813 3829 3829 4493
1.9899515483540569 0.003714751267166229 0.010579980584589888 5.943602027465967e-07 0.0035335859101171367 3047 3047 4964
1.9924320623883514 0.0035986966837840365 0.0103466580159657 5.757914694054459e-07 0.0034231912130970417 2949 2949 4903
1.9935346840165502 0.003849818775259888 0.010884461851107958 6.159710040415822e-07 0.003662066287183801 3100 3100 4964
1.9958522648577293 0.0035785389532715043 0.01032139299449298 5.725662325234408e-07 0.0034040165584846055 2988 2988 4895
1.9947981178357987 0.0037910444970260995 0.010767287123823507 6.06567119524176e-07 0.0036061583820489705 2945 2945 4942
1.9943141906520712 0.003355031001695195 0.009833931919564299 5.368049602712313e-07 0.003191408905458171 3279 3273 4677
1.9947459597088883 0.003696044096185163 0.010565777866856373 5.913670553896261e-07 0.003515791072443584 2984 2984 4909
1.968278814113161 0.003660253136696774 0.01035055924985507 5.856405018714839e-07 0.0034817456085452112 2964 2964 4904
1.9948357161670407 0.0034760209438687685 0.010096787500250805 5.56163351019003e-07 0.0033064982678898468 3023 3021 4803
1.996483377902121 0.0033260201363492703 0.009781931430512581 5.321632218158833e-07 0.003163812876100095 3271 3260 4692
1.9907858829825948 0.0036060797246116128 0.010353818167293012 5.769727559378581e-07 0.003430214189109657 2932 2932 4936
1.9901693451207356 0.003664314853443566 0.010474290055017075 5.862903765509706e-07 0.003485609238714533 2858 2858 4973
1.9920856818819588 0.0036349002038936692 0.010421887199628561 5.815840326229871e-07 0.003457629117375254 2889 2889 4947
1.9986820699934118 0.003652878124021066 0.010494726080872981 5.844604998433706e-07 0.003474730269158114 2866 2866 4994
1.9923471881113772 0.003738225689051553 0.010642418556419205 5.981161102482486e-07 0.0035559155037982243 3045 3045 4991
1.4639028303669763 0.0036807288176281963 0.007730139237100213 5.889166108205115e-07 0.00350122270739671 6386 6386 2773
1.9942242646709494 0.0037034068872034845 0.010578636974821119 5.925451019525575e-07 0.00352279478621345 2953 2953 4960
1.9926075280299682 0.0035891111022881292 0.010327147407815858 5.742577763661008e-07 0.003414073112508828 2959 2959 4928
1.991883590806935 0.004082008612935408 0.011361844036723728 6.531213780696654e-07 0.003882932417881291 3034 3034 4968
1.9944790871820197 0.0036297475996542984 0.010423440533911678 5.807596159446877e-07 0.0034527278013970946 2990 2990 4927
1.9691658821398728 0.0036488963777199434 0.01033138078608161 5.83823420435191e-07 0.00347094270934175 3089 3089 4914
1.979157478561477 0.00357645923671156 0.010230652958631474 5.722334778738496e-07 0.003402038267986878 2989 2989 4817
1.9936914843788054 0.0036811836942436836 0.01052865407664941 5.889893910789895e-07 0.0035016554000546368 2931 2931 4929
1.9946144047565257 0.0036659624307538883 0.010501186522993058 5.865539889206222e-07 0.00348717646503761 2823 2823 4944
1.9898036334469547 0.003589919954950631 0.010314336744482757 5.74387192792101e-07 0.003414842518093756 2965 2965 4866
1.9907484601773793 0.0036147406165418193 0.01037204386617722 5.783584986466912e-07 0.003438452696480024 2912 2912 4916
1.348839338972068 0.003577148967203188 0.006973410443742418 5.723438347525101e-07 0.0034026943608910076 7587 7587 2021
1.8911650439007746 0.003669726158670135 0.00996413364564458 5.871561853872217e-07 0.0034907566390460056 3408 3408 4599
1.993593526924963 0.0036735591062642993 0.010511947478970149 5.877694570022879e-07 0.0034944026569456873 2842 2842 4955
1.4574707720841606 0.003640529275739766 0.007633725162717992 5.824846841183626e-07 0.0034629836640277358 6438 6438 2683
1.9926826858364854 0.003696559598348792 0.01055594223099565 5.914495357358067e-07 0.003516281433991646 3027 3027 4909
1.9923693911601048 0.0036844653573684964 0.010528634062633593 5.895144571789595e-07 0.0035047770191740874 2932 2932 4965
1.9906020961935609 0.003541693974555049 0.010215698984204125 5.666710359288079e-07 0.0033689684790070397 2952 2952 4825
1.7932058969393245 0.0036722638783625973 0.009452856536833839 5.875622205380156e-07 0.0034931705962410317 4113 4113 4312
1.994781842991388 0.003570724865558741 0.010299176432545106 5.713159784893986e-07 0.00339658355738806 2916 2916 4867
1.9959328331232329 0.0034604763088012646 0.010068968052569162 5.536762094082024e-07 0.0032917117318603853 3067 3065 4803
1.9947459597088883 0.0035412706120866826 0.010236059975043623 5.666032979338693e-07 0.003368565763577257 2966 2966 4842
1.9756935878759743 0.0035039441209349428 0.010059177589232306 5.606310593495909e-07 0.0033330596546289407 3074 3074 4751
1.9900148266386843 0.0036453749505005037 0.010433292381235424 5.832599920800806e-07 0.003467593019224918 2851 2851 4938
1.9833713824077575 0.003993620353368901 0.011129480791182358 6.389792565390242e-07 0.003798854780871091 3095 3095 4948
1.9911600984634146 0.0036168648913337802 0.01037870634236719 5.786983826134049e-07 0.0034404733721415236 2917 2917 4929
1.9955979859473283 0.003657719428930701 0.010488832408414805 5.852351086289122e-07 0.0034793354676182307 2800 2800 4988
1.9920856818819588 0.003718999865436926 0.010600325177476028 5.950399784699081e-07 0.003537627307752498 3030 3030 4938
1.9967550927679696 0.0036145685133183274 0.010402972091618777 5.783309621309325e-07 0.003438288986588868 3000 3000 4957
1.9941087765783978 0.003537413263335296 0.010224544862471143 5.659861221336474e-07 0.003364896534544675 3031 3031 4849
1.993968112594155 0.003588774744217667 0.010333481693524924 5.742039590748268e-07 0.0034137531583441857 2945 2945 4910
1.995066179159919 0.0037034068872034845 0.010583103026057398 5.925451019525575e-07 0.00352279478621345 2977 2977 4974
1.9949408051489053 0.0036781218329150532 0.010528746756414301 5.884994932664086e-07 0.0034987428631789623 2849 2849 5015
1.9881567291658973 0.0037546773321200343 0.010654762269268273 6.007483731392056e-07 0.0035715648137961474 3080 3080 4901
1.9944790871820197 0.003673785390223612 0.010517097681233446 5.878056624357779e-07 0.0034946179052228418 2825 2825 5005
1.990060368712789 0.0037401993983164706 0.010634374805525221 5.984319037306353e-07 0.003557792956889317 3013 3013 5020
1.9936951839250971 0.0036732559938764857 0.010511839754441131 5.877209590202377e-07 0.003494114327099157 2829 2829 4980
1.99533398849578 0.0036475282286393407 0.010465762350965514 5.836045165822946e-07 0.0034696412837639766 2868 2868 4994
1.5683337978601946 0.0036659624307538883 0.008256917077491146 5.865539889206222e-07 0.00348717646503761 5781 5781 3305
1.9604563919052724 0.003716830183000931 0.010427496818258672 5.946928292801491e-07 0.0035355634389403327 3275 3275 4905
1.9907484601773793 0.0038367940610902276 0.010841837468942855 6.138870497744365e-07 0.0036496767775872877 3142 3142 4982
1.9963183677002694 0.0036355938574935296 0.010445508824111722 5.816950171989648e-07 0.003458288942060863 2958 2958 4922
1.9958138322434218 0.003801288647671352 0.010794429218839005 6.082061836274164e-07 0.0036159029339120075 2999 2999 4938
1.993595372792335 0.003778382340494538 0.010734039205970356 6.045411744791262e-07 0.0035941137484534207 2986 2986 4942
1.952775372739601 0.0036735299728675305 0.010296658301436298 5.87764795658805e-07 0.0034943749443606636 3327 3327 4845
1.9965690823015723 0.003696559598348792 0.010576529842291616 5.914495357358067e-07 0.003516281433991646 2960 2960 4906
1.9960438153185196 0.0036831260495991235 0.010545205068685597 5.893001679358598e-07 0.0035035030283405706 2823 2823 4990
1.9960285581822628 0.0037293535663483323 0.010643270183962055 5.966965706157332e-07 0.0035474760672055163 3034 3034 4875
1.9942981385308904 0.0035785389532715043 0.010313355952440904 5.725662325234408e-07 0.0034040165584846055 2956 2956 4923
1.995373106074502 0.003570724865558741 0.010302229158752955 5.713159784893986e-07 0.00339658355738806 2944 2944 4889
1.9947718935797814 0.0036575083405827333 0.010484041604096614 5.852013344932373e-07 0.0034791346738749823 2842 2842 4983
1.9979842912415569 0.003576034108258657 0.01032706352203431 5.721654573213851e-07 0.0034016338726981683 2998 2998 4879
1.9953517166753751 0.003660253136696774 0.010492927129866015 5.856405018714839e-07 0.0034817456085452112 2828 2828 4958
1.9988143724754495 0.003584345363701654 0.01034912748599763 5.734952581922647e-07 0.0034095397950645837 2991 2991 4889
1.995146763616853 0.003665008778432801 0.010501961698540853 5.864014045492482e-07 0.0034862693215540782 2842 2842 4969
1.993814600482287 0.0037038522386318683 0.010577408443010557 5.92616358181099e-07 0.0035232184182197963 2988 2988 4941
1.9949267243024298 0.0036749157219523165 0.010521860088892747 5.879865155123707e-07 0.0034956931116049243 2787 2787 4993
1.9949432619843521 0.0036867861162481483 0.010547164771934412 5.898857785997038e-07 0.0035069845965562934 2927 2927 4926
1.9920413462078126 0.0035521884663483718 0.010245486641442807 5.683501546157395e-07 0.003378951163086724 2906 2906 4827
1.9951179141802515 0.003670479435082379 0.010513439696724417 5.872767096131807e-07 0.003491473178788586 2838 2838 4957
1.9998627432024372 0.003588774744217667 0.010364029853796919 5.742039590748268e-07 0.0034137531583441857 3019 3019 4896
1.3115169788733265 0.0037034068872034845 0.006957122251295194 5.925451019525575e-07 0.00352279478621345 7786 7786 1825
1.956023532876766 0.0036781218329150532 0.010323352138616007 5.884994932664086e-07 0.0034987428631789623 3242 3242 4889
1.9952091491982589 0.003578776004589667 0.010318573225113358 5.726041607343467e-07 0.0034042420490053944 2912 2912 4936
1.9986892539908347 0.003633855753814387 0.01045420699705968 5.81416920610302e-07 0.003456635604265348 2903 2903 4963
1.9961953340306435 0.0037401993983164706 0.010667158494721125 5.984319037306353e-07 0.003557792956889317 2980 2980 4953
1.9988244061098444 0.00373104989791586 0.010661780888654012 5.969679836665376e-07 0.0035490896700808637 2905 2905 4977
1.9935999183620061 0.003645483629314065 0.010452319474456608 5.832773806902504e-07 0.003467696397862331 2862 2862 4953
1.9950124921801857 0.003693738139167642 0.01056229383021134 5.909981022668228e-07 0.003513597575048895 2924 2924 4938
1.9959510655671995 0.0036040621230456673 0.010376378206929184 5.766499396873068e-07 0.0034282949843088763 2968 2968 4943
1.9926409797423323 0.0036147406165418193 0.010381904125440483 5.783584986466912e-07 0.003438452696480024 2970 2970 4947
1.9935995344296962 0.0036775058269277582 0.010520359957103067 5.884009323084414e-07 0.0034981568992958636 2938 2938 4910
1.9958138322434218 0.003660002903850842 0.010494824918366402 5.856004646161348e-07 0.0034815075793488957 2838 2838 4981
1.995377946632905 0.0036676263724502167 0.010508744319103801 5.868202195920347e-07 0.0034887592576690763 2851 2851 4971
1.9928555187999395 0.0037439341149875125 0.01065721515057482 5.990294583980021e-07 0.003561345534507021 3059 3059 4978
1.997028823172781 0.003863574861848849 0.01093256502262928 6.181719778958159e-07 0.0036751515007696317 3075 3075 4998
1.9905293225475114 0.0036151170663921038 0.010371702523917397 5.784187306227366e-07 0.0034388107871814355 2931 2931 4890
1.9934195956590957 0.0037633338688168516 0.010701277685088844 6.021334190106964e-07 0.003579799178334266 2995 2995 4977
1.9906290480079738 0.0036403238556838866 0.010425786580046791 5.82451816909422e-07 0.003462788262138644 2814 2814 4956
1.991588343917047 0.0036486242123947325 0.010448443895727438 5.837798739831572e-07 0.003470683817295091 2830 2830 4947
1.9940949694673002 0.003648140288220683 0.010460565228202906 5.837024461153093e-07 0.003470223493704087 2845 2845 4954
1.9981112098671887 0.0035412706120866826 0.010253328791798822 5.666032979338693e-07 0.003368565763577257 2969 2969 4902
1.9976278694387377 0.003660253136696774 0.010504896701387071 5.856405018714839e-07 0.0034817456085452112 2883 2883 5007
1.995721312719936 0.0036453749505005037 0.010463210468758274 5.832599920800806e-07 0.003467593019224918 2878 2878 4960
1.9951110616369072 0.003804386492555407 0.010797173912718451 6.087018388088652e-07 0.003618849699454772 2993 2993 4945
1.9943871451343063 0.0036131528247307435 0.010387619268316078 5.78104451956919e-07 0.00343694233996668 2958 2958 4922
1.997027287518563 0.0036620906118634356 0.010505649564999563 5.859344978981498e-07 0.0034834934715627145 2846 2846 5009
1.9996276850990746 0.0036913731438131857 0.010581694972654754 5.906197030101098e-07 0.003511347918568295 2814 2814 5029
1.997725494520881 0.0035955109602137025 0.010367343196920117 5.752817536341924e-07 0.0034201608546390854 2965 2965 4925
1.993775011772754 0.0036405672847260716 0.010442781153645051 5.824907655561715e-07 0.0034630198193471118 2864 2864 4985
1.993968112594155 0.003638588441112955 0.010439582775454224 5.821741505780728e-07 0.00346113748230575 2887 2887 4953
1.9991069664994172 0.003781440444893993 0.010770196269276545 6.050304711830389e-07 0.003597022711622258 2983 2983 4934
1.9906526512053344 0.0036781218329150532 0.010506115063880944 5.884994932664086e-07 0.0034987428631789623 2912 2912 4989
1.9952091491982589 0.0036891252729487458 0.010553538857185643 5.902600436717994e-07 0.003509209674512884 2935 2935 4919
1.994836596455629 0.003648641133975671 0.010465521160055261 5.837825814361075e-07 0.003470699913624476 2885 2885 4996
1.9937482800127126 0.0036703122998846096 0.01050586727656225 5.872499679815376e-07 0.003491314194636634 2795 2795 4995
1.9968274642380737 0.0036732559938764857 0.010528354831059404 5.877209590202377e-07 0.003494114327099157 2823 2823 4997
1.9949540178754477 0.0036697401003697077 0.010511004608497541 5.871584160591533e-07 0.003490769900820382 2826 2826 4963
1.995123561794939 0.0036659624307538883 0.010503867117807335 5.865539889206222e-07 0.00348717646503761 2853 2853 4965
1.9947882537965858 0.0037737910347380946 0.010730750765786024 6.038065655580952e-07 0.0035897463568938816 3000 3000 4965
1.9968995501851254 0.003612652726975054 0.010399638155705947 5.780244363160087e-07 0.00343646663156628 2932 2932 4936
1.9956249313047478 0.003608336070302585 0.010383796787671798 5.773337712484137e-07 0.003432360494681297 2999 2999 4948
1.8991854594315192 0.0037232118981415556 0.010114485664987957 5.95713903702649e-07 0.003541633923094308 3525 3525 4662
1.99877501845419 0.0036735591062642993 0.010539268778965528 5.877694570022879e-07 0.0034944026569456873 2894 2894 4975
1.9928555187999395 0.0036937702075366284 0.010550942073471231 5.910032332058606e-07 0.0035136280794699614 2967 2967 4928
1.9998846395004661 0.0037106441699981075 0.010624057814433133 5.937030671996973e-07 0.003529679112692225 2953 2953 4972
1.9960438153185196 0.003680317111115672 0.01053923470761531 5.888507377785076e-07 0.0035008310794714115 2856 2856 4974
1.9906020961935609 0.003728875900744618 0.010613324747783091 5.966201441191389e-07 0.003547021696959532 3105 3105 4941
1.9906290480079738 0.0036759850943632235 0.010501460236945936 5.881576150981158e-07 0.003496710331604887 2902 2902 4997
1.9895723751847487 0.003624977722910098 0.010387666563475267 5.799964356656157e-07 0.003448190547609667 2788 2788 4939
1.9981333091533704 0.003702101567580716 0.010596598355255202 5.923362508129146e-07 0.0035215531259526448 2986 2986 4946
1.9937422843447843 0.0036685176288507896 0.010502023385011963 5.869628206161264e-07 0.003489607048229699 2794 2794 5003
1.996671854863946 0.0036705807706307056 0.01052184388184006 5.872929233009129e-07 0.0034915695722857565 2798 2798 4970
1.9976918500359369 0.0036453749505005037 0.010473541644029314 5.832599920800806e-07 0.003467593019224918 2920 2920 4951
1.993435091207528 0.0036507290054133288 0.010462606902158403 5.841166408661326e-07 0.003472685961293254 2846 2846 4956
1.9923033088758317 0.0036519181844469886 0.010459193076800412 5.843069095115183e-07 0.00347381714504574 2871 2871 4924
1.9938565600048324 0.0036918348916102533 0.010552135066053667 5.906935826576405e-07 0.0035117871473059393 2978 2978 4926
1.9980491642258313 0.0036913731438131857 0.010573341704437324 5.906197030101098e-07 0.003511347918568295 2900 2900 4946
1.9956437287226652 0.0036777165959516727 0.01053159529015312 5.884346553522676e-07 0.0034983573892882285 2844 2844 4985
1.9937702513596978 0.003675925555320889 0.010517905053581992 5.881480888513423e-07 0.0034966536962325666 2918 2918 4950
1.9970390801360907 0.003638588441112955 0.010455661076632804 5.821741505780728e-07 0.00346113748230575 2885 2885 4917
1.9958058924576805 0.0036861073091916793 0.01055028314382293 5.897771694706687e-07 0.0035063388943603947 2878 2878 4988
1.9955251675785521 0.0036699004074441923 0.010514354707066685 5.871840651910708e-07 0.0034909223898509927 2833 2833 4971
1.3926166409004348 0.003578776004589667 0.007202160630336322 5.726041607343467e-07 0.0034042420490053944 7170 7170 2305
1.9978773359210193 0.0037010654506481897 0.010593038583819974 5.921704721037103e-07 0.0035205675395887964 2997 2997 4934
1.9957378856114805 0.0036757411317348224 0.010527893045847876 5.881185810775717e-07 0.0034964782668327633 2872 2872 4975
1.9955696389413364 0.0036842528158890784 0.010545094112260246 5.894804505422525e-07 0.003504574843167412 2875 2875 4988
1.9972636085657194 0.0036916586551013954 0.010569791625330562 5.906653848162233e-07 0.0035116195057063393 2893 2893 4962
1.9987194020533483 0.0037121089808560435 0.010620981087956807 5.93937436936967e-07 0.0035310724859321336 2929 2929 4945
1.9974674826957282 0.003702498775613714 0.010593911382592254 5.923998040981943e-07 0.0035219309624773118 3012 3012 4932
1.999246282176972 0.003702662122081031 0.010603692968189882 5.92425939532965e-07 0.0035220863426720715 2951 2951 4990
1.9927461795820482 0.0036698979174984462 0.010499707026713379 5.871836667997515e-07 0.003490920021337849 2905 2905 4930
1.9956516647649012 0.003687172531214358 0.010551731023187896 5.899476049942973e-07 0.0035073521663831417 2918 2918 4943
1.9977134091098625 0.0036374679769247175 0.010456803263144696 5.819948763079549e-07 0.0034600716622323197 3007 3007 4933
1.9949433306135371 0.0036937702075366284 0.010561995750618303 5.910032332058606e-07 0.0035136280794699614 2941 2941 4925
1.9998846395004661 0.0036650549077478023 0.010526999022568609 5.864087852396484e-07 0.0034863132011804143 2880 2880 4979
1.9985485997668408 0.0037022481666515276 0.01059911243954552 5.923597066642445e-07 0.003521692575507622 2945 2945 4962
1.9906020961935609 0.0036962261986317815 0.010544214382552736 5.913961917810851e-07 0.003515964293903997 2962 2962 4947
1.9920665045194839 0.0036649024830381913 0.010485522320004867 5.863843972861106e-07 0.0034861682100982396 2836 2836 4939
1.9929047836282194 0.0035337002062703054 0.010210437933054404 5.653920330032489e-07 0.00336136456021189 3027 3027 4862
1.9949267243024298 0.003699817161717767 0.010574744533045426 5.919707458748428e-07 0.0035193801286804854 3017 3017 4938
1.9960235888491402 0.003684058668909849 0.010547080291517867 5.894493870255759e-07 0.0035043901645763153 2843 2843 4978
1.9922537501574826 0.003662543303670456 0.010481498902157813 5.86006928587273e-07 0.003483924085963482 2850 2850 4934
1.9932992856669964 0.0036597789615374077 0.01048112657162074 5.855646338459853e-07 0.0034812945585174803 2826 2826 4937
1.9919614309802134 0.003663660836991418 0.010482333441192603 5.861857339186269e-07 0.0034849871181056183 2863 2863 4942
1.9978237231513472 0.003700802229897635 0.010592194840006116 5.921283567836217e-07 0.003520317155897261 2995 2995 4939
1.993041530422019 0.003657719428930701 0.010475395717381162 5.852351086289122e-07 0.0034793354676182307 2851 2851 4940
1.991328697217347 0.00367977946206697 0.01051319843907605 5.887647139307152e-07 0.003500319651123604 2924 2924 4978
1.9956582294926297 0.0036859494181211315 0.01054916709932096 5.89751906899381e-07 0.0035061887035072008 2890 2890 4980
1.9955154175526375 0.0036816381902338158 0.010539252022804984 5.890621104374106e-07 0.0035020877306499933 2838 2838 5002
1.9971286472628909 0.003694053117148703 0.0105741669687417 5.910484987437925e-07 0.003513897191813471 2935 2935 4962
1.9960190176975683 0.0036861073091916793 0.010551409772236248 5.897771694706687e-07 0.0035063388943603947 2886 2886 4973
1.9962675633849438 0.003685174653689789 0.010550741427053006 5.896279445903663e-07 0.0035054517236984975 2847 2847 4969
1.9939700721539668 0.0037412996526945894 0.010657597170107152 5.986079444311344e-07 0.0035588395527684077 3011 3011 4989
1.9944790871820197 0.0036627963924189275 0.01049374466613412 5.860474227870284e-07 0.0034841648317823245 2867 2867 4952
1.9940027140214474 0.0037291242841009913 0.010631982141008349 5.966598854561587e-07 0.0035472579668643692 3011 3011 4919
1.9962981525610424 0.0036767609378346913 0.010533016962264951 5.882817500535506e-07 0.003497448337829817 2859 2859 4985
1.989633245847105 0.003660771483695471 0.010463954759620133 5.857234373912754e-07 0.00348223867618808 2866 2866 4947
1.994260639924291 0.0036726673780359056 0.010513570665942605 5.87626780485745e-07 0.003493554417567897 2805 2805 5014
1.9965987817284825 0.0036750692663380536 0.010531005584278509 5.880110826140886e-07 0.0034958391677575437 2814 2814 5013
1.9963280986858116 0.0036803872694452337 0.01054088489252492 5.888619631112374e-07 0.0035008978162370755 2856 2856 4986
1.993200058038467 0.0036750074051306115 0.010512947771289895 5.880011848208978e-07 0.0034957803234701925 2938 2938 4904
1.9966912072432743 0.003677625698208004 0.010536929840096633 5.884201117132807e-07 0.0034982709245525876 2885 2885 4983
1.9974251928322837 0.0036855892697168534 0.010557741492971003 5.896942831546965e-07 0.0035058461192437104 2872 2872 5009
1.9949433306135371 0.003671959536686852 0.0105156654273049 5.875135258698963e-07 0.0034928810970579287 2794 2794 4998
1.9934318487504745 0.0036717645360189914 0.010507284048877078 5.874823257630387e-07 0.0034926956064118917 2858 2858 4965
1.9932964590264037 0.003672195107126734 0.01050748473707198 5.875512171402775e-07 0.00349310517892165 2868 2868 4961
1.9906020961935609 0.003682158816172825 0.010514406028012582 5.891454105876521e-07 0.003502582966091135 3009 3009 4956
1.9922454015137396 0.003647640948410821 0.010449801851201956 5.836225517457314e-07 0.0034697485062851214 2871 2871 4945
1.995610200297845 0.0036758578132849527 0.010527467500139553 5.881372501255925e-07 0.00349658925791988 2856 2856 4977
1.99784311243006 0.0038034729038145887 0.010810026332960613 6.085556646103342e-07 0.003617980665683727 2971 2971 4972
1.9929680329163193 0.0037487333777587 0.010667972146024633 5.99797340441392e-07 0.0035659107411891234 2989 2989 4939
1.9952099123955218 0.0036705807706307056 0.010514139896641132 5.872929233009129e-07 0.0034915695722857565 2828 2828 4979
1.9935605045965354 0.003669581432917777 0.010503325460128525 5.871330292668444e-07 0.003490618971449285 2837 2837 4978
1.9914327589669583 0.003666875513164976 0.010486373507522774 5.867000821063961e-07 0.0034880450171722054 2908 2908 4941
1.9997262962222968 0.0037999059865901578 0.010812661348396075 6.079849578544253e-07 0.003614587704071948 2933 2933 4976
1.9931980716608004 0.003662124301096863 0.010485576991898928 5.859398881754981e-07 0.003483525517799999 2825 2825 4940
1.9981408171457162 0.0036457373335403867 0.01047666782994607 5.833179733664619e-07 0.0034679377291426767 2884 2884 4971
1.9956437287226652 0.0035472278985515526 0.010253407900390052 5.675564637682484e-07 0.0033742325180921165 3030 3030 4846
1.9981387515758087 0.0036805714372460654 0.01055083726624429 5.888914299593705e-07 0.0035010730023260785 2840 2840 4995
1.99576322269013 0.0036852282338780042 0.010548189718273416 5.896365174204808e-07 0.003505502690825103 2896 2896 4971
1.992420210262095 0.003661101936644453 0.010479313835203013 5.857763098631125e-07 0.0034825530132191478 2827 2827 4943
1.995152700345765 0.0036917539005663904 0.01055882267132028 5.906806240906225e-07 0.0035117101061285213 2915 2915 4949
1.960735829030079 0.003730154812891061 0.010456750739145608 5.968247700625698e-07 0.003548238237614863 3285 3285 4911
1.9529433257483935 0.0037193747781357114 0.010392818447385007 5.950999645017138e-07 0.003537983936268023 3190 3190 4878
1.9937482800127126 0.0036735676315450714 0.010512781577238053 5.877708210472114e-07 0.003494410766455544 2825 2825 4971
1.992076489832057 0.0036746539860249847 0.010506271684750169 5.879446377639976e-07 0.003495444140323007 2895 2895 4987
1.9924116225918387 0.0036650934916381064 0.01048774445553887 5.864149586620971e-07 0.0034863499033661958 2846 2846 4937
1.9935025022724746 0.0037641557508264947 0.010703460977711734 6.022649201322392e-07 0.003580580977835816 2983 2983 4979
1.993442740094567 0.0036768893728982488 0.010518223714707205 5.883022996637199e-07 0.0034975705092211997 2926 2926 4896
1.9991856815702689 0.0036931101411664157 0.010583051965430773 5.908976225866265e-07 0.003513000203992499 2824 2824 5021
1.993200058038467 0.003679264426001385 0.010521985015863263 5.886823081602216e-07 0.003499829732942368 2970 2970 4931
1.9958138322434218 0.003671529757061161 0.010519340177965991 5.874447611297858e-07 0.003492472277430295 2843 2843 4992
1.9936475914326175 0.0036830876437298696 0.010532464163131559 5.892940229967792e-07 0.0035034664954939 2907 2907 4947
1.9928673587252996 0.0037103317018166897 0.01058611744329068 5.936530722906704e-07 0.0035293818833264314 2908 2908 4948
1.9972257837316825 0.003694271810941026 0.010575146117858491 5.910834897505642e-07 0.003514105220089823 2951 2951 4956
1.9974595140478133 0.0037848851732878884 0.010768614136502213 6.055816277260622e-07 0.0036002994434520415 2966 2966 4949
1.996628076768106 0.0036706895165999785 0.010521844507899938 5.873103226559966e-07 0.0034916730148037527 2787 2787 4971
1.9994935677408634 0.0036403238556838866 0.010472213909619927 5.82451816909422e-07 0.003462788262138644 2937 2937 4943
1.9895723751847487 0.0036754318379383444 0.010494713365359374 5.880690940701351e-07 0.003496184057039773 3011 3011 4927
1.9966006517878025 0.0036646954609690606 0.01050894795537104 5.863512737550498e-07 0.003485971284324763 2849 2849 4945
1.9924083226448683 0.0036554658428128925 0.010467280830636428 5.848745348500628e-07 0.0034771917870376466 2863 2863 4936
1.9944862392524796 0.0036842918443427556 0.010539452034670625 5.89486695094841e-07 0.0035046119682355767 2910 2910 4951
1.9917213341707631 0.003667769461207473 0.010489790280864003 5.868431137931957e-07 0.0034888953681055956 2895 2895 4966
1.9947533359907519 0.0036574827730265396 0.010483889701139247 5.851972436842464e-07 0.0034791103532274283 2848 2848 4983
1.9989634628896205 0.0036519181844469886 0.010494157550553534 5.843069095115183e-07 0.00347381714504574 2860 2860 4976
1.9911460677373602 0.0036467246731054434 0.010442089747312781 5.834759476968709e-07 0.0034688769169710565 2803 2803 4955
1.9962666625733414 0.00360481002194344 0.010379614420819997 5.767696035109505e-07 0.003429006408793934 2988 2988 4920
1.9950015337681923 0.0036789008353333152 0.010530722402780971 5.886241336533305e-07 0.0034994838742914555 2854 2854 5007
1.9930843977136172 0.0036816381902338158 0.010526412667854125 5.890621104374106e-07 0.0035020877306499933 2918 2918 4973
1.9990260775943092 0.0036921034180819956 0.01058006516338754 5.907365468931194e-07 0.0035120425779630155 2834 2834 5015
1.999482503366199 0.003697726945765094 0.010594446968877302 5.916363113224151e-07 0.0035173918508367573 2909 2909 4992
1.9954494742145896 0.0036727087954985405 0.010519926140559705 5.876334072797666e-07 0.003493593815135022 2824 2824 4985
1.9913339764810578 0.0036602625472877907 0.010471819072314386 5.856420075660466e-07 0.0034817545601894618 2869 2869 4926
1.993031505846574 0.003657930430670824 0.010475791323874726 5.852688689073318e-07 0.0034795361789774263 2845 2845 4939
1.9937482800127126 0.0036742746576130672 0.010514283159140197 5.878839452180908e-07 0.0034950833114450394 2859 2859 4963
1.9918886627746697 0.0036495435905349186 0.010451972437012498 5.83926974485587e-07 0.0034715583581212675 2857 2857 4927
1.9949540178754477 0.0036501513394303856 0.010469350122313906 5.840242143088618e-07 0.0034721364676041 2880 2880 4997
1.9925796003148757 0.0036726673780359056 0.010504708369624853 5.87626780485745e-07 0.003493554417567897 2903 2903 4951
1.9931188840017222 0.0036750692663380536 0.010512650959038528 5.880110826140886e-07 0.0034958391677575437 2928 2928 4923
1.9980767514545863 0.003688987104559346 0.010568412991186509 5.902379367294954e-07 0.0035090782444819357 2878 2878 4960
1.995815174314299 0.0036783863233429658 0.01053392363102718 5.885418117348746e-07 0.003498994454626738 2857 2857 4995
1.996489512746558 0.0036823559054342293 0.010545922491434295 5.891769448694767e-07 0.0035027704434717304 2823 2823 5009
1.9891275131008483 0.0036509103257856236 0.010440383046489152 5.841456521256999e-07 0.0034728584388204627 2946 2946 4960
1.9939375490792814 0.003671959536686852 0.010510363791942687 5.875135258698963e-07 0.0034928810970579287 2789 2789 4997
1.9943757558401016 0.0036722972976620605 0.010513391271303872 5.875675676259297e-07 0.0034932023857088094 2788 2788 5026
1.9975759825722363 0.003659241312226973 0.010502469405348692 5.854786099563157e-07 0.003480783129920705 2859 2859 5002
1.9931065381298025 0.0036673390355600657 0.010496171618189507 5.867742456896106e-07 0.0034884859339621922 2845 2845 4961
1.9963597257884724 0.00367366442357399 0.010526757238328799 5.877863077718384e-07 0.0034945028380170026 2839 2839 5015
1.9931915593576166 0.0036639021749391076 0.0104893194160009 5.862243479902572e-07 0.003485216686200546 2785 2785 4986
1.9931915593576166 0.0036639021749391076 0.0104893194160009 5.862243479902572e-07 0.003485216686200546 2785 2785 4986
1.9931915693576165 0.0036639021749391076 0.010489319468626648 5.862243479902572e-07 0.003485216686200546 2785 2785 4986
#acc_paschen_factor density_factor volt density pressure N_not_eqm N_less_eqm N_eqm
1.9931915593576166 0.0036639121749391075 0.010489340657823877 5.862259479902572e-07 0.0034852261985087894 2783 2783 4986
1.8197227426796037 0.012464227389518556 0.024757035100482626 1.994276382322969e-06 0.011856357294602141 6971 6971 2641
1.989250296558656 0.007615989664863244 0.018304595738363513 1.2185583463781193e-06 0.007244564127139509 4424 4424 4122
1.9931915593576166 0.02 0.03981967424458853 3.2000000000000003e-06 0.019024616486975218 6821 6821 2681
1.0563921082858703 0.013709213478002967 0.015517903303291966 2.193474156480475e-06 0.013040626437853907 4647 4647 29
2.3355102050035716 0.00181874872023478 0.007446885641790136 2.9099979523756484e-07 0.001730049844432184 9705 517 249
1.9931915693576165 0.02 0.039819674444366994 3.2000000000000003e-06 0.019024616486975218 6821 6821 2681
2.195174492806574 0.0056102735350705415 0.015937087599126258 8.976437656112867e-07 0.005336665119587188 2849 2849 5080
2.289450730969912 0.008157071719132769 0.02223248130769956 1.3051314750612432e-06 0.00775925805566263 3385 3385 4875
1.9931915593576166 0.01999999 0.03981965790744749 3.1999984e-06 0.019024606974666975 6813 6813 2685
1.5056029321017217 0.019727978647199253 0.029742690195429505 3.1564765835518806e-06 0.0187658613913101 9792 9792 729
1.9931915593576166 0.012828294264146743 0.027752439964878122 2.052527082263479e-06 0.012202668927872789 5830 5830 3307
1.2868948348250782 0.0030302656973290685 0.0058897214275102396 4.84842511572651e-07 0.002882482137266103 7974 7954 1681
1.9931915693576165 0.012828294264146743 0.027752440104114314 2.052527082263479e-06 0.012202668927872789 5830 5830 3307
2.7555415601092497 0.014413211223200485 0.042149927739687974 2.3061137957120777e-06 0.013710290793357812 2639 2639 5188
1.5433089162771059 0.010431386125242597 0.018207722820437398 1.6690217800388155e-06 0.009922656023014745 8581 8581 1595
1.9931915593576166 0.012828304264146743 0.0277524573804683 2.0525286822634792e-06 0.012202678440181036 5817 5817 3308
#acc_paschen_factor density_factor volt density pressure N_not_eqm N_less_eqm N_eqm
1.9931915593576166 0.004252735214400955 0.01172422829816317 6.804376343041528e-07 0.004045332823731626 3316 3316 4979
1.9931915693576165 0.004252735214400955 0.011724228356984551 6.804376343041528e-07 0.004045332823731626 3316 3316 4979
1.9931915593576166 0.004252745214400955 0.011724249016804399 6.804392343041528e-07 0.004045342336039868 3317 3317 4978
1.9931915593576166 0.003910540877627604 0.011010337172382015 6.256865404204166e-07 0.003719827022675233 3091 3091 4984
2.811173434773413 0.01895122271586311 0.053735543656147106 3.0321956345380976e-06 0.018026987206427432 2843 2843 5068
1.9931915693576165 0.003910540877627604 0.01101033722762175 6.256865404204166e-07 0.003719827022675233 3091 3091 4984
1.9931915593576166 0.003910550877627604 0.01101035818314195 6.256881404204167e-07 0.003719836534983477 3088 3088 4985
2.0196520944673786 0.007261549661440438 0.017904651320805025 1.16184794583047e-06 0.006907409870501454 4386 4386 4242
1.9931915693576165 0.0037070254866817683 0.010580830981716336 5.93124077869083e-07 0.003526236909578165 2976 2976 4936
1.9931915593576166 0.0037070354866817683 0.010580852128683246 5.93125677869083e-07 0.003526246421886409 2974 2974 4938
2.848882122502849 0.014751577525814368 0.044404294623049706 2.360252404130299e-06 0.014032155250325059 2461 2461 5325
1.9931915593576166 0.003672748351363058 0.010508106497774205 5.876397362180893e-07 0.0034936314418926345 2907 2907 4957
1.9931915693576165 0.003672748351363058 0.010508106550494207 5.876397362180893e-07 0.0034936314418926345 2907 2907 4957
1.9931915593576166 0.003672758351363058 0.01050812773097878 5.876413362180893e-07 0.003493640954200878 2905 2905 4959
2.2435277906680593 0.019499814050291248 0.043899430556041064 3.1199702480465998e-06 0.018548824193706098 5269 5269 3743
1.9931915593576166 0.003665611855399889 0.010492950947230842 5.864978968639823e-07 0.003486842986954628 2786 2786 4977
1.9931915693576165 0.003665611855399889 0.010492950999874809 5.864978968639823e-07 0.003486842986954628 2786 2786 4977
2.7570481597864744 0.009762459430743916 0.0308568802566391 1.5619935089190267e-06 0.009286352331977872 2175 2175 5481
1.9931915593576166 0.003665621855399889 0.010492972187386145 5.864994968639823e-07 0.0034868524992628714 2789 2789 4976
1.9931915593576166 0.003664795893988996 0.010491217799658765 5.863673430382394e-07 0.0034860668193091074 2780 2780 4970
1.9931915693576165 0.003664795893988996 0.010491217852294036 5.863673430382394e-07 0.0034860668193091074 2780 2780 4970
2.5258062814058837 0.01749238146590077 0.045220505498174364 2.7987810345441236e-06 0.01663929244163178 3808 3808 4494
1.9931915593576166 0.003664805893988996 0.010491239040609857 5.863689430382394e-07 0.0034860763316173506 2780 2780 4971
2.436204443774125 0.008124551754186162 0.02358341394887005 1.2999282806697861e-06 0.007728324062598675 2793 2793 5084
2.5482874829037105 0.0044141382115417075 0.01541558645508017 7.062621138466733e-07 0.004198864329754185 1496 1496 5779
2.4977035459002335 0.01695434124076812 0.04359233220063853 2.7126945985228992e-06 0.016127491994746054 3695 3695 4627
2.1295158254062927 0.009175051306739073 0.022689453034775913 1.4680082090782519e-06 0.008727591617951587 4334 4334 4300
2.0571725558163716 0.00622973174084185 0.016190068138438193 9.967570785346962e-07 0.005925912859312635 3789 3789 4567
2.2277148624678427 0.01812458705393661 0.04105710669901951 2.8999339286298577e-06 0.017240665884297002 5265 5265 3721
2.1871557183390995 0.0125200965674784 0.029863089990879485 2.0032154507965444e-06 0.011909501778808574 4619 4619 4127
2.3608443002838877 0.015659586444580507 0.038624540100852596 2.5055338311328812e-06 0.014895881322638999 4255 4255 4207
2.685235355695011 0.003916718172337188 0.014850651706014819 6.266749075739502e-07 0.0037257030558140764 1195 1195 6004
2.144942700788936 0.0006002375522199972 0.003467925778463973 9.603800835519955e-08 0.0005709644616033103 10006 12 16
2.6351195974491732 0.007907743829678512 0.024972849511920935 1.265239012748562e-06 0.00752208968184392 2083 2083 5551
2.7804430800022684 0.014005294315088047 0.04155459259378441 2.240847090414088e-06 0.01332226765658822 2501 2501 5277
2.915884220116565 0.005813630394345784 0.02175672904664148 9.301808630953254e-07 0.005530104432472553 1172 1172 5949
2.400619984302999 0.005019769328843276 0.01600807413288723 8.031630926149242e-07 0.004774959316716216 2103 2103 5523
2.966293601390122 0.0031789534893181424 0.014059221640345624 5.086325582909028e-07 0.0030239185482104666 1353 1265 5346
2.281953719884409 0.01290999809630962 0.031935884347147746 2.0655996954095396e-06 0.012280388131493538 4297 4297 4294
2.8679021289426374 0.011087029776762238 0.03552177245077024 1.7739247642819581e-06 0.010546324474128803 2142 2142 5465
2.9712485543159395 0.0012046918159528512 0.007210780744288474 1.9275069055245621e-07 0.0011459399891750365 9983 19 34
2.588793110071302 0.01636395836534409 0.043896496296388504 2.6182333384550547e-06 0.015565901605475064 3474 3474 4810
2.311578982270347 0.013382434797529428 0.03330126303197287 2.1411895676047086e-06 0.01272978448424746 4066 4066 4309
2.3732706760622855 0.0017697809390904672 0.00742738949704244 2.8316495025447476e-07 0.0016834701816077497 9737 324 197
2.0856773809223137 0.010180180610841869 0.02413346196404239 1.628828897734699e-06 0.009683701594470386 4705 4705 4111
2.6103835570862657 0.011493576790130649 0.03327722627751979 1.838972286420904e-06 0.010933044524791765 2763 2763 5150
2.8591442857934943 0.009145667403909114 0.030386231830933762 1.4633067846254583e-06 0.00869964074384006 1878 1878 5603
2.0196520944673786 0.003089488548581436 0.009374744285686198 4.943181677730298e-07 0.0029388167388831763 3632 3585 4123
2.5319150232785645 0.002807685155189878 0.010963577550195554 4.4922962483038056e-07 0.002670756664683047 3546 2959 3761
2.9717837525272843 0.014751577525814368 0.04631990922365086 2.360252404130299e-06 0.014032155250325059 2051 2051 5470
2.675469862511859 0.014882821918590309 0.04200179219493959 2.3812515069744496e-06 0.01415699896225647 2881 2881 4982
2.4551101194342753 0.015137701751873435 0.03907672821976949 2.4220322802997498e-06 0.014399448516180252 3761 3761 4520
2.9038560406805773 0.0022587788343965817 0.01076465488725628 3.614046135034531e-07 0.002148620052664594 7921 1967 1029
2.436204443774125 0.013410909160945209 0.03515687854197875 2.1457454657512336e-06 0.012756870176432265 3627 3627 4686
2.7822351101451503 0.003249574755898468 0.013400932186704122 5.199319609437549e-07 0.0030910956738362237 1430 1389 5485
2.6782113389773343 0.004609394009356842 0.01673982656651492 7.375030414970948e-07 0.0043845976632687494 1347 1347 5941
2.1295158254062927 0.004813577488186558 0.013754653398618715 7.701723981098494e-07 0.004578823282154338 2892 2892 5125
2.0571725558163716 0.004791795623190888 0.01324173448204239 7.666872997105422e-07 0.004558103700758654 3118 3118 5025
2.546222480266171 0.01812458705393661 0.04692724810208485 2.8999339286298577e-06 0.017240665884297002 3705 3705 4637
2.615887232746897 0.0016462065183174383 0.007794269804763992 2.6339304293079016e-07 0.0015659223834674008 9898 166 130
2.7062733170473665 0.0006484294872489988 0.004556506401248069 1.0374871795983982e-07 0.0006168061156879097 10007 5 10
2.3362466108645643 0.003916718172337188 0.012920574967004052 6.266749075739502e-07 0.0037257030558140764 1850 1850 5592
2.8510760159777933 0.0006002375522199972 0.004609596334919844 9.603800835519955e-08 0.0005709644616033103 9997 4 2
2.6351195974491732 0.0013899893036605146 0.00701545232982541 2.2239828858568235e-07 0.001322200671156952 9968 44 72
2.9564893475982625 0.014005294315088047 0.04418565919616274 2.240847090414088e-06 0.01332226765658822 2174 2174 5438
2.468811462205757 0.019809773486540692 0.04893634404794026 3.169563757846511e-06 0.018843667163764333 4138 4138 4244
2.9115027582376127 0.006329340207861244 0.023196562136394303 1.012694433257799e-06 0.00602066350350761 1327 1327 5971
2.886982703684538 0.011089174412216343 0.035763632714000286 1.774267905954615e-06 0.010548364517479742 1954 1954 5534
2.7631475146150164 0.010286943403547376 0.032239127209810814 1.6459109445675803e-06 0.00978525765378542 2161 2161 5490
2.958199661321569 0.0015188234054901908 0.008350859109875708 2.4301174487843053e-07 0.0014447516400446267 9937 60 69
2.6471957349951873 0.007989105210018187 0.02528968038597613 1.27825683360291e-06 0.007599483134734582 2049 2049 5527
2.506741868248837 0.009390702061744407 0.027204615109809566 1.5025123298791054e-06 0.008932725263406743 2612 2612 5200
2.6633676971686073 0.0077235097081538116 0.024778256035621515 1.2357615533046098e-06 0.0073468405065528096 1985 1985 5582
2.3732706760622855 0.008870334225484701 0.024620269751150132 1.4192534760775523e-06 0.008437735337556842 3087 3087 4954
2.7361595159103964 0.0067060334780875384 0.02279892639349684 1.0729653564940062e-06 0.006378985753471598 1595 1595 5692
2.890990359786685 0.01726218454274984 0.05120211791718627 2.7619495268399747e-06 0.016420322032660375 2618 2618 5248
2.122047474369537 0.006781600289680063 0.017836500628782812 1.0850560463488103e-06 0.006450867233956163 3575 3575 4720
2.82706664772556 0.0005328777548744435 0.004305846244630069 8.526044077991096e-08 0.0005068897460463339 10012 2 8
2.8401376369494096 0.002807685155189878 0.012298228396150303 4.4922962483038056e-07 0.002670756664683047 3340 2514 3719
2.9717837525272843 0.01997468155208154 0.05930816196833155 3.195949048333047e-06 0.019000532798890517 2519 2519 5261
2.6533269969275244 0.0004350417255327525 0.003682846897262328 6.96066760852404e-08 0.0004138250992046277 10019 0 10
2.676288227807181 0.007816872375209217 0.025134085910309925 1.2506995800334749e-06 0.007435649953299321 2013 2013 5521
2.5258062814058837 0.014225714414262925 0.03822863276336279 2.276114306282068e-06 0.013531938049229373 3342 3342 4814
2.436204443774125 0.002583406209208248 0.00993563452157043 4.133449934733197e-07 0.0024574156180128697 5363 3646 2520
2.7003411965099176 0.011172561590350037 0.03365248914812393 1.7876098544560061e-06 0.010627684971675972 2467 2467 5319
2.826710127388195 0.004711574403398048 0.017963716514785837 7.538519045436878e-07 0.004481794803724848 1138 1138 5978
2.1295158254062927 0.010085182123884848 0.02445759895552181 1.6136291398215758e-06 0.009593336105410372 4518 4518 4114
2.0571725558163716 0.004168448667167825 0.011920037916687288 6.669517867468521e-07 0.003965156861925544 2844 2844 5141
2.9486748337000717 0.000971197950566249 0.006256859323679013 1.5539167209059986e-07 0.0009238334271229604 9999 9 28
2.604453123971371 0.0125200965674784 0.035560805006260465 2.0032154507965444e-06 0.011909501778808574 2872 2872 5056
2.3608443002838877 0.004773666922374813 0.015152795267915525 7.637867075799702e-07 0.004540859121737007 1994 1994 5475
2.695221045091922 0.007305241435303611 0.02400589793428686 1.168838629648578e-06 0.0069489708325705815 1908 1908 5638
2.5787479669240523 0.006190442393505935 0.020195899754626465 9.904707829609498e-07 0.005888539621058169 1885 1885 5613
2.7150981475056915 0.007907743829678512 0.025730800800612526 1.265239012748562e-06 0.00752208968184392 1901 1901 5601
2.8008533540700435 0.004519017976805417 0.017246328833918103 7.230428762888668e-07 0.004298629195323487 1161 1161 5917
2.811173434773413 0.004099172160596194 0.016085610932241954 6.558675456953911e-07 0.0038992589134714097 1080 1080 5978
2.766968096616698 0.005593561155566295 0.020042399775384384 8.949697848906072e-07 0.005320767789054535 1471 1471 5825
2.966293601390122 0.017160794188426143 0.05228400424752769 2.745727070148183e-06 0.016323876402336027 2358 2358 5313
2.762975170606219 0.0032340109011154963 0.013261378082540388 5.174417441784794e-07 0.003076290855420972 1430 1389 5425
2.536397171507266 0.005151220037193559 0.017249974430963152 8.241952059509695e-07 0.004899999282381485 1711 1711 5673
2.820002041056331 0.007989105210018187 0.026940565581654887 1.27825683360291e-06 0.007599483134734582 1727 1727 5704
2.506741868248837 0.004300444850210734 0.014869203056716311 6.880711760337175e-07 0.00409071569993234 1553 1553 5775
2.859937264666377 0.006505521156160107 0.023275478675851686 1.0408833849856172e-06 0.006188252252192485 1376 1376 5912
2.3732706760622855 0.016343555492322605 0.040201182945548725 2.6149688787716173e-06 0.015546493763751754 4174 4174 4238
2.8629311201785805 0.006153136333343905 0.022317065417326143 9.845018133350248e-07 0.005853052946697035 1298 1298 5929
2.6523569741213326 0.005528138356645911 0.01903962143824344 8.845021370633458e-07 0.0052585356061062944 1489 1489 5760
2.590986073878492 0.0032848239759449083 0.012578996226260287 5.255718361511853e-07 0.00312462581847865 1622 1598 5465
2.5553830453850424 0.005065297742142359 0.01715766354504099 8.104476387427775e-07 0.004818267346829994 1723 1723 5729
2.8971125859696825 0.00611154152221768 0.02246553232232474 9.77846643554829e-07 0.0058134866802208056 1302 1302 5972
2.858265999905421 0.012092683457458649 0.03795229941898247 1.934829353193384e-06 0.011502933253827017 2295 2295 5346
2.675469862511859 0.0051143424573709085 0.018096377751228975 8.182947931793454e-07 0.004864920191726798 1470 1470 5878
2.749350042224085 0.002558952952371749 0.01113664714299159 4.0943247237947987e-07 0.0024341549263542745 5193 2925 2393
2.5295446761797615 0.004391465104479222 0.015242929844515493 7.026344167166756e-07 0.004177296971432589 1594 1594 5770
2.436204443774125 0.004631686897421604 0.015282875569747872 7.410699035874567e-07 0.004405803345559708 1774 1774 5604
2.7729544917399864 0.00808471275666839 0.026739793881764683 1.2935540410669425e-06 0.007690427980148617 1783 1783 5672
2.6730334311990758 0.00041603920436030645 0.003641352090227822 6.656627269764903e-08 0.0003957493153250569 10019 0 3
2.6602239314978613 0.011317627653385358 0.03349640344371711 1.8108204245416575e-06 0.010765676282402091 2590 2590 5226
2.0571725558163716 0.003945529453966862 0.011439583307679859 6.31284712634698e-07 0.0037531092349892153 2767 2767 5153
2.66885155427137 0.004439403140336466 0.016214550239411672 7.103045024538347e-07 0.004222897108798736 1323 1323 5933
2.318958867571072 0.017724393392136478 0.041966232561151944 2.8359029427418367e-06 0.016859989337483717 4552 4552 3999
2.3608443002838877 0.00392090825841192 0.01306703598032306 6.273453213459073e-07 0.003729688794845036 1735 1735 5599
2.771559415450123 0.004455603063729408 0.016884875252293898 7.128964901967054e-07 0.004238306975282191 1156 1156 5955
2.8921257022136997 0.002427999860578468 0.011284029761527002 3.884799776925549e-07 0.002309588308896733 6547 2675 1700
2.9304544774641936 0.007907743829678512 0.02777171811787558 1.265239012748562e-06 0.00752208968184392 1435 1435 5829
2.8008533540700435 0.005748498412439196 0.020718117851018188 9.197597459902715e-07 0.005468148883632081 1435 1435 5861
2.5900344828228365 0.0051143424573709085 0.01751850882217264 8.182947931793454e-07 0.004864920191726798 1669 1669 5717
2.3775398815724653 0.0029111085674616176 0.010568421403961031 4.6577737079385883e-07 0.0027691362023952552 3229 2924 4101
2.966293601390122 0.005579981844547642 0.02144616951668185 8.927970951276229e-07 0.005307850729840175 1123 1123 5967
2.4346556187027986 0.0023284094813830827 0.009221001279625468 3.7254551702129327e-07 0.002214854870397501 7305 3002 1396
2.758991529134728 0.005151220037193559 0.018763833151783517 8.241952059509695e-07 0.004899999282381485 1381 1381 5934
2.982507115948118 0.004056710228845635 0.016933421295280953 6.490736366153016e-07 0.003858867815128884 909 909 6004
2.1820371451107645 0.004300444850210734 0.012943156931676851 6.880711760337175e-07 0.00409071569993234 2397 2397 5289
2.758873895539248 0.004139395831885826 0.015902317983789972 6.623033331017323e-07 0.00393752090947058 1183 1183 5931
2.85592215972643 0.004857252584530538 0.018573481380199347 7.771604135248861e-07 0.004620368380053134 1192 1192 5954
2.531946476657387 0.00437067920022829 0.015202966388497248 6.993086720365265e-07 0.004157524778597141 1568 1568 5710
2.2544996790432794 0.005528138356645911 0.016183651311055303 8.845021370633458e-07 0.0052585356061062944 2572 2572 5264
2.3606286325882473 0.0016139402270583178 0.006940512033150108 2.5823043632933085e-07 0.00153522969263431 9937 171 111
2.5553830453850424 0.003042020328799866 0.011728248248819927 4.867232526079786e-07 0.002893663505049986 2406 2257 4758
2.18218078831147 0.009885385899063187 0.02466692501397381 1.58166174385011e-06 0.009403283777771493 4148 4148 4357
2.9717837525272843 0.00026298028635711457 0.003504534595476915 4.2076845817138336e-08 0.00025015495457895136 10015 2 0
2.675469862511859 0.0014773596198115954 0.00741506698597997 2.3637753916985527e-07 0.0014053100090129565 9970 52 62
2.838802608847002 0.007816872375209217 0.02666032302194661 1.2506995800334749e-06 0.007435649953299321 1582 1582 5714
2.5295446761797615 0.002128935735200843 0.008995046116415304 3.4062971763213495e-07 0.0020251092943806338 8542 1781 695
2.9019577566219064 0.0036722613831172736 0.015297616722819653 5.875618212987639e-07 0.003493168222686766 970 966 5942
2.8271208423946517 0.0037096323547896716 0.015015571824963957 5.935411767663475e-07 0.003528716642877415 982 982 5874
2.999524949480082 0.005284017351735395 0.02080002772351966 8.454427762776634e-07 0.005026320181364417 1073 1073 6011
2.9785870867163995 0.0031628703941992756 0.014065172296609148 5.060592630718841e-07 0.003008619812382468 1404 1297 5303
2.233983781226379 0.0031628703941992756 0.010549084473947142 5.060592630718841e-07 0.003008619812382468 2753 2719 4699
2.776542549772349 0.005285100897178473 0.019256786854794337 8.456161435485558e-07 0.0050273508831894555 1335 1335 5948
2.604453123971371 0.0037096323547896716 0.013832925837941486 5.935411767663475e-07 0.003528716642877415 1317 1316 5854
2.863933190387827 0.005560416408287811 0.020650388637323353 8.896666253260499e-07 0.005289239483777992 1267 1267 5957
2.771559415450123 0.0021080786847402014 0.009788009330826962 3.3729258955843224e-07 0.0020052694250774737 8823 1428 630
2.0929578754445335 0.004686393827946874 0.013246843487583575 7.498230124714999e-07 0.004457842264180851 2865 2865 5084
2.5431115169567486 0.003997618859351609 0.01428108444221283 6.396190174962575e-07 0.003802658283013185 1521 1521 5929
2.5781611424172386 0.0052235032037870775 0.017721482534803063 8.357605126059324e-07 0.004968757258526776 1683 1683 5720
2.9266529681606603 0.0012647423969676039 0.007327601243159245 2.0235878351481665e-07 0.0012030619528563221 9983 15 47
2.5173200364660016 0.006376990471303566 0.020172801937745503 1.0203184754085708e-06 0.006065989902882287 2006 2006 5488
2.792906879038685 0.002667783564529771 0.011656167089865005 4.268453703247634e-07 0.002537677959271731 4549 3000 2941
2.0826608825446487 0.0043450031830017674 0.01244988977265369 6.952005092802829e-07 0.004133100959564762 2881 2881 5084
2.8974404348788307 0.0047440758190401685 0.018509393661675748 7.59052131046427e-07 0.004512711152118603 1142 1142 5937
2.6173367629293924 0.004099172160596194 0.014976472218452533 6.558675456953911e-07 0.0038992589134714097 1342 1342 5950
2.3410083873251164 0.005636921591202588 0.017057787140705667 9.019074545924141e-07 0.005362013571988968 2355 2355 5439
2.933800836016014 0.004139395831885826 0.01691060757465919 6.623033331017323e-07 0.00393752090947058 983 983 5960
2.43620362038949 0.004857252584530538 0.015843843092002492 7.771604135248861e-07 0.004620368380053134 1846 1846 5661
2.7683068650267657 0.00429632407069108 0.01640888739560305 6.87411851310573e-07 0.004086795887432902 1142 1142 5896
2.735831009775575 0.0041093844959044735 0.015683713934866776 6.575015193447158e-07 0.0039089732016052295 1196 1196 5967
2.854459783166562 0.004012646807754035 0.016074528296684445 6.420234892406456e-07 0.0038169533307602947 972 972 5994
2.1000885079505762 0.005065297742142359 0.01410066960383772 8.104476387427775e-07 0.004818267346829994 3040 3040 4966
2.8971125859696825 0.0033710329606343303 0.014335742604893547 5.393652737014929e-07 0.0032066304620510383 1165 1145 5691
2.0026114511798383 0.0031866985838801924 0.009508624304225772 5.098717734208308e-07 0.0030312859208953846 3433 3413 4345
2.5899055534722355 0.004983778172106125 0.017175956895201773 7.974045075369801e-07 0.004740723419023871 1484 1484 5785
2.8875254715487917 0.0001979131296409569 0.003323731426923292 3.1666100742553107e-08 0.00018826106945781066 10013 0 0
2.917230339398903 0.002765536494778103 0.01249478169001626 4.424858391644965e-07 0.0026306635596943582 3646 2603 3510
2.9019577566219064 0.003011080774448503 0.013220062410035389 4.817729239117605e-07 0.0028642328472593555 2179 1888 4702
2.426573060474131 0.00019040065737710964 0.002800343530918336 3.046410518033755e-08 0.00018111497427337407 10019 2 1
2.1408410637186974 0.0037660605983429445 0.011498873403712532 6.025696957348712e-07 0.0035823929275091474 2428 2428 5194
2.897173708737233 0.004808611886649945 0.018698343592085054 7.693779018639913e-07 0.004574099848911279 1132 1132 5954
2.7401263655330643 0.002977017637588065 0.012379895975676786 4.7632282201409043e-07 0.002831830941503696 2361 2055 4608
2.3654213341107284 0.004375735367081333 0.014215447634569887 7.001176587330133e-07 0.004162334360360805 1879 1879 5625
2.863810828882923 0.003645148230545188 0.015013756240317151 5.832237168872301e-07 0.0034673773562149267 929 927 5909
2.191372055268991 0.013666912803361053 0.03211000073586445 2.1867060485377686e-06 0.01300038873224377 4924 4924 4006
2.7706717739575977 0.0027049746170149337 0.011679130878572952 4.3279593872238945e-07 0.0025730552347855897 4180 2929 3158
2.5787479669240523 0.0037049486556763305 0.013683552707206904 5.927917849082129e-07 0.00352426136390883 1351 1351 5895
2.739278824862302 0.002706264330837778 0.011550765166328936 4.3300229293404454e-07 0.0025742820503284677 4120 2904 3176
2.7679437533155005 0.004519017976805417 0.01704368709418509 7.230428762888668e-07 0.004298629195323487 1165 1165 5890
2.897599495723089 0.0030411939533380936 0.013296259614876313 4.86591032534095e-07 0.002892877431238262 1932 1695 4891
2.327549123417729 0.005408445840676337 0.0164301680787193 8.65351334508214e-07 0.00514468039547218 2299 2299 5451
2.440258971762943 0.004425896234275706 0.014791714478632652 7.08143397484113e-07 0.004210048923412157 1713 1713 5644
2.8762781794297325 0.004428457348097177 0.017442266342406195 7.085531756955484e-07 0.004212485133823806 1085 1084 6032
2.985496777421793 0.004203115420793717 0.0174069676901431 6.724984673269948e-07 0.003998132946554597 913 913 6069
2.6968930521658834 0.007376235251787091 0.02420296054235806 1.1801976402859347e-06 0.007016502339147825 1761 1761 5665
2.903514037911033 0.004725997228354015 0.018494591401870826 7.561595565366425e-07 0.00449551423939715 1163 1163 5956
2.9413752281755614 0.00335990201916865 0.014519370886745065 5.37584323066984e-07 0.003196042367424862 1141 1109 5720
2.0588741262079666 0.005740264993285782 0.01521287041432848 9.184423989257252e-07 0.00546031700154357 3538 3538 4706
2.972650473524604 0.01388715974138858 0.04412410002451281 2.221945558622173e-06 0.013209894408663986 2150 2150 5519
2.860274237056787 0.004168802861437195 0.016574570200816076 6.670084578299513e-07 0.003965493782432377 1016 1016 6043
2.923444135444337 0.005257977422621546 0.020196067943406396 8.412763876194474e-07 0.005001550198127467 1111 1111 5981
2.92943608284742 0.0033347898566437094 0.014380831958570624 5.335663770629936e-07 0.0031721549043650828 1147 1114 5650
2.818783387012279 0.0030740877286803856 0.013036481996270579 4.918540365888618e-07 0.0029241670042730542 1899 1726 4968
2.876370085053335 0.004973557251213955 0.01904598248260835 7.957691601942328e-07 0.004731000964018009 1101 1101 5957
2.893904866942817 0.003618854941148497 0.015090316243716768 5.790167905837596e-07 0.003442366368867272 953 949 5908
2.206318104151937 0.004244965689823064 0.012960046735000627 6.791945103716903e-07 0.0040379422124626006 2239 2239 5305
2.940951703384603 0.004391465104479222 0.017722051289682027 7.026344167166756e-07 0.004177296971432589 961 961 5974
2.9199558839268045 0.005854125499048492 0.021903813472212423 9.366600798477587e-07 0.005568624624300999 1205 1205 5920
2.5309082919853947 0.0037096323547896716 0.013442310166166753 5.935411767663475e-07 0.003528716642877415 1431 1430 5855
2.0221173185674233 0.005284017351735395 0.014022252521587479 8.454427762776634e-07 0.005026320181364417 3479 3479 4635
2.897173708737233 0.004073249972957125 0.01649912019080516 6.5171999567314e-07 0.003874600929554574 925 925 5955
2.7596981645111422 0.005030157498636583 0.01843150822380625 8.048251997818534e-07 0.0047848408640321785 1466 1466 5925
2.9064898000005432 0.0035440660197693964 0.014923391142277432 5.670505631631035e-07 0.0033712248415316754 1075 1068 5887
2.8610257575181084 0.007235383011432287 0.025292238103247523 1.157661281829166e-06 0.006882519346443756 1505 1505 5889
2.8901786015713165 0.0042472042084171924 0.016983811724831425 6.795526733467508e-07 0.004040071560350213 1015 1015 5980
2.9702779357351745 0.004115572906831418 0.017046943006486123 6.584916650930268e-07 0.003914859808832676 892 892 6044
2.7186941330049406 0.0027302322988077554 0.011537021405827136 4.368371678092409e-07 0.0025970811202585143 4032 2963 3275
2.9102540297135415 0.007907743829678512 0.027580279846064773 1.265239012748562e-06 0.00752208968184392 1478 1478 5896
2.2819242391870675 0.005732724290419141 0.016843941947597675 9.172358864670626e-07 0.0054531440525395665 2671 2671 5213
2.939315001677133 0.004059656158225024 0.016697265939357758 6.49544985316004e-07 0.003861670073960915 913 913 6012
2.269626699753582 0.004171489655437808 0.013158275636348134 6.674383448700493e-07 0.003968049543704435 2037 2037 5486
2.966293601390122 0.0031479611044979905 0.013958783197764953 5.036737767196785e-07 0.0029944376364494595 1471 1356 5183
2.1544183551598053 0.004580369800029544 0.013401753693455263 7.328591680047272e-07 0.004356988940704274 2669 2669 5255
2.256090009399162 0.0009369001242447647 0.004684289016465504 1.4990401987916237e-07 0.0008912082775178043 10017 17 23
2.966909757809233 0.005353518679302129 0.020780452389555334 8.565629886883408e-07 0.005092431986479055 1133 1133 5991
2.502031395277209 0.004725997228354015 0.015937256622873826 7.561595565366425e-07 0.00449551423939715 1722 1722 5686
2.9558918209451623 0.0030780623964995054 0.013683486466069013 4.924899834399209e-07 0.0029279478308191476 1762 1557 5016
2.793672844283574 0.004422958966567072 0.016925471152540065 7.076734346507316e-07 0.00420725490382834 1152 1152 5945
2.109145690997005 0.004697704136931748 0.013373696378701049 7.516326619090797e-07 0.004468600978720172 2941 2941 5066
2.9823910728484884 0.006022770614165559 0.022867163982759252 9.636432982664896e-07 0.005729045056176199 1141 1141 5961
2.908054005720577 0.004115572906831418 0.01668982902202127 6.584916650930268e-07 0.003914859808832676 924 924 5913
2.9912819217292372 0.0033347898566437094 0.014684438042179645 5.335663770629936e-07 0.0031721549043650828 1092 1056 5681
2.942689378674106 0.004180914508721523 0.017089306967551492 6.689463213954438e-07 0.00397701475466287 957 956 6027
2.9612924194637267 0.004232738631674644 0.01735715425078762 6.77238181067943e-07 0.0040263114578607175 993 993 5939
2.956398237500951 0.0064737594166719295 0.023969416186530333 1.0358015066675088e-06 0.006158039506556394 1185 1185 5988
2.15274843967883 0.003796720493476651 0.011632798768257194 6.074752789562642e-07 0.00361155756483163 2372 2372 5258
2.9442135176521975 0.004030483749812759 0.016635064705342643 6.448773999700415e-07 0.003833920379858677 901 901 5995
2.9793460321573213 0.0036722613831172736 0.015705567588155073 5.875618212987639e-07 0.003493168222686766 895 891 5912
2.9930478216285135 0.0037096323547896716 0.01589685303410923 5.935411767663475e-07 0.003528716642877415 821 818 5912
2.683010670096168 0.0032233574137817116 0.01284645460426008 5.157371862050739e-07 0.0030661569298822684 1666 1620 5388
2.107459297053267 0.004073249972957125 0.012001774051189719 6.5171999567314e-07 0.003874600929554574 2611 2611 5207
2.9658068307036016 0.003718419673780576 0.015779879895059024 5.949471478048923e-07 0.003537075411564949 881 878 5917
2.9064898000005432 0.0037153126569395593 0.015454676753594559 5.944500251103295e-07 0.0035341199213740023 902 902 5976
2.3052289334313043 0.005841432673937878 0.017263621167350134 9.346292278300606e-07 0.005556550817807715 2558 2558 5245
2.6818300200097047 0.0009959482970423178 0.00577858187324412 1.5935172752677087e-07 0.0009473767196043089 9988 7 23
2.3398970760005824 0.004056710228845635 0.01328495169840297 6.490736366153016e-07 0.003858867815128884 1837 1837 5601
2.6352989864548904 0.001402126074068583 0.007056083228475373 2.2434017185097329e-07 0.0013337455412771502 10004 73 55
2.9304544774641936 0.003935691378058717 0.01626540254491976 6.297106204893947e-07 0.0037437509539331045 930 930 5904
2.6004058860887493 0.003565432710022725 0.013411317337808214 5.704692336036361e-07 0.0033915494959149543 1409 1409 5739
2.781188818790531 0.004059656158225024 0.01579900395446447 6.49544985316004e-07 0.003861670073960915 1140 1140 5953
2.9115027582376127 0.004091909479903212 0.016637579773368962 6.54705516784514e-07 0.003892350427728843 902 902 5908
2.9616366111022723 0.004256584580519133 0.017432605490257488 6.810535328830613e-07 0.0040489944594374406 973 973 5953
2.879338175020497 0.004428457348097177 0.017460822704055225 7.085531756955484e-07 0.004212485133823806 1081 1080 6046
2.9954565555350317 0.0033034545777634065 0.01460321596465728 5.285527324421451e-07 0.003142347821204574 1089 1049 5551
2.983053488926272 0.0037709080765000944 0.016037897876783003 6.033452922400151e-07 0.0035870039981525854 844 842 5948
2.9004830768067444 0.003841770113840237 0.015811614473999883 6.14683218214438e-07 0.003654410152346682 979 978 5898
2.705758267477548 0.003391098385339169 0.013447516744477873 5.425757416542671e-07 0.003225717312533931 1333 1323 5710
2.969647675943888 0.0034086578251969757 0.014815315246015127 5.453852520315162e-07 0.0032424203929849746 1054 1033 5734
2.7683068650267657 0.002996564187217305 0.012566913810809245 4.794502699547689e-07 0.002850424222020693 2316 2049 4643
2.910011689562123 0.0036811324635961503 0.015367568238324721 5.889811941753841e-07 0.003501606667883551 876 873 6005
2.4986143683509856 0.003795447084356144 0.013498382483054386 6.072715334969831e-07 0.0036103462588241964 1537 1537 5866
2.8834233623831578 0.0044307622472906805 0.01749245775478294 7.089219595665089e-07 0.004214677624983683 1039 1039 6056
2.967184243815161 0.0035928072441993213 0.015389843218908942 5.748491590718915e-07 0.003417588996625921 952 947 5878
2.969873037442591 0.0035049307947835765 0.015124155272796033 5.607889271653722e-07 0.0033339982092073393 940 934 5836
2.0044101673126327 0.0036396155743187997 0.010496449614019842 5.82338491891008e-07 0.003462114523071861 2865 2865 4986
2.989466614499749 0.007816872375209217 0.02807526855072857 1.2506995800334749e-06 0.007435649953299321 1424 1424 5847
2.9442135176521975 0.0036238176252232 0.01536825366703011 5.798108200357121e-07 0.003447087026930634 937 934 5982
2.991301568886376 0.0036722613831172736 0.015768590979236264 5.875618212987639e-07 0.003493168222686766 854 852 5875
2.9326149725409474 0.004294248501358276 0.017376492137812935 6.870797602173242e-07 0.004084821541905465 988 988 5922
2.765261639558087 0.003978836951960758 0.015474021421243142 6.366139123137213e-07 0.003784792353762944 1170 1170 5946
2.926044149736284 0.004073249972957125 0.01666353452142274 6.5171999567314e-07 0.003874600929554574 962 962 5978
2.0948660925603795 0.003788228755004637 0.011301171588192993 6.06116600800742e-07 0.0036034799614447425 2677 2677 5187
2.740775610497546 0.0037824632501403223 0.01476891049282768 6.051941200224517e-07 0.0035979956354998724 1209 1209 5920
2.9979518914379124 0.003389136892283144 0.014893358459634971 5.422619027653031e-07 0.003223851479877293 1056 1028 5681
2.784095073398655 0.003620772858819248 0.01452341339938142 5.793236574110798e-07 0.0034441907512742535 1029 1028 5926
2.9114399369770965 0.0010002817178565993 0.0062900079151992395 1.600450748570559e-07 0.0009514988030577277 9989 7 23
2.950914151044069 0.0039680986350622074 0.01647959329270753 6.348957816099533e-07 0.003774577735727417 889 889 5991
2.995335133396018 0.0036874338283784973 0.01583825174471818 5.899894125405596e-07 0.003507600720299986 842 840 5942
2.9897921265917513 0.0034650493462346525 0.015097443070839349 5.544078953975444e-07 0.0032960617460279233 975 964 5791
2.9776818367083973 0.004059656158225024 0.016915215103500747 6.49544985316004e-07 0.003861670073960915 861 861 6006
2.7285210253730545 0.0033141850268684284 0.01333361695077373 5.302696042989486e-07 0.003152554955152376 1453 1429 5603
2.992692976503325 0.0038952482336546915 0.016483297238507607 6.232397173847507e-07 0.003705280188342408 839 838 5923
2.95006743218071 0.004428457348097177 0.017889737594976373 7.085531756955484e-07 0.004212485133823806 911 911 5950
2.957674173691874 0.003999784060302947 0.016615825894297998 6.399654496484715e-07 0.0038047178888990073 860 860 5995
2.014102242282573 0.0034315749270505767 0.010097947344855219 5.490519883280924e-07 0.0032642198466728595 3021 3018 4895
2.9079631505252492 0.0033976060155517865 0.014472896765613677 5.436169624882859e-07 0.0032319075709856355 1051 1036 5730
2.9615625536285957 0.00379746185145174 0.01600571046900676 6.075938962322785e-07 0.003612262767389411 843 842 5972
2.969647675943888 0.0036340815536937488 0.015533551158937202 5.814530485909999e-07 0.003456850392070732 909 905 5874
2.9320877235433893 0.0034793120416734616 0.014851028832871958 5.566899266677539e-07 0.003309628861567618 996 987 5895
2.910011689562123 0.0026628680173773605 0.012128811423064798 4.260588827803777e-07 0.002533002139301818 4503 2813 3038
2.9803046704442986 0.00389379490967755 0.016410495404911615 6.230071855484081e-07 0.003703897741777586 828 828 6000
2.982809402548434 0.0038471486901930562 0.01627736597123241 6.15543790430889e-07 0.0036595264199645976 845 845 5940
2.9835351331041506 0.003554900115095909 0.015353613765935912 5.687840184153455e-07 0.0033815305669601873 946 940 5907
2.985104104305286 0.00372774957393991 0.015912154190004833 5.964399318303857e-07 0.0035459503001846037 842 840 5958
2.990543089524378 0.0037562785742741656 0.016031749062599816 6.010045718838665e-07 0.003573087964690403 867 865 5922
2.9509210534467547 0.003975044838511485 0.01650118308050627 6.360071741618376e-07 0.0037811851785605676 869 869 5982
2.447958167856119 0.004030483749812759 0.013831178436654773 6.448773999700415e-07 0.003833920379858677 1546 1546 5754
2.9895029935792885 0.003784260388376758 0.016114894711788914 6.054816621402813e-07 0.0035997051287859866 838 836 5997
2.1861848085036977 0.003358729069021558 0.01078878713156567 5.373966510434494e-07 0.003194926621089524 2381 2373 5093
2.850293911848493 0.0035821123291993927 0.014750967566069067 5.731379726719029e-07 0.003407415663814199 1016 1015 5901
2.897173708737233 0.003664639459796953 0.015248869361984838 5.863423135675126e-07 0.0034859180142836543 987 983 5946
2.4077702782656356 0.00349024824584625 0.012223660698335399 5.584397193354001e-07 0.0033200317160781453 1805 1802 5554
2.989593537391558 0.004007510802317762 0.016819399156871945 6.412017283708421e-07 0.0038120678040752904 769 769 5962
2.9873268879220847 0.0040572823872663255 0.01696257662905339 6.491651819626122e-07 0.003859412069855056 872 872 5955
2.347467602178334 0.0042472042084171924 0.013794631156656741 6.795526733467508e-07 0.004040071560350213 1986 1986 5554
2.8155984376129215 0.0038803209297588624 0.015463539943712584 6.20851348761418e-07 0.0036910808767522734 1052 1051 5911
2.9681088744497384 0.003958978855677271 0.016547149059364916 6.334366169083634e-07 0.003765902720465205 864 864 5992
2.936390233694933 0.004016933967629187 0.016549121123472527 6.4270943482067e-07 0.003821031409382451 856 856 5984
2.9897921265917513 0.0037954756232551944 0.01615198569408059 6.072760997208312e-07 0.0036103734059046663 834 833 5928
2.985733970953243 0.0038678812652238334 0.016358727472917736 6.188610024358134e-07 0.0036792478844019957 811 811 5897
2.9854654210643945 0.00411016874629908 0.017117242207564488 6.576269994078528e-07 0.003909719204754587 827 827 6007
2.992692976503325 0.0038757610439543178 0.016421755247709644 6.201217670326909e-07 0.0036867433728194803 839 838 5927
2.989221825746305 0.00392481300955758 0.016557339907896908 6.279700815292128e-07 0.0037334031144961987 842 840 5948
2.957674173691874 0.0038377790628832233 0.01611090316944461 6.140446500613158e-07 0.0036506137416548244 882 881 5885
2.283204264941797 0.003695452099111456 0.012092246513912483 5.91272335857833e-07 0.0035152279465791502 1938 1938 5476
2.7720903808616644 0.003841770113840237 0.015111698027048532 6.14683218214438e-07 0.003654410152346682 1056 1056 5945
2.993597149794816 0.00410214744441897 0.017138759086730477 6.563435911070352e-07 0.0039020890951548203 940 940 5990
2.998697242125149 0.0037690464004310623 0.016116082940755685 6.0304742406897e-07 0.0035852331144907708 845 842 5977
2.986755467806363 0.004073372393818391 0.01700966233786801 6.517395830109426e-07 0.0038747173800513534 901 901 5986
2.9942814697423548 0.0036811324635961503 0.015812591054553755 5.889811941753841e-07 0.003501606667883551 861 860 5924
2.999406823132515 0.0036214027736885222 0.015648618702444182 5.794244437901636e-07 0.0034447899457146236 852 848 5858
2.9899376310517516 0.0038471486901930562 0.016316265132531798 6.15543790430889e-07 0.0036595264199645976 811 809 5949
2.861375566150619 0.003742908677969718 0.015298693540545779 5.98865388475155e-07 0.0035603701072072667 982 982 5902
2.989050421412645 0.004130682987196242 0.017201871677590075 6.609092779513988e-07 0.003929232983034084 833 833 6023
2.9925452337123852 0.0038820412373391 0.01644078252815623 6.21126597974256e-07 0.003692717286349956 857 855 5926
2.9584342531366152 0.00411829504867828 0.01698738656398249 6.589272077885249e-07 0.003917449194065661 899 899 5985
2.9636510588368146 0.004015879250995109 0.0166994793491514 6.425406801592175e-07 0.0038200281304091627 917 917 6009
2.8695992067647804 0.004187307111456291 0.016683964744545917 6.699691378330066e-07 0.003983095595431997 1049 1049 6028
2.9772481941071125 0.004101634447357513 0.01704356186320413 6.562615115772021e-07 0.003901601116537162 903 903 6007
2.991431813177896 0.004536311116403873 0.01847303803007525 7.258097786246198e-07 0.004315078962759305 915 915 5933
2.897173708737233 0.0036971377101818323 0.015349132118270745 5.915420336290933e-07 0.003516831351787155 933 931 6011
2.911479386468634 0.003802816364459319 0.015751549368374893 6.084506183134911e-07 0.0036173561452115966 928 928 5901
2.9829704637219225 0.004365730565874826 0.017895844850738828 6.985168905399722e-07 0.0041528174850616936 1014 1014 5927
2.4780764023889117 0.0040572823872663255 0.014070961245693844 6.491651819626122e-07 0.003859412069855056 1549 1549 5788
2.8644108793350695 0.003812941255957483 0.015527609811357106 6.100706009531973e-07 0.0036269872540978364 968 968 5912
2.284251456265381 0.004128791437709819 0.013141267071458526 6.606066300335711e-07 0.003927433682856817 2022 2022 5367
2.9681088744497384 0.003912087821039736 0.016400594355387738 6.259340513663578e-07 0.0037212985229323763 870 869 5896
2.3339752094880417 0.003890040180386767 0.012842356824704856 6.224064288618828e-07 0.003700326127539108 1790 1790 5602
2.4495186210130093 0.003811931525819632 0.013275912894136413 6.099090441311412e-07 0.0036260267676664396 1521 1521 5758
2.9892658458466728 0.004160228839126918 0.017295309345510875 6.65636614260307e-07 0.003957337908122188 857 857 5972
2.937706920725586 0.00411016874629908 0.016843417626646054 6.576269994078528e-07 0.003909719204754587 929 928 5997
2.9811129072489364 0.004032680207800239 0.016850416695190967 6.452288332480383e-07 0.0038360097184007547 866 866 6014
2.946187550868208 0.004231316657993693 0.01726426111840804 6.770106652789909e-07 0.004024958832663985 939 939 5926
2.8987681431090584 0.004189605078437284 0.01686049588190505 6.703368125499656e-07 0.003985281492457654 1030 1029 5958
2.991234914195379 0.004077412572588748 0.017047824527349275 6.523860116141998e-07 0.0038785605226335975 871 871 5988
2.261920694047496 0.003841770113840237 0.01233057288664339 6.14683218214438e-07 0.003654410152346682 2024 2024 5483
2.964965307573951 0.004431188202295488 0.01798844064352715 7.089901123672781e-07 0.0042150828065140415 955 955 5905
2.955467263181915 0.0039138702845436055 0.01633629439031047 6.26219245526977e-07 0.003722994057160534 852 852 5946
2.9954678444647933 0.004154079458220137 0.01731197296492185 6.64652713315222e-07 0.003951488427452996 814 814 6016
2.992376834334654 0.004266581616985632 0.017644631646904385 6.826530587177012e-07 0.004058503948676513 922 922 5989
2.96482605518258 0.003943474770536241 0.01648047632992038 6.309559632857987e-07 0.00375115475677573 820 819 5963
2.9858142243919907 0.004007062157492072 0.016796730495529197 6.411299451987316e-07 0.0038116410392879086 865 865 5930
2.9877884428969765 0.0038188818696175963 0.016215211003844304 6.110210991388155e-07 0.0036326381489268844 840 839 5912
2.105369655229889 0.004030116286134728 0.01189471186364206 6.448186057815566e-07 0.003833570837081305 2652 2652 5217
2.96643960006353 0.004031807638135554 0.016764762844291063 6.450892221016887e-07 0.003835179703239314 869 869 6000
2.9864590682337004 0.004337667941934606 0.017829990634323115 6.94026870709537e-07 0.004126123452157649 944 944 5975
2.760133388627877 0.003747719734466759 0.014771489539191014 5.996351575146816e-07 0.003564946532444935 1120 1120 5921
2.118570772646318 0.003923480958625218 0.011731818949079544 6.27756953380035e-07 0.003732136026589733 2457 2457 5249
2.9886039860527807 0.003763019149328869 0.016042729790248633 6.020830638926191e-07 0.0035794998074562736 863 861 5857
2.991431813177896 0.004229837680077805 0.017524783495238696 6.767740288124488e-07 0.0040235519832818615 863 863 6040
2.9845614631574016 0.003989164999329112 0.016733584975064372 6.38266399892658e-07 0.0037946167107750562 800 800 5984
2.985143054162201 0.003726319878245399 0.01590782653718363 5.962111805192638e-07 0.003544590329570546 848 846 5941
2.9894794434260876 0.003966992558994091 0.01669148682053756 6.347188094390546e-07 0.0037735256020773504 850 849 6007
2.9706400781394544 0.0039522930436087815 0.016540364454413883 6.323668869774051e-07 0.0037595429699398553 859 858 5996
2.9883078149831737 0.0036669158163442784 0.015735789890147994 5.867065306150846e-07 0.0034880833547986786 843 841 5907
2.982507115948118 0.0038965087065891343 0.01643116041543741 6.234413930542615e-07 0.0037064791890509072 855 855 6008
2.989709386492596 0.004002586333561333 0.016804593181318633 6.404138133698133e-07 0.003807383497600632 783 783 5997
2.9708506553392553 0.003762308904980218 0.01594519181785057 6.01969424796835e-07 0.003578824201139018 849 846 5936
2.992302134684426 0.003773936289848164 0.01609723126739501 6.038298063757063e-07 0.0035898845280319734 834 832 5912
2.9906925473559287 0.004270719094357748 0.017647554547695975 6.833150550972398e-07 0.004062439644687914 995 995 6021
2.9777580095629914 0.004073700350929184 0.016959443973363124 6.517920561486695e-07 0.003875029342964205 887 887 6008
2.992692976503325 0.0038806438794601363 0.01643718046271069 6.209030207136219e-07 0.00369138807646284 858 856 5898
2.989221825746305 0.004193164545009109 0.017397700614340372 6.709063272014576e-07 0.003988667366779013 923 923 6011
2.957674173691874 0.003922742801761543 0.016376146271949815 6.27638848281847e-07 0.0037314338690278017 872 872 5949
2.969029111362159 0.003990714789240285 0.01665133364941715 6.385143662784457e-07 0.0037960909187098294 921 921 6000
2.9715594730774 0.0038571912015681236 0.01624751098598237 6.171505922508999e-07 0.003669079166338435 836 836 5948
2.9615625536285957 0.003812478862896591 0.016052807103336057 6.099966180634546e-07 0.0036265474115653516 873 872 6001
2.9906392843498466 0.0037690464004310623 0.016072776562900796 6.0304742406897e-07 0.0035852331144907708 827 825 5888
2.996845649593335 0.004154079458220137 0.01731993583629111 6.64652713315222e-07 0.003951488427452996 799 799 6073
2.9864763070105957 0.003901884930673765 0.01646996065243636 6.243015889078024e-07 0.003711593219118814 843 842 5941
2.971971888059751 0.00407913338136553 0.01694339282829914 6.526613410184849e-07 0.003880197408984882 881 880 6007
2.9899376310517516 0.0037571616531461016 0.016031305372774567 6.011458645033763e-07 0.00357392797653372 887 885 5897
2.9909028743281185 0.0038188818696175963 0.016232113526823477 6.110210991388155e-07 0.0036326381489268844 849 846 5874
2.979142924617492 0.0041819083027933406 0.01730409264603334 6.691053284469345e-07 0.003977960082217038 942 942 6037
2.973655683103323 0.0040451329408327154 0.016847089712631998 6.472212705332346e-07 0.003847855141908632 826 826 6013
2.9832597240605923 0.003994398004434274 0.016742686379170563 6.391036807094839e-07 0.0037995945065350603 880 880 5939
2.638369629065233 0.004030483749812759 0.014907019899531524 6.448773999700415e-07 0.003833920379858677 1340 1340 5867
2.994873267496539 0.003868041984103985 0.016409309662320303 6.188867174566377e-07 0.0036794007651548516 819 818 5957
2.9620370772415336 0.004137047522858455 0.017066099730300377 6.619276036573529e-07 0.003935287125538648 903 903 6027
2.9713451094832446 0.004034497899059753 0.016800869179465473 6.455196638495605e-07 0.003837738762355953 870 870 6036
2.9862138159378904 0.003989164999329112 0.016742849245880174 6.38266399892658e-07 0.0037946167107750562 784 784 5934
2.9854652826180184 0.004027871476071794 0.01685996081338875 6.444594361714871e-07 0.0038314355045546335 809 809 5972
2.5165478393852556 0.0037096323547896716 0.013366038078952492 5.935411767663475e-07 0.003528716642877415 1481 1481 5839
2.954943350190797 0.00365729020812837 0.015529784855628209 5.851664333005393e-07 0.0034789271795606013 951 946 5931
2.9963776397813096 0.004308935841108011 0.017799961314090014 6.894297345772818e-07 0.004098792592203096 940 940 5991
2.9899420172989712 0.0038443621323505693 0.01630748183624012 6.150979411760912e-07 0.0036568757602509928 821 819 5935
2.992572130121668 0.003922560023444899 0.016568794123815678 6.276096037511839e-07 0.0037312600046589864 830 828 5922
2.15460930609985 0.003922775425386505 0.011929784729574837 6.276440680618409e-07 0.003731464901625468 2507 2507 5320
2.988717934967114 0.003773936289848164 0.016077949895006393 6.038298063757063e-07 0.0035898845280319734 875 872 5971
2.963641016987147 0.004084298922329541 0.016911920279163464 6.534878275727266e-07 0.003885111030774285 866 866 6054
2.993519232175673 0.0035940129831789104 0.015530293664040452 5.750420773086257e-07 0.0034187359327094253 911 908 5903
2.992692976503325 0.003994330220202882 0.01679541471298609 6.390928352324612e-07 0.003799530028084756 847 847 6009
2.9861899950721473 0.004064001755725089 0.016977139728705862 6.502402809160142e-07 0.0038658037402531883 907 907 5986
2.9852474531057975 0.004223680910116945 0.017469429077107825 6.757889456187113e-07 0.004017695473916667 935 935 6040
2.9897618670714214 0.003805333723772131 0.016183040054969774 6.08853395803541e-07 0.0036197507349859047 837 834 5951
2.9918748888197566 0.0037214490344891927 0.015928212162529643 5.954318455182709e-07 0.003539957032849056 825 822 5893
2.9615625536285957 0.00425785995148942 0.017436095065030015 6.812575922383073e-07 0.004050207631616857 976 976 5956
2.949081747273821 0.004010076217048786 0.01659942263748229 6.416121947278058e-07 0.0038145081056446778 868 868 5993
2.9842917954329446 0.004184710036386696 0.01734271447081595 6.695536058218715e-07 0.003980625177572651 892 892 5964
2.98061818170211 0.004007352966415565 0.016768410082262288 6.411764746264904e-07 0.0038119176656999307 866 866 6003
2.9947022489048845 0.004007510802317762 0.016848140675424634 6.412017283708421e-07 0.0038120678040752904 825 824 6010
2.9918919722039847 0.0037553486465954425 0.016036027409839202 6.008557834552708e-07 0.003572203388817987 852 850 5936
2.9877884428969765 0.004083800481953925 0.017048158283898166 6.53408077112628e-07 0.0038846368989248993 883 883 6012
2.9880713089651922 0.003989500381963824 0.01675431654927609 6.383200611142119e-07 0.003794935737075146 818 818 5990
2.989906720133908 0.0036481623408762447 0.015684435784166166 5.837059745401992e-07 0.003470244470869816 865 862 5902
2.9891006824780586 0.004060746830742985 0.016983496824262003 6.497194929188777e-07 0.0038627075552792687 877 877 6000
2.941127643732724 0.003877985094256373 0.016145706905842168 6.204776150810198e-07 0.003688858958021698 915 915 5947
2.9897934779041746 0.004128110466446906 0.017198113771379038 6.604976746315051e-07 0.003926785922001039 839 839 6047
2.9959955161130263 0.004244441227079252 0.017597026060332113 6.791105963326803e-07 0.004037443327334464 869 869 5997
2.749675027128055 0.004152500600358446 0.01588691022277127 6.644000960573514e-07 0.003949986569187689 1083 1083 5935
2.9885373925448895 0.003737011645975524 0.015959862836171436 5.979218633560839e-07 0.003554760668602219 830 828 5920
2.9963800047562392 0.0038799636799260705 0.016455279987199874 6.207941887881713e-07 0.003690741049699328 834 831 5939
2.9893307974405765 0.003949056852075475 0.016634253120509375 6.31849096332076e-07 0.003756464604799877 916 915 5964
2.991032163761308 0.004011771093001057 0.016840869105159702 6.418833748801692e-07 0.0038161203238939265 796 796 5976
2.7723529324688085 0.004259581711900737 0.016327090669192756 6.815330739041181e-07 0.004051845423192245 1135 1135 5903
2.9860907968556805 0.003775701305889274 0.016069405861924603 6.041122089422839e-07 0.003591563465695748 858 856 5997
2.9915192108902633 0.004251267648899424 0.01759196588861263 6.802028238239079e-07 0.004043936830189819 976 976 6007
2.9847856539853534 0.004093362224804886 0.017060885966690153 6.549379559687819e-07 0.0038937323234592308 858 858 6052
2.224006725113143 0.003972005032063825 0.012429261227485501 6.355208051302121e-07 0.0037782936209675 2226 2226 5386
2.9657323518272065 0.0038449001401157524 0.01617712633217226 6.151840224185205e-07 0.0036573875298209746 810 809 5920
2.9894745555614195 0.00411016874629908 0.017140228682552303 6.576269994078528e-07 0.003909719204754587 835 835 6052
2.9897548693407994 0.003897641554687703 0.0164746618988979 6.236226487500326e-07 0.003707556789081571 824 824 5909
2.989221825746305 0.004037584365122898 0.016911623714165384 6.460134984196638e-07 0.0038406747040135238 849 849 5955
2.16072690240831 0.003861903258904103 0.011824901051737703 6.179045214246565e-07 0.0036735614205225166 2289 2289 5276
2.9719883686709316 0.004061127115126477 0.01688745181938752 6.497803384202364e-07 0.003863069293506865 878 878 5977
2.9678656304966666 0.004024139565450354 0.01674895084226855 6.438623304720566e-07 0.0038278855961378045 871 871 6002
2.988978360996403 0.004329759272203217 0.017820536528539866 6.927614835525148e-07 0.004118600481729558 939 939 5999
2.987751596553646 0.004092803799013889 0.017076093763987648 6.548486078422222e-07 0.003893201131633722 915 915 6020
2.9751164583298837 0.004154079458220137 0.017194354394180957 6.64652713315222e-07 0.003951488427452996 936 936 6039
2.989757969707426 0.0038956719094524984 0.016468467782137904 6.233075055123998e-07 0.003705683201820812 836 836 5908
2.0576048972682135 0.004037170748902548 0.011640077043546724 6.459473198244078e-07 0.003840281259515276 2770 2770 5123
2.988460001153296 0.0038471486901930562 0.01630820161945361 6.15543790430889e-07 0.0036595264199645976 805 804 5952
2.970834158037303 0.0038188818696175963 0.016123197358409513 6.110210991388155e-07 0.0036326381489268844 901 900 5947
2.9906201049832406 0.003989500381963824 0.016768607819761437 6.383200611142119e-07 0.003794935737075146 839 839 6027
2.98645932525804 0.004073813623888021 0.017009355381681468 6.518101798220834e-07 0.003875137091694216 884 884 6013
2.9843028900905724 0.004143674515250733 0.01721503607748267 6.629879224401173e-07 0.0039415909249749075 850 850 5973
2.6802862467472015 0.003934096229357062 0.014872348850097333 6.2945539669713e-07 0.003742233599318671 1236 1236 5895
2.984792154634907 0.0037335468270744314 0.015928876206739186 5.97367492331909e-07 0.003551464826062713 830 828 5909
2.9761513918381457 0.003831655265011046 0.01619227642402918 6.130648424017674e-07 0.003644788596356727 842 842 5903
2.9774017647042395 0.004208668405975591 0.01737698740258716 6.733869449560946e-07 0.004003415117226748 1017 1017 6030
2.987703706103268 0.003872353422064565 0.016383628813200938 6.195765475303304e-07 0.003683501937840222 868 867 5922
2.9814460479563447 0.004042719861351305 0.01688368415809991 6.468351778162088e-07 0.00384555974632431 850 850 5991
2.9886723392712793 0.004000151715942411 0.016791123429187517 6.400242745507858e-07 0.003805067614276011 797 797 5979
2.991032163761308 0.0039207404094937495 0.016554533499611543 6.273184655189999e-07 0.003729529131780238 840 838 5949
2.9883078149831737 0.003912754228666659 0.01651430475432676 6.260406765866654e-07 0.0037219324304086864 877 875 5933
2.9888053420721565 0.003818741318382826 0.016220285296873048 6.109986109412522e-07 0.0036325044522599707 846 844 5929
2.972546928954398 0.0040502577803646364 0.016856774195954174 6.480412448583419e-07 0.003852730047241237 869 869 6006
2.9639809134952344 0.004083324316546268 0.016910836809113622 6.533318906474029e-07 0.0038841839557116472 853 853 6053
2.98857546593365 0.003958608585132623 0.01666008582253331 6.333773736212197e-07 0.0037655505077097877 863 863 6020
2.9890961729932 0.0038449001401157524 0.01630456854265079 6.151840224185205e-07 0.0036573875298209746 840 839 5916
2.9830492625439717 0.00411016874629908 0.017103389101005576 6.576269994078528e-07 0.003909719204754587 879 879 5958
2.9915288922183745 0.0038040494218394266 0.016188535985471104 6.086479074943083e-07 0.0036185290673997456 836 834 5943
2.9910242877408453 0.003939050902176009 0.016612173706505855 6.302481443481614e-07 0.0037469466368286164 862 860 5930
2.9963942949589155 0.004146792453013994 0.017294538508063152 6.634867924822392e-07 0.003944556803483723 830 829 6071
2.9905348490406363 0.003805333723772131 0.016187224066515092 6.08853395803541e-07 0.0036197507349859047 849 847 5988
2.432844980920562 0.004008775309076394 0.013690371364264004 6.41404049452223e-07 0.003813270641881697 1721 1721 5695
2.987212491775111 0.0039518391115279175 0.016631211902004055 6.322942578444669e-07 0.003759111175752377 866 866 5978
2.9901115873388955 0.00401164929785447 0.016835303585862917 6.418638876567153e-07 0.0038160044685962356 774 774 5948
2.9884859436633784 0.003964326741021118 0.0166775613816727 6.34292278563379e-07 0.0037709897938493562 879 878 6000
2.989757969707426 0.00393358897232005 0.016587945762273976 6.293742355712081e-07 0.0037417510807891976 877 875 5941
2.9892514251181534 0.004024949691544188 0.016872180647629697 6.439919506470702e-07 0.00382865621304987 809 809 5968
2.989906458355358 0.004057426435785592 0.016977675105621034 6.491882297256948e-07 0.0038595490932467843 855 855 5969
2.9884137151126597 0.003864819370744359 0.0163637458320818 6.183710993190975e-07 0.003676335315992217 857 856 5925
2.9910577296857666 0.003989500381963824 0.016771061610865383 6.383200611142119e-07 0.003794935737075146 858 858 6006
2.9754377356218074 0.004024209567225767 0.016791902020460176 6.438735307561228e-07 0.0038279521839843377 879 879 5984
2.9741736752304746 0.004143674515250733 0.01715660541354699 6.629879224401173e-07 0.0039415909249749075 935 935 6029
2.5662238004962337 0.004199266939654751 0.014952105830049309 6.718827103447602e-07 0.0039944721526682875 1407 1407 5839
2.994873267496539 0.003988807776693906 0.016790276319894035 6.38209244271025e-07 0.0037942769095932923 877 877 6013
2.988898759653044 0.004073302765069299 0.017021650562663224 6.517284424110878e-07 0.0038746511470389568 893 893 5997
2.991431813177896 0.0041998249206544 0.01743131947234414 6.719719873047041e-07 0.003995002921394555 902 901 6014
2.9704231723503725 0.003730008025388658 0.015841025535041582 5.968012840621854e-07 0.003548098608817948 853 851 5925
2.9864085710185098 0.004060809991576664 0.016968398347405954 6.497295986522663e-07 0.003862767635811156 924 924 5974
2.9886723392712793 0.0041720950034426375 0.017328865737757247 6.675352005508221e-07 0.003968625369386088 914 914 5962
2.999685022129034 0.003936779431644512 0.01665310138162395 6.298847090631221e-07 0.0037447859440424567 841 840 5956
2.9873500481128796 0.003998896866771526 0.016779757731470748 6.398234986834442e-07 0.003803873963064756 795 795 5977
2.9899420172989712 0.004025301598894332 0.016877182333661565 6.440482558230932e-07 0.0038289909581686416 803 803 5976
2.982289513371164 0.003926509360520993 0.016524271128734058 6.282414976833589e-07 0.0037350167358215104 865 864 5950
2.995335133396018 0.00415492536309871 0.017313850021954024 6.647880580957937e-07 0.003952293078247962 815 815 6026
2.9928765824817725 0.003989777662528424 0.016782131898693518 6.38364426004548e-07 0.003795199494895186 846 846 6004
2.9749996875144946 0.0038449001401157524 0.016227676699633282 6.151840224185205e-07 0.0036573875298209746 839 839 5961
2.9933216126215547 0.003922775805524459 0.016573624251454037 6.276441288839134e-07 0.003731465263224406 826 825 5922
2.9897548693407994 0.004002291025948219 0.0168039217561512 6.403665641517151e-07 0.003807102591896373 785 785 5987
2.9871523649160587 0.004179548618400513 0.017343266972058416 6.687277789440822e-07 0.003975715477686846 889 889 6024
2.969864592016105 0.004022609723768929 0.01675546523968566 6.436175558030288e-07 0.003826430363574061 899 899 6002
2.449901230770805 0.004124943485794943 0.014084399587033506 6.59990957727191e-07 0.003923773392384776 1624 1624 5717
2.9917503398517478 0.00416176148704775 0.01731446776450699 6.658818379276401e-07 0.003958795810067357 853 852 6042
2.9883670876364423 0.004106676428357654 0.017122968167506202 6.570682285372247e-07 0.0039063972042802765 881 881 6046
2.9947275260217348 0.003770209414282062 0.01609844234584547 6.032335062851299e-07 0.0035863394091149854 842 840 5907
2.959544900425371 0.004019520757280946 0.016687651382518043 6.431233211649513e-07 0.0038234920434353104 888 888 5989
2.995571278015131 0.004133444168252875 0.017248038062353192 6.613510669204601e-07 0.0039318595035667606 824 824 6023
2.2291669381059798 0.003901946457576795 0.012293659791932605 6.243114332122873e-07 0.0037116517454055032 2194 2194 5474
2.958637428403819 0.0038471486901930562 0.016145458089668503 6.15543790430889e-07 0.0036595264199645976 862 862 5882
2.9877884428969765 0.004009483598620189 0.016815431399497354 6.415173757792303e-07 0.0038139443887283196 807 807 5984
2.9880713089651922 0.003891602514076324 0.016446350048879486 6.226564022522119e-07 0.0037018122675025328 807 806 5950
2.245522823204394 0.004002964171013579 0.012622551602901575 6.404742673621726e-07 0.003807742908231801 2178 2178 5389
2.985010587493727 0.0038818055780520814 0.01639864540536321 6.21088892488333e-07 0.0036924931199720998 791 791 5906
2.9906492063978125 0.004101704065551624 0.017120495058393102 6.562726504882599e-07 0.003901667339509336 894 894 5989
2.9915642588499085 0.00388291084238098 0.016438138737377355 6.212657347809568e-07 0.003693544481470802 823 821 5943
2.9761513918381457 0.004165788500654601 0.017236692331445876 6.665261601047363e-07 0.0039626264295402665 985 985 6052
2.9905228073402452 0.004000375281919508 0.0168022219279755 6.400600451071213e-07 0.0038052802771247015 804 804 5995
2.988116442566126 0.003910396715713193 0.016505821680614683 6.256634745141108e-07 0.003719689891418548 876 874 5916
2.758921758370735 0.004037510863476299 0.015608480661778142 6.460017381562079e-07 0.0038406047869816383 1180 1180 5956
2.9988591043104327 0.0042282893766118525 0.01756346409315862 6.765263002578964e-07 0.004022079189299602 886 886 6037
2.993374090198257 0.004017346297762902 0.016871570100389838 6.427754076420644e-07 0.003821423630515449 802 802 5991
2.9873500481128796 0.003977510741159225 0.01671263308768879 6.364017185854761e-07 0.0037835308211689417 815 815 6019
2.9852750902353495 0.0039796631871457855 0.01670777871834442 6.367461099433257e-07 0.003785578294139103 812 812 5965
2.989709386492596 0.004062528756048476 0.016992535671813067 6.500046009677562e-07 0.0038644025775565385 883 883 6000
2.994383672015283 0.00411436920516224 0.017181522813789443 6.582990728259585e-07 0.003913714810701635 904 904 6016
2.9995782587085436 0.003773936289848164 0.016136373521711125 6.038298063757063e-07 0.0035898845280319734 831 828 5986
2.9754625556094805 0.004217901939929962 0.017394272389812667 6.74864310388794e-07 0.004012198339341817 975 975 6049
2.9677323927094093 0.003922775805524459 0.016431940139087546 6.276441288839134e-07 0.003731465263224406 917 915 5977
2.9941999634366963 0.004002291025948219 0.01682890541422704 6.403665641517151e-07 0.003807102591896373 831 831 5984
2.989221825746305 0.003939185517362784 0.01660258647582121 6.302696827780456e-07 0.0037470746869437024 836 836 6000
2.6676745903794106 0.004157479523677172 0.015426992890451127 6.651967237883476e-07 0.003954722674520531 1346 1346 5872
2.9897618670714214 0.003983190489935404 0.016743973231123796 6.373104783896647e-07 0.0037889335732794 848 848 6056
2.005699306464486 0.003968045906677712 0.011200861487924981 6.34887345068434e-07 0.003774527578862767 3004 3004 4916
2.9940842343335174 0.003889725561051438 0.01647351620838049 6.223560897682301e-07 0.0037000268519294063 848 846 5913
2.986995790757957 0.0039020792486408017 0.016473437594063292 6.243326797825283e-07 0.0037117780603587837 857 856 5938
2.989139019152941 0.004003879836401174 0.016805447048548968 6.40620773824188e-07 0.003808613917373272 804 804 5955
2.995571278015131 0.00375289961428642 0.016047961387700885 6.004639382858272e-07 0.0035698737937958185 840 837 5991
2.9895132686007795 0.0039431627043985664 0.016616722242850806 6.309060327037707e-07 0.0037508579098463383 861 860 5992
2.991979102444172 0.0038471486901930562 0.016327405561734495 6.15543790430889e-07 0.0036595264199645976 812 810 5972
2.990076766906152 0.004131370507646366 0.017209925495102987 6.610192812234186e-07 0.003929886973678612 819 819 6050
2.9955680089137195 0.0039060122603352633 0.016533136585866946 6.249619616536422e-07 0.0037155192623150803 836 834 5901
2.973655683103323 0.004131370507646366 0.017115410989012918 6.610192812234186e-07 0.003929886973678612 898 898 6052
2.988815176794717 0.004248988959816504 0.017568984389346048 6.798382335706406e-07 0.004041769270895038 1004 1004 6025
2.9906492063978125 0.00419922529266393 0.01742489118927871 6.718760468262289e-07 0.0039944325367668775 879 878 5998
2.9939746576410586 0.004092157192669228 0.017109635581847204 6.547451508270765e-07 0.0038925860597474617 890 890 6043
2.993417495060891 0.004090044445595453 0.01709983503630105 6.544071112952725e-07 0.003890576349606834 885 885 6034
2.9905228073402452 0.003998841009070022 0.01679740349251606 6.398145614512035e-07 0.003803820829497308 781 781 6014
2.990042632621447 0.00411795976337296 0.017167834804060544 6.588735621396737e-07 0.00391713026034829 798 798 6052
2.9898295901348075 0.004050900271420658 0.01695679406439771 6.481440434273053e-07 0.0038533412045380923 858 858 5973
2.9891355059982434 0.004075647290943479 0.017030335705312857 6.521035665509567e-07 0.0038768813323189605 928 928 5985
2.985801339321461 0.004055850921751376 0.01694943641475843 6.489361474802202e-07 0.003858050415733244 920 920 5998
2.9950586203749903 0.003998896866771526 0.016823056298070085 6.398234986834442e-07 0.003803873963064756 867 867 5990
2.9921970768582336 0.0039970899356464315 0.016801304899441562 6.395343897034291e-07 0.0038021551544810918 851 851 5992
2.9852747663752415 0.003919061015632394 0.01651738520325627 6.270497625011831e-07 0.0037279316405730953 871 870 5960
2.986869466929284 0.004023755478809141 0.01685499417749334 6.438008766094626e-07 0.003827520241085463 858 857 5950
2.996533926203738 0.00408303069305982 0.017095645504569882 6.532849108895713e-07 0.0038839046520005864 869 869 5979
2.987857099386134 0.0038449001401157524 0.016297809790377 6.151840224185205e-07 0.0036573875298209746 806 805 5952
2.987683322911964 0.004039249904320566 0.016908136872053368 6.462799846912907e-07 0.0038422590162375068 836 836 5956
2.988871981515386 0.004001330651558282 0.016795945338107614 6.402129042493252e-07 0.0038061890541737503 791 791 5983
2.9878294807722403 0.00392642981550286 0.01655471662208588 6.282287704804577e-07 0.0037349410701483397 881 879 5977
2.996300026144377 0.004167312036104177 0.017358146608805032 6.667699257766684e-07 0.00396407566342189 883 883 6052
2.988634295203017 0.004008047987982147 0.016815687886858287 6.412876780771436e-07 0.0038125787916376513 800 800 5938
2.9892106690637408 0.004006082877148187 0.01681276401251607 6.4097326034371e-07 0.0038107095176391262 802 802 5951
2.9615625536285957 0.004090044445595453 0.01691786434745392 6.544071112952725e-07 0.003890576349606834 886 886 6057
2.988283567511844 0.003911179712189182 0.016509211284847516 6.257887539502691e-07 0.0037204347018018643 888 886 5927
2.9894458069109278 0.004154079458220137 0.017277169269225727 6.64652713315222e-07 0.003951488427452996 830 829 6012
2.98624068366526 0.00409607944835695 0.017077690775160827 6.553727117371121e-07 0.0038963170302586 893 893 6012
2.989593537391558 0.004089203813249318 0.017075361336530665 6.542726101198909e-07 0.0038897767142072465 928 928 6048
2.990220295732534 0.00400166334621501 0.01680456683108981 6.402661353944016e-07 0.0038065055235863257 809 809 5994
2.9802922686406914 0.0038769034851090555 0.016357303432576402 6.203045576174489e-07 0.003687830098060872 847 847 5966
2.984294732274563 0.00407839395979964 0.017011336345374554 6.525430335679425e-07 0.0038794940483992202 876 876 6039
2.9911066882475477 0.004013320584458953 0.016846153265341716 6.421312935134326e-07 0.003817594247930742 808 808 5977
2.9734720273961415 0.0038521080000688537 0.016241996855889198 6.163372800110167e-07 0.003664243868385953 803 803 5988
2.989289115321028 0.004002595985799553 0.01680226121314224 6.404153577279286e-07 0.0038073926791071513 794 794 5995
2.9987685817401974 0.004122598335910331 0.017232471756058083 6.59615733745653e-07 0.0039215426135268145 908 908 5982
2.9904550254156423 0.003831655265011046 0.016270097864628612 6.130648424017674e-07 0.003644788596356727 829 828 5930
2.9891002699537847 0.003994548482623357 0.01677593722008794 6.391277572197371e-07 0.0037997376460269083 806 806 5969
2.990117727333879 0.004117548014439974 0.017166979306270404 6.588076823103959e-07 0.003916738592071341 809 809 6071
2.9854652826180184 0.003869361071152785 0.016361920792046927 6.190977713844457e-07 0.003680655521415669 822 822 5895
2.988985901209749 0.004000151715942411 0.016792885100128278 6.400242745507858e-07 0.003805067614276011 770 770 5981
2.9911604234017184 0.003995108856487153 0.016789260163944462 6.392174170379445e-07 0.0038002706909193106 838 838 6013
2.988365006331928 0.004003674310310146 0.01680045053350929 6.405878896496234e-07 0.003808418414620278 781 781 5962
2.990640071433239 0.003970594856464549 0.016709295303074863 6.352951770343279e-07 0.0037769522184697233 853 853 6005
2.9885299016000415 0.004002586333561333 0.01679796351896 6.404138133698133e-07 0.003807383497600632 792 792 5949
2.130067033568319 0.004243121421811589 0.012508058446483634 6.788994274898543e-07 0.004036187887881725 2624 2624 5232
2.9906123249109275 0.00400694027064495 0.016823339579299507 6.41110443303192e-07 0.0038115250967618434 763 763 5982
2.988424554704446 0.0038449001401157524 0.016300905078583484 6.151840224185205e-07 0.0036573875298209746 818 817 5946
2.986929964714827 0.003924794118153856 0.016544585813535753 6.27967058904617e-07 0.0037333851444106606 878 877 5974
2.9714714223207253 0.004002291025948219 0.016701159614576095 6.403665641517151e-07 0.003807102591896373 902 902 5980
2.989221825746305 0.004003256585975485 0.01680395643750621 6.405210537560777e-07 0.0038080210623570683 799 799 5963
2.987366588298858 0.0039016671248583235 0.016474184275732086 6.242667399773319e-07 0.0037113860355134443 839 838 5938
2.990160227124481 0.004019324310016879 0.01685966220031732 6.430918896027006e-07 0.0038233051767423707 798 798 6001
2.9937460862497485 0.003995999009151596 0.01680657242495267 6.393598414642555e-07 0.0038011174315721054 831 831 5974
2.987207317454132 0.003916155399296521 0.016518931202961596 6.265848638874435e-07 0.003725167728750682 880 878 5981
2.9906198496822434 0.0040050340413850674 0.01681739673228599 6.408054466216108e-07 0.0038097118327315676 763 763 5972
2.9887900853561624 0.00406242041988728 0.016986971511772187 6.499872671819649e-07 0.003864299524860618 879 876 5951
2.9923261465413287 0.004084731337773429 0.017076965105105556 6.535570140437487e-07 0.0038855223576734366 885 885 6017
2.9944183427703797 0.004024796847090037 0.01690086405962022 6.439674955344059e-07 0.0038285108226937497 804 804 6015
2.989666451368505 0.004014311534288748 0.01684115111208032 6.422898454861998e-07 0.0038185368699542263 837 837 5932
2.989889887564254 0.003921197145392824 0.016549650180807986 6.273915432628519e-07 0.0037299635930460253 858 857 5933
2.9912197336218354 0.0040086301138002 0.016832062920017942 6.413808182080321e-07 0.003813132527659432 739 739 5991
2.9911066882475477 0.0041149532865065765 0.017164545772938758 6.583925258410523e-07 0.003914270406880294 867 867 6057
2.9945854565155043 0.003898914215613494 0.01650529971946195 6.238262744981591e-07 0.003708767383383127 830 828 5935
2.990299758851828 0.004018093929320903 0.01685658824509031 6.428950286913445e-07 0.003822134800698675 809 809 5982
2.994873267496539 0.0040288361374396665 0.016916121305901154 6.446137819903466e-07 0.003832353120182812 800 800 6015
2.9901417348781933 0.003831655265011046 0.016268393352217945 6.130648424017674e-07 0.003644788596356727 812 811 5931
2.996856675122646 0.004128294687460359 0.017239319945495414 6.605271499936575e-07 0.003926961158707528 883 883 5990
2.9862138159378904 0.004133343913717709 0.017193846560047632 6.613350261948336e-07 0.003931764138362631 829 829 6002
2.990096315722327 0.004011316347158978 0.016834172625892672 6.418106155454365e-07 0.0038156877556316956 768 768 5942
2.988985901209749 0.004024590872479048 0.01686955683126992 6.439345395966477e-07 0.003828314893294744 801 801 5969
2.991032163761308 0.004149353278063064 0.017271584387442206 6.638965244900902e-07 0.003946992739206161 892 891 6050
2.9953073973630744 0.0041157415239150286 0.017191119319010774 6.585186438264046e-07 0.003915020202600118 886 886 6011
2.997071631399357 0.0041244617815567675 0.017228555429216 6.599138850490828e-07 0.003923315180465203 888 888 6000
2.991234340666036 0.0041568700838345565 0.017296216281241922 6.650992134135291e-07 0.003954142956556649 882 881 6034
2.9923508844691735 0.004133194223123518 0.017228714391564412 6.613110756997629e-07 0.0039316217480553205 842 842 6036
2.9862253140781068 0.003886007104504885 0.016418559671668394 6.217611367207817e-07 0.003696489741443324 782 781 5913
2.9940730347248357 0.003945587696313369 0.016649709524767402 6.312940314101391e-07 0.003753164636904495 837 835 5955
2.9933216126215547 0.004108228121733639 0.01715621305591367 6.573164994773823e-07 0.003907873222849452 916 916 6022
2.988598648235484 0.004005599274773214 0.016807804314604262 6.408958839637142e-07 0.0038102495001533236 770 770 5974
2.9920563664204973 0.004002205919830368 0.016816589937774712 6.403529471728589e-07 0.0038070216363337316 794 794 6024
2.991157768843205 0.004011384412832406 0.016840362285425424 6.41821506053185e-07 0.0038157525017983407 771 771 5981
2.9894112956323546 0.004078927582135055 0.017042171992863703 6.526284131416088e-07 0.0038800016464132264 909 909 6018
2.992431093503245 0.004011288060241322 0.016847228521094326 6.418060896386116e-07 0.0038156608482436956 788 788 6020
2.9919078257237395 0.004021843834158952 0.016877425223970597 6.434950134654323e-07 0.0038257018257690013 789 789 6008
2.9874464145438666 0.0040050340413850674 0.01679955129541713 6.408054466216108e-07 0.0038097118327315676 825 825 5971
2.996845649593335 0.0041220893658080815 0.017219827841678727 6.595342985292931e-07 0.0039210584654768834 911 911 5969
2.993353858922846 0.003943654249407238 0.016639618374866202 6.309846799051582e-07 0.003751325482610142 813 811 5944
2.9900962318159525 0.004017385647858417 0.016853218561193387 6.427817036573468e-07 0.0038214610615392437 824 824 5968
2.9943669794025105 0.004122972082378319 0.017208347212748887 6.596755331805312e-07 0.003921898132687657 883 883 5998
2.990462386915987 0.004000448332747142 0.016802111862676612 6.400717332395427e-07 0.0038053497653236902 817 817 5990
2.9934217611657123 0.004008273194891907 0.0168433324863498 6.413237111827052e-07 0.003812793015392071 793 793 6033
2.9874060336137562 0.0040639315356303584 0.016983833460333213 6.502290457008575e-07 0.0038657369447345925 889 889 5983
2.9949455663952262 0.0038818055780520814 0.01645322484196489 6.21088892488333e-07 0.0036924931199720998 854 851 5930
2.993875935956125 0.003956851756691109 0.016684100477941152 6.330962810705775e-07 0.0037638793583431277 885 885 5951
2.9913591002613877 0.003990205061356528 0.01677496600811401 6.384328098170445e-07 0.0037956060498347682 861 861 6009
2.9901417348781933 0.004070393760961855 0.01701962186659431 6.512630017538968e-07 0.0038718840126637983 869 869 5981
2.9928149515335245 0.004170171954328461 0.017346883534100233 6.672275126925538e-07 0.003966796105791945 846 845 6017
2.999017459555389 0.003989164999329112 0.016814635624250552 6.38266399892658e-07 0.0037946167107750562 867 867 6013
2.994268623854785 0.004166648703131417 0.017344306694796113 6.666637925010268e-07 0.003963444680651394 866 866 6047
2.993328255025019 0.0040116943643840886 0.016853556068614144 6.418710983014542e-07 0.0038160473372683555 755 755 6009
2.989920255687247 0.003987047971647799 0.0167569797382719 6.379276754636479e-07 0.0037926029287885916 852 852 6018
2.991559920434891 0.003989411886861709 0.016773599291748712 6.383059018978735e-07 0.0037948515578062098 859 859 6005
2.9896418658524246 0.004023166645874543 0.016868792039339178 6.437066633399269e-07 0.0038269601250476813 803 803 5969
2.990715037013767 0.004002586333561333 0.016810245753427218 6.404138133698133e-07 0.003807383497600632 796 796 6001
2.9901656994016905 0.004011150442063338 0.016834042538757525 6.417840707301341e-07 0.003815529941590806 781 781 5952
2.989593537391558 0.0038872737486154163 0.01644107431049009 6.219637997784667e-07 0.0036976946123647414 843 842 5910
2.9909341130350118 0.004004018842430754 0.016815975905098958 6.406430147889207e-07 0.003808746144193378 810 810 6009
2.9879400538292997 0.003922775805524459 0.016543827275100457 6.276441288839134e-07 0.003731465263224406 855 853 5956
2.990793632224483 0.004014368758005384 0.01684768027643484 6.422990012808615e-07 0.0038185913029173736 794 794 5949
2.9908846811113787 0.004002205919830368 0.016810004583434235 6.403529471728589e-07 0.0038070216363337316 781 781 6019
2.992697109671804 0.004027693811260939 0.016900243742704307 6.444310098017503e-07 0.003831266504310147 811 811 5979
2.995034694218899 0.004015773629115915 0.01687598679661863 6.425237806585465e-07 0.0038199276596219476 808 808 5979
2.992431093503245 0.004029477228835727 0.016904339205965766 6.447163566137164e-07 0.00383296294607997 799 798 5948
2.991668319464065 0.004171300802441578 0.017343759285466658 6.674081283906524e-07 0.00396786990091315 816 816 5996
2.9978025745093566 0.004181205996364238 0.017410280966282388 6.689929594182782e-07 0.003977292026693537 842 842 6074
2.9958104160841987 0.004031293820107194 0.01692913694401492 6.450070112171511e-07 0.0038346909436926323 821 821 6001
2.992481083200517 0.004007609331841437 0.01683595397247798 6.412174930946299e-07 0.0038121615283953176 752 752 6017
2.9944590315810067 0.004023827827991873 0.016898049603944868 6.438124524786997e-07 0.0038275890618581936 803 803 6021
2.9900018845030827 0.004001552653142735 0.0168029918486844 6.402484245028375e-07 0.003806400228923936 783 783 5996
2.9877884428969765 0.003993483983027049 0.016765233939685674 6.389574372843278e-07 0.0037987250611983938 768 768 5990
2.9923129992645414 0.004009382608956966 0.016840578620894935 6.415012174331146e-07 0.003813848324247721 778 778 6015
2.9926659444203434 0.004018384490854803 0.016870839108779265 6.429415185367686e-07 0.0038224111917860904 780 780 6001
2.985010587493727 0.004125569881638092 0.017162678716368802 6.600911810620948e-07 0.003924369239419023 824 824 5976
2.9912358445866105 0.004129301842370882 0.01721013331280455 6.606882947793412e-07 0.0039279191955033125 822 822 6014
2.9913298637507073 0.0040288361374396665 0.016896106887177395 6.446137819903466e-07 0.003832353120182812 789 789 5988
2.9945564461115923 0.003831655265011046 0.016292412367117357 6.130648424017674e-07 0.003644788596356727 847 846 5916
2.9957266679593024 0.004225390727464007 0.01753608282072783 6.760625163942413e-07 0.0040193219048812 869 869 6020
2.9910361411198414 0.004002459560170745 0.01681165246316422 6.403935296273192e-07 0.003807262906843797 800 800 6024
2.9920877488357402 0.004005063726390071 0.016825744543772416 6.408101962224114e-07 0.003809740070023348 787 787 6022
2.9909157955313006 0.004016955704839688 0.016856488466943598 6.427129127743502e-07 0.003821052086487115 786 785 5974
2.9896681877378186 0.003996641701411409 0.016785697633269175 6.394626722258255e-07 0.0038017287802602096 815 815 5967
2.9957572025293033 0.004104607463558514 0.017158831950246436 6.567371941693624e-07 0.003904429141188843 915 915 6051
2.9928142461164313 0.004023166645874543 0.016886691916764122 6.437066633399269e-07 0.0038269601250476813 764 764 6021
2.9898022085015015 0.0040065700672808225 0.016817620355136953 6.410512107649317e-07 0.003811172947910608 788 788 5974
2.9896806345377263 0.004011150442063338 0.016831311719339836 6.417840707301341e-07 0.003815529941590806 782 782 5934
2.993138920991258 0.004011961820999371 0.01685333031000765 6.419138913598994e-07 0.003816301750244988 758 758 6006
2.9899283140529263 0.004002510749530549 0.016805586434040547 6.404017199248878e-07 0.0038073115997407214 775 775 5980
2.9902128757918405 0.004004786617732598 0.016814331373061847 6.407658588372158e-07 0.0038094764757266664 768 768 5975
2.9893522259888483 0.003933550513369376 0.016585573520752052 6.293680821391002e-07 0.003741714497449843 855 853 5977
2.993138920991258 0.004011961820999371 0.01685333031000765 6.419138913598994e-07 0.003816301750244988 758 758 6006
2.991157768843205 0.004008537595306429 0.016831423724225233 6.413660152490286e-07 0.003813044521216335 741 741 6001
2.990160227124481 0.0040039726786816445 0.01681147993951022 6.406356285890632e-07 0.003808702231812258 776 776 5968
2.9955573961135187 0.004028273909295241 0.016918218971670607 6.445238254872386e-07 0.0038318183114415183 789 789 6003
2.9919078257237395 0.004012231556486403 0.016847245502412785 6.419570490378245e-07 0.0038165583309546732 755 755 5991
2.9906198496822434 0.003997581614011992 0.01679399303573813 6.396130582419189e-07 0.0038026228540980786 796 796 6000
2.986436810333571 0.003993483983027049 0.01675764958873209 6.389574372843278e-07 0.0037987250611983938 773 773 5967
2.993378173170864 0.004014983917560929 0.01686417202086368 6.423974268097486e-07 0.0038191764616485003 788 788 5995
2.9924947072193153 0.0040086301138002 0.01683923739656105 6.413808182080321e-07 0.003813132527659432 772 772 6021
2.990502993021923 0.004001552653142735 0.016805807941343412 6.402484245028375e-07 0.003806400228923936 804 804 5990
2.991992581204637 0.004010325883582378 0.016841737899445042 6.416521413731804e-07 0.003814745596147238 776 776 5995
2.9915073699369623 0.0040095146019623095 0.016836459076486305 6.415223363139695e-07 0.0038139738800630017 762 762 5982
2.9915108612497248 0.004014094014872211 0.016850857958190312 6.422550423795538e-07 0.003818329958780321 792 792 5970
2.985010587493727 0.00400922234587436 0.01679897885469577 6.414755753398976e-07 0.003813695877063541 875 875 5953
2.990360256531424 0.00400509436684567 0.016816126341603874 6.408150986953072e-07 0.0038097692161691856 759 759 5971
2.991071773086307 0.004007697403027794 0.016828301621882553 6.412315844844471e-07 0.0038122453044225173 756 756 5988
2.987586955479702 0.003993913650743966 0.01676545173746086 6.390261841190345e-07 0.003799133774374952 769 769 5960
2.992343639683324 0.004008307982551402 0.01683737541022634 6.413292772082244e-07 0.0038128261064860895 763 763 6026
2.9902953230453817 0.0040112853173460425 0.016835195637264287 6.418056507753669e-07 0.003815658239117157 780 780 5955
2.9893228183005545 0.004011316347158978 0.016829817853420852 6.418106155454365e-07 0.0038156877556316956 801 801 5944
2.993328255025019 0.004087249871215678 0.01709057281191002 6.539599793945086e-07 0.003887918064315857 912 912 6023
2.992860550674887 0.00401603753847005 0.01686456514865085 6.42566006155208e-07 0.003820178698334435 806 806 5982
2.990598504577 0.00400984567610344 0.016832383243341357 6.415753081765505e-07 0.0038142888079911903 799 799 5984
2.989413296143177 0.004001261176773141 0.01679876916033186 6.402017882837026e-07 0.003806122967616608 770 770 5991
2.991180200094171 0.004008571087002819 0.016831655111853028 6.41371373920451e-07 0.003813076379550301 740 740 5999
2.9928207054120146 0.004019733033803563 0.016875946521034565 6.431572854085701e-07 0.0038236939674069093 767 767 5990
2.991092114863762 0.004007914476771495 0.016829097692176487 6.412663162834392e-07 0.0038124517916586823 749 749 5990
2.9912449560117826 0.00400866777289588 0.016832323103941563 6.413868436633408e-07 0.0038131683501520597 749 749 5993
2.9920178035945844 0.004010363542678057 0.016841998150459194 6.416581668284892e-07 0.003814781418639866 776 776 5992
2.9920128132222845 0.004013169560076201 0.016850782370458044 6.421071296121922e-07 0.0038174505888826393 769 769 5990
2.9905833020230257 0.004005717697074751 0.01681933778082214 6.409148315319602e-07 0.0038103621470968363 745 745 5970
2.989772617335428 0.004006829222248949 0.016818267344809224 6.410926755598319e-07 0.003811419464104573 778 778 5969
2.990160227124481 0.004010031659207665 0.016830500191688486 6.416050654732264e-07 0.003814465720852737 773 773 5972
2.9912449560117826 0.00400866777289588 0.016832323103941563 6.413868436633408e-07 0.0038131683501520597 749 749 5993
2.992619758507832 0.004020198715142092 0.016876275691732136 6.432317944227348e-07 0.0038241369378504424 783 783 5994
2.9906198496822434 0.0040148593504089666 0.016848241135836085 6.423774960654347e-07 0.0038190579695338528 786 786 5957
2.986436810333571 0.004008679066656462 0.016805302130051145 6.41388650665034e-07 0.0038131790931252487 840 840 5943
2.990218526562971 0.003999379833097599 0.01679738644233021 6.399007732956158e-07 0.0038043333755212396 811 811 5976
2.9919473864375816 0.0040177068658071935 0.01686466083187302 6.42833098529151e-07 0.0038217666139534535 790 790 5970
2.991360247284526 0.004009854509605495 0.01683669839893486 6.415767215368793e-07 0.0038142972106906324 752 752 5989
2.991681705046959 0.0040106246575025905 0.016840926244647895 6.416999452004145e-07 0.003815029799109656 744 744 5994
2.9915073699369623 0.004008064359686787 0.016831904788254817 6.412902975498859e-07 0.003812594364907751 775 775 6005
2.9926659444203434 0.004005311631888076 0.016829774908184096 6.408498611020921e-07 0.0038099758853745755 797 797 6019
2.991425037582229 0.004010089081330394 0.01683779965134001 6.416142530128631e-07 0.003814520342545877 745 745 5992
2.993603911165591 0.004018502113193505 0.01687649628477172 6.429603381109608e-07 0.0038225230777802956 805 805 6012
2.9907225653672684 0.004006471898347995 0.016822489122814494 6.410355037356793e-07 0.0038110795665957094 747 747 5977
2.990618395468747 0.004014704345840918 0.016847746438635357 6.42352695334547e-07 0.003818910524410811 778 778 5954
2.9920113995910924 0.004010209414957926 0.016841478034030175 6.416335063932683e-07 0.0038146348076015914 778 778 5993
2.9931453165480484 0.0040109135505970155 0.01685007293190456 6.417461680955226e-07 0.003815304603126015 766 766 6007
2.9894329010819707 0.004011316347158978 0.01683043761691668 6.418106155454365e-07 0.0038156877556316956 800 800 5935
2.991950795756804 0.0040116943643840886 0.01684580045846009 6.418710983014542e-07 0.0038160473372683555 747 747 5984
2.9924195293130467 0.004013651284752618 0.01685458592433723 6.42184205560419e-07 0.0038179088202436972 797 797 5985
2.988365006331928 0.003999873985591247 0.016788525176940135 6.399798376945996e-07 0.003804803428605126 798 798 5962
2.991963597770966 0.004014971596827312 0.016856163861571904 6.4239545549237e-07 0.003819164741786906 762 762 5969
2.989328819715421 0.003997129427681818 0.016785323511670176 6.39540708429091e-07 0.0038021927205224675 805 805 5984
2.9928207054120146 0.003998533468627172 0.016809343886515598 6.397653549803476e-07 0.003803528287548336 854 854 5999
2.990629989241615 0.004009671008208981 0.01683201211497064 6.415473613134369e-07 0.003814122658505956 792 792 5979
2.9906750751220996 0.004005365096557198 0.01681874678606566 6.408584154491518e-07 0.0038100267426158583 767 767 5970
2.991026531070059 0.004011447741613066 0.016839822232114963 6.418316386580905e-07 0.003815812742086572 785 785 5976
2.9916162754502795 0.004013169560076201 0.016848549100711274 6.421071296121922e-07 0.0038174505888826393 773 773 5982
2.9905833020230257 0.004005140450777476 0.016817525323417837 6.408224721243962e-07 0.003809813052625627 760 760 5968
2.9915176137078827 0.00400688997146941 0.01682827420486719 6.411023954351056e-07 0.0038114772506356305 776 776 5999
2.990160227124481 0.004010034267253042 0.016830508377786987 6.416054827604867e-07 0.003814468201705891 775 775 5972
2.9919169017383345 0.00401271746551932 0.016848822514535986 6.420347944830912e-07 0.003817020542604614 774 774 5997
2.9919078257237395 0.004015202908125306 0.016856575960554065 6.424324653000489e-07 0.0038193847722235775 781 781 5969
2.9906198496822434 0.0039997680225774155 0.01680086001606925 6.399628836123866e-07 0.003804702633320129 797 797 6015
2.988451424444297 0.004008995828827153 0.016817632513645202 6.414393326123445e-07 0.0038134804070659974 829 829 5949
2.993603911165591 0.004007609331841437 0.016842271098439155 6.412174930946299e-07 0.0038121615283953176 782 782 6026
2.9896673988989337 0.00400218864716645 0.01680310873170551 6.40350183546632e-07 0.0038070052060433955 777 777 5992
2.992832596160434 0.004016511342157143 0.016865895737918635 6.42641814745143e-07 0.0038206293950062884 798 798 5969
2.989937944258699 0.0039986571270874734 0.016793540992262004 6.397851403339958e-07 0.003803645915287466 830 830 5966
2.9901805284447 0.004003755371573226 0.016810911818092685 6.406008594517161e-07 0.00380849552259238 763 763 5965
2.99221520700093 0.004007204624310403 0.0168331868274282 6.411527398896645e-07 0.003811776558116952 760 760 6021
2.991875501745547 0.004015146466041586 0.01685621662211556 6.424234345666539e-07 0.0038193310827737527 787 787 5966
2.992110686083321 0.004015951406809937 0.016860069254690878 6.4255222508959e-07 0.0038200967672443837 776 776 5966
2.991345081371363 0.004009706969549478 0.016836149753309628 6.415531151279166e-07 0.0038141568660415228 745 745 5990
2.9914702359743597 0.004009152825516826 0.01683511401362729 6.414644520826923e-07 0.0038136297471565352 754 754 5984
2.9907087748654413 0.004008307982551402 0.016828176322154165 6.413292772082244e-07 0.0038128261064860895 751 751 5996
2.9929672930767306 0.004010252881059331 0.016846995139200828 6.41640460969493e-07 0.0038146761538970617 772 772 6012
2.991963215149825 0.004012523564576403 0.01684847441101904 6.420037703322245e-07 0.003816836098050841 763 763 5998
2.99001196713284 0.004009916461395054 0.016829304126980443 6.415866338232087e-07 0.003814356141142484 770 770 5962
2.9899049489682077 0.0040091347514117 0.01682624831104242 6.414615602258722e-07 0.0038136125545106176 763 763 5976
2.991070563694194 0.004003674310310146 0.01681566105248338 6.405878896496234e-07 0.003808418414620278 786 786 6029
2.991963597770966 0.0040085933592700854 0.01683613331928508 6.413749374832137e-07 0.0038130975656174527 790 790 6027
2.9900999218122664 0.004003683951894428 0.01681023441878409 6.405894323031086e-07 0.0038084275859924417 781 781 5968
2.9919086192069986 0.004011584007036038 0.016845216421199016 6.418534411257661e-07 0.0038159423619571965 742 742 5983
2.991731084960233 0.004010667045090081 0.016841337328653946 6.41706727214413e-07 0.0038150701194894477 741 741 5997
2.991518957225091 0.004004355923160069 0.016820322847237303 6.406969477056111e-07 0.0038090667857733963 774 774 6028
2.9909449853474426 0.004006776818176172 0.016824697676612637 6.410842909081875e-07 0.003811369615735226 770 770 5979
2.9905481693841884 0.004013169560076201 0.016842533610808046 6.421071296121922e-07 0.0038174505888826393 783 783 5963
2.989523558221576 0.00400188829013876 0.01680135742001924 6.403021264222016e-07 0.003806719497180346 771 771 5990
2.991171539806325 0.004008588744355906 0.01683166182436123 6.413741990969451e-07 0.003813093175768834 746 746 5999
2.9912737926026027 0.004008915107901722 0.016833262034272965 6.414264172642757e-07 0.0038134036228335577 733 733 5990
2.9913094623927843 0.00400824787351437 0.01683136752624122 6.413196597622992e-07 0.003812768928917243 770 770 5996
2.9907361399045342 0.004006869494398649 0.01682381386273334 6.41099119103784e-07 0.003811457772214731 747 747 5980
2.988287262822508 0.004002654418674257 0.016796813328961713 6.404247069878812e-07 0.003807448262258725 781 781 5952
2.9905724125056476 0.004002762700831417 0.016809997913510472 6.404420321330268e-07 0.0038075512635843416 809 809 6003
2.991375483894 0.004010462576206793 0.016838693514449807 6.416740121930869e-07 0.0038148756223850434 747 747 5994
2.9912737926026027 0.003994129957630962 0.016786820822140384 6.39060793220954e-07 0.003799339532153382 859 859 6008
2.9931653781842575 0.004011199378534951 0.016851083886283792 6.417919005655922e-07 0.003815576491471039 755 755 6005
2.992357704875714 0.004013702703057129 0.016854399187866877 6.421924324891407e-07 0.0038179577309198835 796 796 5972
2.9893822070209484 0.004006630837268493 0.01681544857090955 6.41060933962959e-07 0.003811230754196076 791 791 5955
2.9913248616705546 0.0040091843394508535 0.016834394847446532 6.414694943121366e-07 0.0038136597241819788 740 740 5982
2.99169269327375 0.004010974311269153 0.01684208611616125 6.417558898030645e-07 0.0038153624005502606 747 747 5988
2.990670745398471 0.004005760569794983 0.016819964186466356 6.409216911671973e-07 0.003810402928949844 752 752 5973
2.991345081371363 0.004013004216623217 0.01684650263940292 6.420806746597148e-07 0.003817293309093557 784 784 5987
2.9907313406286025 0.004006168697395991 0.016821586470401596 6.409869915833586e-07 0.003810791152504191 752 752 5981
2.9907087748654413 0.004007161269437613 0.016824576028859853 6.411458031100182e-07 0.0038117353176255688 753 753 5976
2.9911983063936582 0.004008427111788533 0.016831304904418747 6.413483378861652e-07 0.0038129394258885293 746 746 5993
2.991963215149825 0.004006944235978438 0.01683095130966165 6.411110777565502e-07 0.0038115288687092866 770 770 6028
2.9917102131522766 0.004010799336690794 0.016841635273340066 6.417278938705271e-07 0.0038151959593378483 747 747 5995
2.991791834981019 0.004010548949689869 0.01684130843878955 6.416878319503792e-07 0.0038149577835045524 752 752 5986
2.990608032027665 0.004004473161687703 0.016815569143893327 6.407157058700325e-07 0.003809178306674683 782 782 5972
2.990888441120881 0.004007300110661781 0.016826022712106502 6.41168017705885e-07 0.0038118673876776873 736 736 5993
2.988576955557547 0.004004233401706091 0.01680339648664218 6.406773442729747e-07 0.0038089502395897293 767 767 5949
2.995330799529921 0.004011584007036038 0.016864484178175928 6.418534411257661e-07 0.0038159423619571965 835 834 5999
2.992023008282059 0.004013203484912179 0.016850946323404687 6.421125575859487e-07 0.003817482859232333 768 768 5994
2.9903805251042956 0.00400866777289588 0.016827458781376935 6.413868436633408e-07 0.0038131683501520597 794 794 5983
2.9962752496560885 0.004025147803221837 0.016912447813176593 6.44023648515494e-07 0.003828844662984313 782 782 6005
2.991431643802034 0.004009526081697197 0.016836068931860793 6.415241730715516e-07 0.003813984799940683 751 751 5976
2.9919036270574906 0.004005717697074751 0.016826763420067874 6.409148315319602e-07 0.0038103621470968363 761 761 6027
2.991792417195328 0.004008537595306429 0.01683499492847321 6.413660152490286e-07 0.003813044521216335 781 781 6012
2.9902764862747397 0.004005439157197053 0.016816737744821588 6.408702651515285e-07 0.003810097191379359 756 756 5985
2.991512801478118 0.00401054397159475 0.016839722079517904 6.4168703545516e-07 0.0038149530481870284 741 741 5993
2.9940216987156107 0.0040138660456464845 0.016864284881704317 6.422185673034376e-07 0.003818113107425807 782 782 6011
2.9958432493824234 0.004023492762781764 0.0169048077917722 6.437588420450823e-07 0.003827270337502172 808 808 6013
2.9933693980279585 0.004010845478324021 0.016851120524554324 6.417352765318434e-07 0.00381523985068166 775 775 6022
2.988597197681173 0.004004425176012245 0.016804112065979464 6.407080281619593e-07 0.0038091326612210608 775 775 5962
2.990769801196595 0.0040070431486830494 0.016824548462731414 6.411269037892879e-07 0.003811622957522832 745 745 5982
2.9907144275314907 0.004007685284767146 0.016826253084852406 6.412296455627435e-07 0.0038122337771594518 748 748 5982
2.986415634161239 0.0040106246575025905 0.016811282211582516 6.416999452004145e-07 0.003815029799109656 846 846 5938
2.991257875695568 0.004009041673802318 0.016833569889260384 6.41446667808371e-07 0.003813524016219516 740 740 5990
2.990680996542969 0.004005445902167118 0.016819033811251938 6.408713443467389e-07 0.0038101036074027943 761 761 5969
2.9907242733957093 0.004010089081330394 0.01683385526803533 6.416142530128631e-07 0.003814520342545877 790 790 5977
2.994040960059494 0.004005760569794983 0.01683891876044824 6.409216911671973e-07 0.003810402928949844 816 816 6028
2.9906334530727468 0.004006266506617668 0.01682134299444747 6.410026410588269e-07 0.0038108841916507552 749 749 5975
2.9907562583805722 0.004006880171192466 0.01682396055864461 6.411008273907946e-07 0.003811467928310114 747 747 5981
2.990714317564688 0.00400635485718359 0.016822075239018207 6.410167771493744e-07 0.0038109682334324098 745 745 5982
2.9911966410138513 0.004008515222433474 0.016831572207823886 6.413624355893559e-07 0.003813023239449951 741 741 5993
2.991963215149825 0.004003795833847246 0.016821061264641557 6.406073334155593e-07 0.0038085340115546506 801 801 6024
2.991596237291049 0.0040093193695196795 0.016836346126494445 6.414910991231488e-07 0.00381378816894566 750 750 5989
2.991791834981019 0.004010720363070337 0.016841846748934092 6.41715258091254e-07 0.003815120837195759 745 745 5991
2.9903600160678434 0.00400448562277661 0.016814213725930862 6.407176996442577e-07 0.0038091901600465572 748 748 5964
2.990591044033643 0.004007300110661781 0.016824349627254664 6.41168017705885e-07 0.0038118673876776873 761 761 5991
2.986959023929737 0.003994653785841807 0.016764250138129475 6.391446057346892e-07 0.0037998378136942013 764 764 5963
2.9907193000140593 0.004005968329023193 0.016820889611885846 6.409549326437109e-07 0.003810600555931761 759 759 5985
2.991345136787884 0.004009809915749246 0.016836473323130374 6.415695865198794e-07 0.0038142547916399914 750 750 5990
2.9907464459239095 0.004005753868336364 0.016820368894828484 6.409206189338183e-07 0.0038103965543158378 757 757 5971
2.9902128757918405 0.004010597544261219 0.016832572734445314 6.416956070817951e-07 0.003815004008158716 763 763 5969
2.990680996542969 0.004005445902167118 0.016819033811251938 6.408713443467389e-07 0.0038101036074027943 761 761 5969
2.991093313755795 0.004007632557010473 0.016828219192077165 6.412212091216757e-07 0.0038121836208920056 763 763 5993
2.991157768843205 0.00401335889835833 0.016846561238072832 6.421374237373329e-07 0.0038176306932928305 795 795 5979
2.9913186864588823 0.004009151784288375 0.01683425786797915 6.414642854861401e-07 0.0038136287567079375 739 739 5984
2.9920770763527917 0.00401054397159475 0.016842898476443657 6.4168703545516e-07 0.0038149530481870284 777 777 5989
2.9917808390043277 0.0040119753486293815 0.01684572589986416 6.419160557807011e-07 0.0038163146181436347 764 764 5999
2.9906198496822434 0.004008420185522446 0.016828028216112546 6.413472296835914e-07 0.00381293283741073 753 753 5990
2.991751527653425 0.004010107483969 0.016839695154785162 6.416171974350401e-07 0.0038145378477029684 753 753 5992
2.9898857593027413 0.004008807140198647 0.016825112064722182 6.414091424317836e-07 0.0038133009206263585 757 757 5975
2.9912737926026027 0.004008915107901722 0.016833262034272965 6.414264172642757e-07 0.0038134036228335577 733 733 5990
2.9912738026026027 0.004008915107901722 0.016833262090547526 6.414264172642757e-07 0.0038134036228335577 733 733 5990
2.9912737926026027 0.004008925107901722 0.01683329343528715 6.414280172642757e-07 0.0038134131351418013 735 735 5990
2.9912737926026027 0.0 -0.0 0.0 0.0 10000 0 0
2.9912738026026027 0.0 -0.0 0.0 0.0 10000 0 0
2.9912737926026027 1e-08 -1.8634123616350283e-08 1.6000000000000003e-12 9.512308243487613e-09 10000 0 0
2.9912737926026027 0.0027028021524166824 0.012601735710711335 4.3244834438666923e-07 0.0025709887194949265 4179 2667 3182
2.9912738026026027 0.0027028021524166824 0.01260173575283966 4.3244834438666923e-07 0.0025709887194949265 4179 2667 3182
2.9912737926026027 0.0027028121524166823 0.012601769280138248 4.324499443866692e-07 0.00257099823180317 4180 2668 3183
2.9912737926026027 0.0036746282241284485 0.015775986408999305 5.879405158605518e-07 0.003495419634812928 831 830 5899
2.9912738026026027 0.0036746282241284485 0.015775986461739333 5.879405158605518e-07 0.003495419634812928 831 830 5899
2.9912737926026027 0.0036746382241284485 0.015776018271897573 5.879421158605518e-07 0.0034954291471211716 830 829 5901
2.9912737926026027 0.0038680422730446693 0.01638958857254299 6.188867636871472e-07 0.0036794010400041364 857 856 5926
2.9912738026026027 0.0038680422730446693 0.016389588627334323 6.188867636871472e-07 0.0036794010400041364 857 856 5926
2.9912737926026027 0.003868052273044669 0.016389620162131475 6.188883636871472e-07 0.00367941055231238 855 854 5924
2.9912737926026027 0.0039389436702091316 0.016613221746907655 6.302309872334611e-07 0.003746844634476366 851 849 5940
2.9912738026026027 0.0039389436702091316 0.016613221802446607 6.302309872334611e-07 0.003746844634476366 851 849 5940
2.9912737926026027 0.0039389536702091315 0.016613253240535687 6.302325872334611e-07 0.00374685414678461 851 849 5939
2.9912737926026027 0.003985978105495101 0.016761202985492316 6.377564968792162e-07 0.003791585239126218 847 847 6037
2.9912738026026027 0.003985978105495101 0.01676120304152598 6.377564968792162e-07 0.003791585239126218 847 847 6037
2.9912737926026027 0.003985988105495101 0.016761234416642224 6.377580968792162e-07 0.003791594751434461 842 842 6039
2.9912737926026027 0.003996587104998326 0.016794540885798393 6.394539367997323e-07 0.0038016768464691868 820 820 6013
2.9912738026026027 0.003996587104998326 0.016794540941943506 6.394539367997323e-07 0.0038016768464691868 820 820 6012
2.9912737926026027 0.003996597104998326 0.016794572302982876 6.394555367997322e-07 0.00380168635877743 820 820 6013
2.9912737926026027 0.004005076657071986 0.016821207942046595 6.408122651315178e-07 0.0038097523700865656 790 790 6029
2.9912738026026027 0.004005076657071986 0.01682120799828086 6.408122651315178e-07 0.0038097523700865656 790 790 6029
2.9912737926026027 0.004005086657071986 0.016821239348088903 6.408138651315178e-07 0.003809761882394809 790 790 6027
2.9912737926026027 0.0040078010578388345 0.016829763722112097 6.412481692542136e-07 0.003812343904073871 779 779 5987
2.9912738026026027 0.0040078010578388345 0.016829763778374963 6.412481692542136e-07 0.003812343904073871 779 779 5987
2.9912737926026027 0.004007811057838834 0.016829795124584997 6.412497692542136e-07 0.0038123534163821146 779 779 5987
2.9912737926026027 0.004008652281118788 0.016832436726825373 6.413843649790061e-07 0.003813153613896166 752 752 5983
2.9912738026026027 0.004008652281118788 0.016832436783097177 6.413843649790061e-07 0.003813153613896166 752 752 5983
2.9912737926026027 0.004008662281118788 0.016832468128183654 6.413859649790061e-07 0.00381316312620441 752 752 5983
2.9912737926026027 0.004008864258496437 0.0168331023617808 6.4141828135943e-07 0.0038133552533118507 741 741 5991
2.9912738026026027 0.004008864258496437 0.016833102418054826 6.4141828135943e-07 0.0038133552533118507 741 741 5991
2.9912737926026027 0.004008874258496437 0.016833133762861545 6.4141988135943e-07 0.003813364765620094 739 739 5992
2.9912737926026027 0.00400890652275246 0.01683323507602315 6.414250436403937e-07 0.003813395456374948 732 732 5994
2.9912738026026027 0.00400890652275246 0.016833235132297623 6.414250436403937e-07 0.003813395456374948 732 732 5994
2.9912737926026027 0.00400891652275246 0.016833266477048574 6.414266436403936e-07 0.003813404968683192 734 734 5988
2.9912737926026027 0.0040089009183447225 0.016833217477602445 6.414241469351556e-07 0.0038133901252895555 735 735 5992
2.9912738026026027 0.0040089009183447225 0.016833217533876857 6.414241469351556e-07 0.0038133901252895555 735 735 5992
2.9912737926026027 0.004008910918344722 0.0168332488786352 6.414257469351556e-07 0.003813399637597799 733 733 5991
2.9912737926026027 0.00400890619540788 0.016833234048127386 6.414249912652609e-07 0.0038133951449946936 732 732 5994
2.9912738026026027 0.00400890619540788 0.016833234104401854 6.414249912652609e-07 0.0038133951449946936 732 732 5994
2.9912737926026027 0.00400891619540788 0.016833265449153232 6.414265912652609e-07 0.003813404657302937 733 733 5990
2.9912737926026027 0.0040088972829140385 0.016833206061971404 6.414235652662462e-07 0.0038133866671558295 739 739 5993
2.9912738026026027 0.0040088972829140385 0.016833206118245778 6.414235652662462e-07 0.0038133866671558295 739 739 5993
2.9912737926026027 0.0040089072829140385 0.01683323746300892 6.414251652662462e-07 0.0038133961794640735 732 732 5994
2.9912737926026027 0.004008905950040292 0.016833233277647824 6.414249520064468e-07 0.00381339491159348 732 732 5994
2.9912738026026027 0.004008905950040292 0.01683323333392229 6.414249520064468e-07 0.00381339491159348 732 732 5994
2.9912737926026027 0.004008915950040292 0.016833264678673986 6.414265520064467e-07 0.0038134044239017235 734 734 5988
2.9912737926026027 0.004008906158533265 0.016833233932337283 6.414249853653225e-07 0.0038133951099184223 732 732 5994
2.9912738026026027 0.004008906158533265 0.01683323398861175 6.414249853653225e-07 0.0038133951099184223 732 732 5994
2.9912737926026027 0.004008916158533265 0.01683326533336318 6.414265853653224e-07 0.0038134046222266663 734 734 5988
2.9912737926026027 0.004008906189866247 0.016833234030726087 6.414249903785996e-07 0.003813395139723322 732 732 5994
2.9912738026026027 0.004008906189866247 0.016833234087000555 6.414249903785996e-07 0.003813395139723322 732 732 5994
2.9912737926026027 0.004008916189866247 0.016833265431751936 6.414265903785996e-07 0.003813404652031564 733 733 5990
2.9912737926026027 0.004008906194238394 0.016833234044455078 6.414249910781431e-07 0.003813395143882242 732 732 5994
2.9912738026026027 0.004008906194238394 0.016833234100729545 6.414249910781431e-07 0.003813395143882242 732 732 5994
2.9912737926026027 0.004008916194238394 0.016833265445480926 6.41426591078143e-07 0.0038134046561904846 733 733 5990
2.9912737926026027 0.004008906195161076 0.016833234047352395 6.414249912257722e-07 0.0038133951447599256 732 732 5994
2.9912738026026027 0.004008906195161076 0.016833234103626863 6.414249912257722e-07 0.0038133951447599256 732 732 5994
2.9912737926026027 0.004008916195161076 0.016833265448378244 6.414265912257722e-07 0.0038134046570681692 733 733 5990
2.9912737926026027 0.004008906195355796 0.016833234047963837 6.414249912569275e-07 0.0038133951449451494 732 732 5994
2.9912738026026027 0.004008906195355796 0.016833234104238304 6.414249912569275e-07 0.0038133951449451494 732 732 5994
2.9912737926026027 0.004008916195355796 0.016833265448989682 6.414265912569274e-07 0.003813404657253393 733 733 5990
2.9912737926026027 0.004008906195396888 0.01683323404809287 6.414249912635021e-07 0.003813395144984237 732 732 5994
2.9912738026026027 0.004008906195396888 0.016833234104367333 6.414249912635021e-07 0.003813395144984237 732 732 5994
2.9912737926026027 0.004008916195396888 0.016833265449118714 6.414265912635022e-07 0.003813404657292481 733 733 5990
2.9912737926026027 0.004008906195405561 0.016833234048120104 6.414249912648898e-07 0.003813395144992487 732 732 5994
2.9912738026026027 0.004008906195405561 0.01683323410439457 6.414249912648898e-07 0.003813395144992487 732 732 5994
2.9912737926026027 0.004008916195405561 0.016833265449145946 6.414265912648898e-07 0.0038134046573007306 733 733 5990
2.9912737926026027 0.004008906195407391 0.016833234048125846 6.414249912651827e-07 0.0038133951449942282 732 732 5994
2.9912738026026027 0.004008906195407391 0.016833234104400314 6.414249912651827e-07 0.0038133951449942282 732 732 5994
2.9912737926026027 0.004008916195407391 0.016833265449151695 6.414265912651826e-07 0.0038134046573024714 733 733 5990
2.9912737926026027 0.004008906195407777 0.01683323404812706 6.414249912652444e-07 0.0038133951449945956 732 732 5994
2.9912738026026027 0.004008906195407777 0.016833234104401528 6.414249912652444e-07 0.0038133951449945956 732 732 5994
2.9912737926026027 0.004008916195407777 0.016833265449152906 6.414265912652444e-07 0.0038134046573028387 733 733 5990
2.9912737926026027 0.004008906195407859 0.016833234048127314 6.414249912652574e-07 0.0038133951449946723 732 732 5994
2.9912738026026027 0.004008906195407859 0.01683323410440178 6.414249912652574e-07 0.0038133951449946723 732 732 5994
2.9912737926026027 0.004008916195407859 0.016833265449153163 6.414265912652575e-07 0.0038134046573029164 733 733 5990
2.9912737926026027 0.004008906195407876 0.016833234048127376 6.414249912652603e-07 0.00381339514499469 732 732 5994
2.9912738026026027 0.004008906195407876 0.016833234104401844 6.414249912652603e-07 0.00381339514499469 732 732 5994
2.9912737926026027 0.004008916195407876 0.016833265449153215 6.414265912652602e-07 0.003813404657302933 733 733 5990
2.9912737926026027 0.0040089061954078796 0.016833234048127383 6.414249912652608e-07 0.003813395144994693 732 732 5994
2.9912738026026027 0.0040089061954078796 0.01683323410440185 6.414249912652608e-07 0.003813395144994693 732 732 5994
2.9912737926026027 0.0040089161954078795 0.016833265449153232 6.414265912652608e-07 0.0038134046573029363 733 733 5990
2.9912737926026027 0.00400890619540788 0.016833234048127386 6.414249912652609e-07 0.0038133951449946936 732 732 5994
2.9912738026026027 0.00400890619540788 0.016833234104401854 6.414249912652609e-07 0.0038133951449946936 732 732 5994
2.9912737926026027 0.00400891619540788 0.016833265449153232 6.414265912652609e-07 0.003813404657302937 733 733 5990
2.9912737926026027 0.0040089061954078796 0.016833234048127383 6.414249912652608e-07 0.003813395144994693 732 732 5994
2.9912738026026027 0.0040089061954078796 0.01683323410440185 6.414249912652608e-07 0.003813395144994693 732 732 5994
2.9912737926026027 0.0040089161954078795 0.016833265449153232 6.414265912652608e-07 0.0038134046573029363 733 733 5990
2.9912737926026027 0.0 -0.0 0.0 0.0 10000 0 0
2.9912738026026027 0.0 -0.0 0.0 0.0 10000 0 0
2.9912737926026027 1e-08 -1.8634123616350283e-08 1.6000000000000003e-12 9.512308243487613e-09 10000 0 0
2.9912737926026027 0.0027316602176188295 0.012698522495468162 4.3706563481901275e-07 0.002598439400646275 3902 2622 3352
2.9912738026026027 0.0027316602176188295 0.01269852253792005 4.3706563481901275e-07 0.002598439400646275 3902 2622 3352
2.9912737926026027 0.0027316702176188295 0.012698556003955915 4.3706723481901273e-07 0.0025984489129545186 3901 2622 3352
2.9912737926026027 0.003394025346242066 0.014875970836508134 5.430440553987306e-07 0.0032285015279664296 973 950 5680
2.9912738026026027 0.003394025346242066 0.014875970886239357 5.430440553987306e-07 0.0032285015279664296 973 950 5680
2.9912737926026027 0.003394035346242066 0.014876003129344161 5.430456553987306e-07 0.0032285110402746737 973 950 5676
2.9912737926026027 0.0038055400824520214 0.016191877499517095 6.088864131923234e-07 0.0036199470297230887 872 870 5978
2.9912738026026027 0.0038055400824520214 0.016191877553647472 6.088864131923234e-07 0.0036199470297230887 872 870 5978
2.9912737926026027 0.0038055500824520213 0.016191909175532784 6.088880131923234e-07 0.003619956542031331 869 867 5977
2.9912737926026027 0.0038968170410345615 0.01648043040480573 6.234907265655299e-07 0.0037067724862796057 863 863 5890
2.9912738026026027 0.0038968170410345615 0.016480430459900757 6.234907265655299e-07 0.0037067724862796057 863 863 5890
2.9912737926026027 0.0038968270410345614 0.016480461955187285 6.234923265655299e-07 0.0037067819985878493 865 865 5888
2.9912737926026027 0.0039922275105296594 0.01678084301511226 6.387564016847455e-07 0.00379752986582893 834 834 5998
2.9912738026026027 0.0039922275105296594 0.01678084307121158 6.387564016847455e-07 0.00379752986582893 834 834 5998
2.9912737926026027 0.003992237510529659 0.016780874438030002 6.387580016847456e-07 0.003797539378137174 834 834 5997
2.9912737926026027 0.004003952526011465 0.01681767740771922 6.406324041618345e-07 0.0038086830619711905 783 783 6027
2.9912738026026027 0.004003952526011465 0.01681767746394168 6.406324041618345e-07 0.0038086830619711905 783 783 6027
2.9912737926026027 0.004003962526011465 0.016817708815235213 6.406340041618345e-07 0.003808692574279434 785 785 6027
2.9912737926026027 0.004008227636360404 0.016831103272522647 6.413164218176647e-07 0.0038127496787125933 756 756 5998
2.9912738026026027 0.004008227636360404 0.01683110332878999 6.413164218176647e-07 0.0038127496787125933 756 756 5998
2.9912737926026027 0.004008237636360404 0.016831134674436928 6.413180218176647e-07 0.0038127591910208365 756 756 5996
2.9912737926026027 0.004008773719817644 0.01683281805994858 6.414037951708231e-07 0.0038132691301297865 750 750 5992
2.9912738026026027 0.004008773719817644 0.016832818116221657 6.414037951708231e-07 0.0038132691301297865 750 750 5992
2.9912737926026027 0.004008783719817644 0.01683284946114786 6.414053951708231e-07 0.0038132786424380305 749 749 5993
2.9912737926026027 0.004008891909731311 0.016833189189614756 6.414227055570098e-07 0.003813381556018794 739 739 5993
2.9912738026026027 0.004008891909731311 0.01683318924588907 6.414227055570098e-07 0.003813381556018794 739 739 5993
2.9912737926026027 0.004008901909731311 0.016833220590659302 6.414243055570098e-07 0.0038133910683270373 734 734 5993
2.9912737926026027 0.004008905564170438 0.01683323206597662 6.414248902672701e-07 0.0038133945445421808 732 732 5994
2.9912738026026027 0.004008905564170438 0.01683323212225108 6.414248902672701e-07 0.0038133945445421808 732 732 5994
2.9912737926026027 0.004008915564170438 0.01683326346700329 6.414264902672701e-07 0.003813404056850424 734 734 5988
2.9912737926026027 0.004008906100543526 0.016833233750243516 6.414249760869642e-07 0.0038133950547567953 732 732 5994
2.9912738026026027 0.004008906100543526 0.016833233806517984 6.414249760869642e-07 0.0038133950547567953 732 732 5994
2.9912737926026027 0.004008916100543526 0.016833265151269487 6.414265760869642e-07 0.0038134045670650393 734 734 5988
2.9912737926026027 0.004008906181151366 0.016833234003360457 6.414249889842186e-07 0.0038133951314334577 732 732 5994
2.9912738026026027 0.004008906181151366 0.016833234059634924 6.414249889842186e-07 0.0038133951314334577 732 732 5994
2.9912737926026027 0.004008916181151366 0.01683326540438632 6.414265889842186e-07 0.003813404643741701 733 733 5990
2.9912737926026027 0.004008906192399238 0.016833234038679933 6.414249907838781e-07 0.0038133951421327797 732 732 5994
2.9912738026026027 0.004008906192399238 0.0168332340949544 6.414249907838781e-07 0.0038133951421327797 732 732 5994
2.9912737926026027 0.0040089161923992376 0.016833265439705786 6.414265907838781e-07 0.0038134046544410233 733 733 5990
2.9912737926026027 0.004008906194772947 0.01683323404613363 6.414249911636716e-07 0.0038133951443907257 732 732 5994
2.9912738026026027 0.004008906194772947 0.0168332341024081 6.414249911636716e-07 0.0038133951443907257 732 732 5994
2.9912737926026027 0.004008916194772947 0.01683326544715948 6.414265911636717e-07 0.0038134046566989698 733 733 5990
2.9912737926026027 0.004008906195273887 0.016833234047706633 6.41424991243822e-07 0.0038133951448672348 732 732 5994
2.9912738026026027 0.004008906195273887 0.016833234103981097 6.41424991243822e-07 0.0038133951448672348 732 732 5994
2.9912737926026027 0.004008916195273887 0.01683326544873248 6.414265912438219e-07 0.003813404657175478 733 733 5990
2.9912737926026027 0.004008906195379603 0.01683323404803859 6.414249912607365e-07 0.0038133951449677945 732 732 5994
2.9912738026026027 0.004008906195379603 0.016833234104313057 6.414249912607365e-07 0.0038133951449677945 732 732 5994
2.9912737926026027 0.004008916195379603 0.016833265449064435 6.414265912607365e-07 0.003813404657276038 733 733 5990
2.9912737926026027 0.004008906195401913 0.016833234048108645 6.414249912643061e-07 0.0038133951449890167 732 732 5994
2.9912738026026027 0.004008906195401913 0.016833234104383112 6.414249912643061e-07 0.0038133951449890167 732 732 5994
2.9912737926026027 0.004008916195401913 0.016833265449134494 6.414265912643062e-07 0.0038134046572972607 733 733 5990
2.9912737926026027 0.004008906195406621 0.01683323404812343 6.414249912650594e-07 0.0038133951449934957 732 732 5994
2.9912738026026027 0.004008906195406621 0.0168332341043979 6.414249912650594e-07 0.0038133951449934957 732 732 5994
2.9912737926026027 0.004008916195406621 0.016833265449149277 6.414265912650594e-07 0.0038134046573017385 733 733 5990
2.9912737926026027 0.004008906195407615 0.016833234048126547 6.414249912652184e-07 0.0038133951449944407 732 732 5994
2.9912738026026027 0.004008906195407615 0.016833234104401015 6.414249912652184e-07 0.0038133951449944407 732 732 5994
2.9912737926026027 0.004008916195407615 0.0168332654491524 6.414265912652184e-07 0.0038134046573026848 733 733 5990
#acc_paschen_factor density_factor volt density pressure N_not_eqm N_less_eqm N_eqm
#acc_paschen_factor density_factor volt density pressure N_not_eqm N_less_eqm N_eqm
#acc_paschen_factor density_factor volt density pressure N_not_eqm N_less_eqm N_eqm
#acc_paschen_factor density_factor volt density pressure N_not_eqm N_less_eqm N_eqm
#acc_paschen_factor density_factor volt density pressure N_not_eqm N_less_eqm N_eqm
#acc_paschen_factor density_factor volt density pressure N_not_eqm N_less_eqm N_eqm
#acc_paschen_factor density_factor volt density pressure N_not_eqm N_less_eqm N_eqm
#acc_paschen_factor density_factor volt density pressure N_not_eqm N_less_eqm N_eqm
#acc_paschen_factor density_factor volt density pressure N_not_eqm N_less_eqm N_eqm
