#acc_paschen_factor density_factor volt density pressure N_not_eqm N_less_eqm N_eqm
2.4110690722738055 0.01032607989425631 0.028216432485600584 1.6521727830810097e-06 0.009822485490104596 7176 7176 865
2.2127071330014765 0.016839928583980826 0.03840578297292979 2.6943885734369326e-06 0.016018659148914347 8706 8706 187
1.436103064948663 0.007270712488177964 0.01274390362427559 1.1633139981084743e-06 0.006916125833732356 10154 10154 5
1.237656742363271 0.013928419089002084 0.018415066976364827 2.228547054240334e-06 0.013249141571906474 8620 8620 0
2.1387389922089937 0.011785190345493626 0.027817574605180143 1.8856304552789803e-06 0.011210436327450963 8460 8460 268
1.5652130790846623 0.0031074095815168488 0.007296100441188841 4.971855330426959e-07 0.0029558637778155108 8175 8174 654
2.8659387999078696 0.0063814775845272 0.022979005463434447 1.021036413524352e-06 0.006070258183292949 4321 4321 2925
1.1734603144398057 0.014845035223108271 0.018384057628182748 2.3752056356973236e-06 0.014121055092763676 6947 6947 0
2.033850342047332 0.012135851997948983 0.027083006362470786 1.9417363196718374e-06 0.01154399650018357 8835 8835 146
1.977331702371308 0.008360508012219672 0.019577290502195192 1.3376812819551477e-06 0.007952772928438141 8633 8633 251
2.5326013772165497 0.016078768093756864 0.04233381664628216 2.5726028950010984e-06 0.0152946198283369 7518 7518 613
1.3754460515907638 0.014286102577047655 0.020889136812325536 2.285776412327625e-06 0.013589381131096001 10174 10174 0
2.3531876082198426 0.01863410961551525 0.04436412386441295 2.98145753848244e-06 0.017725339450571743 8266 8266 261
2.9595749430373823 0.011046808695039479 0.036550905681322104 1.7674893912063169e-06 0.010508064941405465 5221 5221 2205
1.0852598779265483 0.0025631998815242897 0.004401225306061785 4.1011198104388636e-07 0.002438194736272997 8799 8560 1542
2.2784289586018325 0.008899076081985934 0.023696864868803583 1.4238521731177495e-06 0.008465075477409822 7624 7624 711
2.782631022058944 0.0013414558199489873 0.007238014651156281 2.1463293119183798e-07 0.0012760341254375183 9991 54 51
1.4728720247206002 0.007525854672729751 0.01342730655380526 1.2041367476367602e-06 0.0071588249442696966 9920 9920 11
2.8690429376468605 0.01568338365283591 0.046996849558554536 2.509341384453746e-06 0.01491851796066499 6351 6351 1350
1.615755482094437 0.013265036194230003 0.023112215235648225 2.1224057910768006e-06 0.012618111314053557 10446 10446 10
2.1071796200044566 0.0035179082719313647 0.010760219313044151 5.628653235090185e-07 0.0033463427854925985 6496 6496 1187
1.8753890403966023 8.585894313085929e-05 0.007347320194550633 1.3737430900937488e-08 8.167167325208068e-05 9999 0 0
1.3288936283396127 0.01904897921139511 0.025509033932545486 3.047836673823218e-06 0.01811997619825778 9183 9183 0
1.7198176287259046 0.01740176489792864 0.03066034635654989 2.784282383668583e-06 0.016553095168979997 10329 10329 7
2.574889501109288 0.00549080014736109 0.018387758051381934 8.785280235777745e-07 0.005223018350508589 5201 5201 2280
2.7050056694365567 0.0044874963655802715 0.016568350175885937 7.179994184928435e-07 0.0042686448670929905 4231 4231 3075
1.002684504649523 0.019557759198343974 0.01966745350315156 3.129241471735036e-06 0.0186039434046553 1374 1374 0
1.8351746194022955 0.0008350721775130764 0.003559251681995412 1.3361154840209222e-07 0.0007943463958064784 10017 18 19
1.7569393339893562 0.005258484997282522 0.012138382458651767 8.413575995652036e-07 0.005002033018790646 8700 8700 192
2.6368254477769995 0.00969776122612353 0.029355969297288394 1.551641796179765e-06 0.00922480940546294 6195 6195 1429
1.8432718932358965 0.010024938761733172 0.02106943906039737 1.6039902018773075e-06 0.009536030762369292 9187 9187 66
2.2127071330014765 0.014697564361811424 0.03438617180960081 2.351610297889828e-06 0.013980776263804853 8643 8643 252
2.087872606863645 0.01174511472350142 0.027081924608265782 1.8792183557602272e-06 0.011172315160507026 8786 8786 201
1.106659818066308 0.01710184810193785 0.019451375690270934 2.736295696310056e-06 0.01626780506789363 4408 4408 0
2.1387389922089937 0.017488200361797455 0.03828321750660027 2.798112057887593e-06 0.016635315246528896 8811 8811 141
2.875164680430784 0.014158344446694655 0.04334949577519144 2.265335111471145e-06 0.013467853659443061 6121 6121 1574
2.8280943559485063 0.011618646927220082 0.03636650017173656 1.8589835083552132e-06 0.011052015094396756 5961 5961 1706
1.2330381971422018 0.00851361589010985 0.01238390208784438 1.3621785424175762e-06 0.008098413861337904 9992 9992 0
1.7075638500782482 0.005111600919657165 0.011544922036998757 8.178561471451464e-07 0.0048623123565473695 8814 8814 158
1.0421313517659871 0.00968118122778005 0.011586376925322828 1.5489889964448081e-06 0.009209037999970969 6598 6598 0
1.6822514692014021 0.004383923995909001 0.010124058091314597 7.014278393454402e-07 0.004170123636510834 8555 8555 188
1.2164040680137187 0.014286102577047655 0.01847373873109785 2.285776412327625e-06 0.013589381131096001 8219 8219 0
2.4467230887820213 0.005121555620739744 0.01656697063909175 8.194488993183591e-07 0.004871781575064298 5482 5482 1992
2.9595749430373823 0.019695600619593204 0.05838672553569103 3.151296099134913e-06 0.01873506241341961 6429 6429 1317
1.2645899066242436 0.01190971382727917 0.016587152992512136 1.9055542123646673e-06 0.011328886901680602 9473 9473 0
1.6474917815538452 0.008899076081985934 0.017134784901919102 1.4238521731177495e-06 0.008465075477409822 9707 9707 28
1.6433154719190857 0.0013414558199489873 0.004274494666354002 2.1463293119183798e-07 0.0012760341254375183 10020 115 51
1.8695103839105913 0.007525854672729751 0.01704322480770286 1.2041367476367602e-06 0.0071588249442696966 8819 8819 185
1.3847457507375363 0.015114893231855775 0.0220133485138295 2.418382917096924e-06 0.014377752348881678 10289 10289 0
2.678109940415918 0.013265036194230003 0.03830842850515175 2.1224057910768006e-06 0.012618111314053557 6773 6773 1144
2.565540572403839 0.0035179082719313647 0.013100819196191613 5.628653235090185e-07 0.0033463427854925985 4657 4657 2592
2.1245167979728894 8.585894313085929e-05 0.00832334243038298 1.3737430900937488e-08 8.167167325208068e-05 10000 0 0
1.3288936283396127 0.006669185159217324 0.011025663204008239 1.0670696254747719e-06 0.0063439344967368165 10376 10376 2
1.6836331123334192 0.009510920245262747 0.018456931142093992 1.5217472392420396e-06 0.009047080505216602 9903 9903 24
1.9031075294052375 0.016703500792520306 0.032813902253321314 2.672560126803249e-06 0.015888884828379274 9604 9604 36
1.0643234381861413 0.01672246382939387 0.018368325844755947 2.675594212703019e-06 0.01590692305357667 3443 3443 0
2.4110690722738055 0.014863889742207021 0.03781197541370242 2.3782223587531236e-06 0.014138990092508682 7735 7735 520
1.071682834978176 0.0008350721775130764 0.002078488277155885 1.3361154840209222e-07 0.0007943463958064784 10025 37 12
1.5646357456333282 0.013685133903340793 0.022951160001515765 2.189621424534527e-06 0.01301772120419804 10303 10303 5
1.2483403609750736 0.007687498712918668 0.01157130639377316 1.229999794066987e-06 0.007312585737869664 10355 10355 1
2.015112989831065 0.014422306044314843 0.03083976077364414 2.307568967090375e-06 0.013718942067543725 9021 9021 96
1.1099985031791986 0.005509961956659659 0.007947896413614484 8.815939130655455e-07 0.005241245654163679 9668 9668 0
1.927906236030319 0.01208028249965062 0.025577828301083367 1.9328451999440996e-06 0.011491137080508574 9165 9165 83
1.949934911775785 0.019464427736762258 0.03809789129655714 3.1143084378819616e-06 0.018515163641517254 9547 9547 35
1.3880460745381085 0.011569821257188442 0.017788788293941347 1.8511714011501509e-06 0.011005570612043183 10567 10567 0
1.5468902969878495 0.014158344446694655 0.02332280820308085 2.265335111471145e-06 0.013467853659443061 10130 10130 5
1.1099208191359144 0.01141257284557024 0.014069400990451428 1.8260116552912385e-06 0.010855991075832065 7038 7038 0
1.8290297434795248 0.008087742835572218 0.017642655405064718 1.294038853691555e-06 0.0076933102846021475 8963 8963 120
2.2005212637361917 0.01555013877290144 0.03579707889344818 2.488022203664231e-06 0.014791771323684672 8632 8632 196
2.3452977211470234 0.00968118122778005 0.02607493129657993 1.5489889964448081e-06 0.009209037999970969 7393 7393 736
2.8695646479790593 0.016078768093756864 0.047966341941940605 2.5726028950010984e-06 0.0152946198283369 6347 6347 1327
1.8418200137055316 0.014286102577047655 0.027972038747341076 2.285776412327625e-06 0.013589381131096001 9756 9756 30
2.5050535507136495 0.015127369020156932 0.03984957603671388 2.4203790432251092e-06 0.014389619703271787 7538 7538 631
2.4315506461528376 0.011046808695039479 0.030029777936854084 1.7674893912063169e-06 0.010508064941405465 7293 7293 841
1.4111179372986582 0.013140861051928042 0.020032567365493352 2.102537768308487e-06 0.012499992091078039 10323 10323 0
1.410740539117275 0.006411279025579659 0.011352157876297444 1.0258046440927456e-06 0.006098606232632059 10071 10071 8
2.1647764559234597 0.0039976596078196034 0.012156600590641168 6.396255372511366e-07 0.003802697044211986 6335 6335 1429
2.0756891778123148 0.007525854672729751 0.01892283540804503 1.2041367476367602e-06 0.0071588249442696966 8161 8161 469
2.8690429376468605 0.011925112758800416 0.037671190373061596 1.908018041408067e-06 0.01134353484000565 5873 5873 1757
1.1331281474886377 0.013265036194230003 0.016208579778656168 2.1224057910768006e-06 0.012618111314053557 6728 6728 0
2.565540572403839 0.016806426044329255 0.04445768724739621 2.689028167092681e-06 0.015986790500503806 7652 7652 637
1.0876114200413705 0.016194330321442702 0.018286226651199368 2.5910928514308324e-06 0.015404546181442078 4279 4279 0
1.3288936283396127 0.013202461967857087 0.018936539693661898 2.112393914857134e-06 0.012558588781117862 10051 10051 0
2.8305837636367035 0.019256661951110303 0.05481979795979905 3.0810659121776487e-06 0.018317530421960077 6997 6997 1011
1.1358509702601784 0.016806426044329255 0.01968291117226963 2.689028167092681e-06 0.015986790500503806 5261 5261 0
1.642996629398929 0.018754100929046204 0.031138183810113778 3.000656148647393e-06 0.017839478886656487 10459 10459 6
2.3653321836805743 0.011242937101552917 0.02962590435315105 1.7988699362484668e-06 0.010694628327211452 7439 7439 635
1.833678470575189 0.01889206395819065 0.034961130393222975 3.0227302333105042e-06 0.01797071357259921 9915 9915 17
1.7569393339893562 0.0158926254992955 0.029091473072384463 2.5428200798872803e-06 0.015117555254761 9948 9948 21
1.8454343302325513 0.0024594066887333255 0.007266395564393482 3.935050701973321e-07 0.002339463451932658 6422 5404 2133
1.9388783272224597 0.01240836182249268 0.026283049862646103 1.9853378915988288e-06 0.011803216245227408 9400 9400 81
1.011642632732317 0.01299597866512821 0.014233805017549662 2.0793565864205135e-06 0.012362175498848816 3953 3953 0
2.087872606863645 0.019825837709372626 0.04141296777488367 3.1721340334996205e-06 0.018858947947691274 9193 9193 65
2.0470798549116855 0.01618408259744729 0.03440024153617214 2.5894532155915663e-06 0.01539479823049822 8990 8990 90
1.8833637124679417 0.011785190345493626 0.024496028160104957 1.8856304552789803e-06 0.011210436327450963 9397 9397 73
1.3975349348444246 0.0188723991068412 0.02662285741119947 3.0195838570945925e-06 0.01795200775983938 9988 9988 0
2.8659387999078696 0.016425991094021507 0.04874576290448889 2.6281585750434412e-06 0.015624909049111487 6630 6630 1315
1.5035117303793886 0.019238103051756064 0.029095454461837318 3.0780964882809703e-06 0.018299876624828335 10668 10668 0
1.2269868102061965 0.014332277618195836 0.018683176581108584 2.293164418911334e-06 0.013633304253551724 8435 8435 0
1.0421313517659871 0.014655392731179469 0.0161574024201633 2.3448628369887154e-06 0.01394066130883469 3860 3860 0
1.8869481858669834 0.016078768093756864 0.03154137056077948 2.5726028950010984e-06 0.0152946198283369 9713 9713 37
2.1164162721578785 0.015013889482909382 0.03346230122959567 2.4022223172655012e-06 0.014281674469509082 8844 8844 161
2.8781828855442804 0.017960818221613245 0.052653326134104325 2.8737309154581196e-06 0.017084883922923417 6668 6668 1209
2.9595749430373823 0.01993185061955617 0.05896057594105413 3.1890960991289875e-06 0.01895979069563678 6603 6603 1223
1.7616760993795375 0.010359081662326611 0.02066913224819694 1.657453065972258e-06 0.009853877789151078 9675 9675 38
1.6671878968886042 0.01769443555884424 0.030129476953003467 2.8311096894150785e-06 0.01683149252302544 10414 10414 4
2.7865440349589763 0.01993477524865952 0.055520141571120285 3.189564039785523e-06 0.01896257269298967 7120 7120 945
1.5225564174899977 0.003222329828043653 0.0072884094239889 5.155727724869845e-07 0.0030651794586535656 8564 8564 475
1.59148253191154 0.006637737333858534 0.01315596359360495 1.0620379734173655e-06 0.006314020355896801 9471 9471 48
1.7887140246460251 0.01689696147279872 0.031132225909862362 2.703513835647795e-06 0.01607291059075958 10082 10082 15
1.1895862070498437 0.0035179082719313647 0.0060745692289875105 5.628653235090185e-07 0.0033463427854925985 9974 9974 103
1.0876114200413705 0.01827150735462282 0.020177564020339534 2.9234411767396513e-06 0.017380421003032314 3424 3424 0
1.0361516568498075 0.01904897921139511 0.0198896489607445 3.047836673823218e-06 0.01811997619825778 1977 1977 0
1.368913277065269 0.018022932070752236 0.0251135689689702 2.883669131320358e-06 0.017143968530843375 9847 9847 0
1.9388783272224597 0.01240836182249268 0.026283049862646103 1.9853378915988288e-06 0.011803216245227408 9400 9400 81
1.0643234381861413 0.012643063517007964 0.014646792611477404 2.0228901627212742e-06 0.012026471731577231 5498 5498 0
1.7757799441430255 0.01032607989425631 0.02078172520206634 1.6521727830810097e-06 0.009822485490104596 9569 9569 36
2.2291929156254477 0.003735789667998068 0.011901797159573924 5.977263468796909e-07 0.0035535982854833868 6005 6005 1507
2.1443465006635867 0.012777092490597927 0.02976110220129106 2.0443347984956683e-06 0.01215396422261183 8655 8655 241
2.2538992164824196 0.00969776122612353 0.025092823741526632 1.551641796179765e-06 0.00922480940546294 7701 7701 576
1.002684504649523 0.012544803288385165 0.013712221422896602 2.0071685261416264e-06 0.01193300357330367 4002 4002 0
2.768698539718648 0.011066822656748498 0.034243073492304106 1.7706916250797599e-06 0.01052710283870042 6001 6001 1668
2.6048440461777354 0.008466109180030027 0.026046407770543366 1.3545774688048045e-06 0.008053224014346577 6088 6088 1577
2.3632757734486836 0.0112587715410378 0.029633489663424273 1.8014034465660482e-06 0.010709690534135757 7587 7587 608
2.5000403267484046 0.014257758803834002 0.037907591575210974 2.2812414086134405e-06 0.013562419660336824 7577 7577 671
2.3311716666150883 0.010972163707902455 0.028634544452149285 1.755546193264393e-06 0.010437060328757611 7760 7760 626
2.259239319915123 0.012662923335899459 0.031130029610542898 2.0260677337439136e-06 0.012045363003472807 8221 8221 369
1.3257827711023786 0.017515296974124475 0.023761386815374975 2.8024475158599165e-06 0.016661090379409785 9228 9228 0
1.907666561717532 0.014332277618195836 0.029047803068441604 2.293164418911334e-06 0.013633304253551724 9476 9476 63
1.2393769445781693 0.008322358603441554 0.012226805015901124 1.3315773765506487e-06 0.007916484034877713 10062 10062 1
1.0230754350776026 0.0005585533265011454 0.001594771210618377 8.936853224018327e-08 0.0005313131412104272 10006 7 6
2.871493399019328 0.008559484623246303 0.028961970876828058 1.3695175397194086e-06 0.008142045614171124 5009 5009 2359
2.78709603269245 0.013983518548127015 0.04160166782770485 2.2373629677003226e-06 0.01330155387583105 6414 6414 1335
2.9595749430373823 0.012050596838760256 0.03918766914280107 1.928095494201641e-06 0.011462899164828493 5441 5441 2023
1.0043733168669018 0.012973883142902922 0.014112170024503231 2.075821302864468e-06 0.012341157557028042 3864 3864 0
1.4666449255553726 0.014238411989701771 0.02221401855173682 2.2781459183522837e-06 0.0135440163743813 10416 10416 1
2.6373226350312615 0.016511558543665338 0.04504744563975985 2.641849366986454e-06 0.015706303444773608 7353 7353 814
2.5197367033630824 0.01668100634564216 0.04339832838964653 2.6689610153027456e-06 0.015867487417132103 7573 7573 557
2.8690429376468605 0.0029773241683419974 0.012963312080745337 4.763718669347196e-07 0.0028321225230054474 4620 4496 2353
1.4798988491598348 0.013265036194230003 0.0211688842202988 2.1224057910768006e-06 0.012618111314053557 10559 10559 3
1.03068738351885 0.01012831654816296 0.011877756126831594 1.6205306477060736e-06 0.00963436689937425 6159 6159 0
1.0876114200413705 0.0016755564931211116 0.003279567993969877 2.6808903889937785e-07 0.001593840984194514 9583 879 709
2.1750211091584832 0.018695158954030903 0.04111509002375971 2.9912254326449446e-06 0.017783411463173936 8822 8822 126
1.5560007140433498 0.008058824395850482 0.014966862270345244 1.2894119033360772e-06 0.00766580217334676 9941 9941 22
1.3217442976668894 0.01565207760322966 0.02161594467958487 2.504332416516746e-06 0.014888738681290934 9640 9640 0
1.3262395800759341 0.012776412654262112 0.01840591590674582 2.044226024681938e-06 0.01215331754133369 9993 9993 0
2.6341478465836397 0.008020622002069867 0.025242954211183135 1.2832995203311787e-06 0.007629462878818729 5948 5948 1768
1.0427903202909592 0.00803216549479362 0.01000432017124355 1.2851464791669793e-06 0.00764044340491821 7643 7643 0
1.2393769445781693 0.012777092490597927 0.017201149115639795 2.0443347984956683e-06 0.01215396422261183 9276 9276 0
2.6621645669142113 0.00969776122612353 0.029638071551739645 1.551641796179765e-06 0.00922480940546294 6158 6158 1496
2.6080695421683853 0.012249842950091763 0.03499110845928314 1.9599748720146822e-06 0.011652428207558647 6964 6964 1074
1.891905234541878 0.014045137680257667 0.028340121771711805 2.247222028841227e-06 0.013360167893683347 9453 9453 53
1.1173740378828143 0.01670991251175236 0.0192720936104037 2.6735860018803777e-06 0.01589498385334987 4939 4939 0
1.106659818066308 0.019230768524103457 0.02140901990413361 3.0769229638565533e-06 0.018292899796043136 3568 3568 0
2.417399515008876 0.013199098868188546 0.03444051560132379 2.1118558189101675e-06 0.01255538969704779 7639 7639 594
2.5429320334098353 0.012435051291399333 0.03453106670979945 1.9896082066238934e-06 0.011828604090736916 7177 7177 883
2.8659387999078696 0.015501807351019532 0.04650408907363172 2.4802891761631253e-06 0.014745796985405995 6260 6260 1376
2.103392448361779 0.01322757580554074 0.03001898816783709 2.116412128886519e-06 0.012582477837640247 8547 8547 177
1.7301527625815407 0.014332277618195836 0.02634482237846677 2.293164418911334e-06 0.013633304253551724 10137 10137 13
2.0785098452298088 0.017595274536919718 0.03739094995973159 2.815243925907155e-06 0.016737167502396906 9065 9065 93
2.689313316010997 0.01969097402886573 0.053044762576433736 3.150555844618517e-06 0.01873066145770799 7405 7405 742
2.162181309622828 0.01710987820873947 0.038018460207331094 2.7375805133983153e-06 0.016275443553006152 8915 8915 137
2.4400053544188127 0.01601049230830532 0.04064513409130095 2.5616787693288516e-06 0.015229673796658768 7951 7951 451
1.4041516373274208 0.019327877249721105 0.027276524610904292 3.0924603599553773e-06 0.018385272609163873 10044 10044 1
1.7117097249690216 0.010952367649955986 0.020995181217345765 1.752378823992958e-06 0.010418229708238337 9861 9861 23
1.0492609430192963 0.01721729926762644 0.018543961620169348 2.7547678828202307e-06 0.01637762577540362 2981 2981 0
2.1647764559234597 0.019572716470013407 0.04248827328202066 3.1316346352021454e-06 0.018618171222515426 9108 9108 131
2.2243655115673207 0.010253168614401483 0.02588500264869812 1.6405069783042374e-06 0.009753130033263967 8051 8051 470
2.249738053650697 0.01572419593538306 0.03693011077344755 2.5158713496612897e-06 0.014957339861835863 8548 8548 245
2.148385440961891 0.013828465742436702 0.03178030913541473 2.2125545187898724e-06 0.01315406286765667 8574 8574 205
1.2630922290531021 0.0035179082719313647 0.006449924471642542 5.628653235090185e-07 0.0033463427854925985 9603 9603 115
1.0876114200413705 0.01787399805016156 0.019818099166470753 2.85983968802585e-06 0.01700229789966333 3660 3660 0
2.910239277400115 0.018171481462309 0.053749534025308555 2.90743703396944e-06 0.01728527329103042 6541 6541 1260
2.8305837636367035 0.013690379669127043 0.04153381244713772 2.190460747060327e-06 0.013022711138311235 6291 6291 1461
2.574889501109288 0.012775763482526247 0.03573355988762096 2.0441221572041996e-06 0.012152700029168241 6984 6984 943
1.0042889934394603 0.004313507547899415 0.005970733758162637 6.901612076639065e-07 0.004103141340622964 9317 9317 0
2.6341478465836397 0.013696966030422534 0.038666476840115274 2.1915145648676057e-06 0.013028976288195805 6943 6943 1043
1.0765632702489865 0.018286858722769434 0.019986315700152694 2.9258973956431095e-06 0.0173950236976093 3242 3242 0
2.040264870911832 0.013353909403882152 0.029342091049890957 2.1366255046211447e-06 0.012702650250533494 8804 8804 133
1.9025697707715175 0.011713174198090178 0.024624541648896242 1.8741078716944286e-06 0.011141932348189958 9460 9460 78
1.4646334135434937 0.00012118809446868412 0.002117408279427122 1.939009511498946e-08 0.00011527785100270193 10007 0 0
1.2744669311260068 0.0017545913824236464 0.003965197463182714 2.807346211877834e-07 0.0016690214070980772 9265 1014 977
2.1872498635847495 0.01694147276854077 0.03815037747563203 2.7106356429665233e-06 0.016115251107301123 8974 8974 141
2.192719858842236 0.019230768524103457 0.04241952435227002 3.0769229638565533e-06 0.018292899796043136 8882 8882 134
2.7385857672520055 0.015470462504910753 0.04436463010429151 2.475274000785721e-06 0.014715980801602855 6774 6774 1086
2.2912129610505856 0.0007750438606531403 0.00425677694167707 1.2400701770450246e-07 0.000737245610475533 10005 14 12
2.2581816938821193 0.007494202220231536 0.020518747770060915 1.1990723552370458e-06 0.007128716155787159 7196 7196 837
1.502086922555535 0.012731362974316637 0.020787196940510143 2.037018075890662e-06 0.01211046489714251 10492 10492 1
1.9987065028811133 0.018678774363339576 0.03775506142582715 2.9886038981343322e-06 0.01776782593546401 9263 9263 58
2.6469485064589997 0.014647597206625609 0.041021110910048286 2.3436155530600977e-06 0.013933245965587088 7056 7056 942
1.3466599577169407 0.0018569409897489387 0.004355550481604409 2.9711055835983024e-07 0.0017663795084458876 8679 1516 1411
1.701498696922458 0.008559484623246303 0.017161368270621407 1.3695175397194086e-06 0.008142045614171124 9418 9418 60
1.0111383119412272 0.007835031957113827 0.009513297590601703 1.2536051131382125e-06 0.007452923907364272 7178 7178 0
2.6877986430425596 0.015076400076881309 0.04263975053685922 2.4122240123010095e-06 0.014341136473343532 7015 7015 999
2.713333686504704 0.016369909508042305 0.046021867628740123 2.619185521286769e-06 0.015571562515849702 7022 7022 944
1.2234161261843948 0.01721729926762644 0.02162186807809395 2.7547678828202307e-06 0.01637762577540362 7403 7403 0
2.676067457392572 0.01864861457834099 0.050483438339739346 2.9837783325345586e-06 0.01773913701831762 7467 7467 779
1.1922501373988075 0.013399725863595538 0.017193792992825117 2.1439561381752863e-06 0.0127462322792754 8020 8020 0
2.2074694266883137 0.009855851569336811 0.02489353243283638 1.5769362510938898e-06 0.009375189812959284 8021 8021 438
1.1331281474886377 0.010865662925779349 0.013810574596842613 1.738506068124696e-06 0.010335753501984861 7783 7783 0
2.460641822616626 0.0035179082719313647 0.012565158380825447 5.628653235090185e-07 0.0033463427854925985 5063 5063 2254
1.1927281880953826 0.01827150735462282 0.02212770933689049 2.9234411767396513e-06 0.017380421003032314 6026 6026 0
1.0361516568498075 0.01568970229023782 0.016978414747645967 2.5103523664380515e-06 0.014924528443329569 3390 3390 0
2.428015924824587 0.010822527216164033 0.02949884131789962 1.7316043545862455e-06 0.010294721485368617 7239 7239 768
1.1754509046854025 0.019106730466447903 0.022619605779056216 3.0570768746316648e-06 0.018174910972208826 5413 5413 0
2.8795762607476405 0.01664403750262404 0.04950643162872367 2.6630460004198464e-06 0.01583232151411276 6461 6461 1298
1.3232128825174614 0.019584246334962602 0.02598336739797129 3.1334794135940165e-06 0.018629138785455676 9097 9097 0
2.0549073634335286 0.016901302890162628 0.035772758912006396 2.7042084624260206e-06 0.016077040280777492 9036 9036 85
1.1227023408007164 0.012777092490597927 0.015581837681484278 2.0443347984956683e-06 0.01215396422261183 6814 6814 0
1.2091960197950766 0.00704099575856616 0.010464983528918368 1.1265593213705857e-06 0.00669761219965702 9999 9999 0
1.151827037230128 0.017366249084847955 0.020500194498308418 2.778599853575673e-06 0.01651931143282584 5509 5509 0
2.1800901241417208 0.007776924349441947 0.020392009548580895 1.2443078959107117e-06 0.007397650159817616 7759 7759 574
1.1075856108017577 0.011617239841825628 0.01424107509566422 1.8587583746921005e-06 0.011050676631397062 7120 7120 0
1.0696291109013902 0.007350563221166089 0.009573150893258863 1.1760901153865743e-06 0.006992082312297504 8283 8283 0
2.701715821666337 0.015361935116249137 0.04351793940391746 2.457909618599862e-06 0.014612746204221847 6876 6876 982
2.5947856281686796 0.01483081779708537 0.04061974719984621 2.3729308475336595e-06 0.014107531038887792 7277 7277 833
1.857393709746287 0.018123399308611506 0.03423020083877315 2.8997438893778413e-06 0.01723953606433229 9882 9882 23
1.1734603144398057 0.016145540475537037 0.019681255980368673 2.583286476085926e-06 0.015358135776101381 6217 6217 0
1.2269868102061965 0.012111311340757595 0.0163121793677718 1.9378098145212155e-06 0.011520652670613347 9063 9063 0
2.481521001697334 0.012663257176046808 0.034193571286555154 2.0261211481674894e-06 0.01204568056251137 7258 7258 775
2.0453113101708738 0.013548255966073286 0.029759565995156802 2.167720954571726e-06 0.012887518691095912 8829 8829 133
2.586081365949063 0.0019404716157173409 0.00862180351741829 3.104754585147746e-07 0.0018458364146441784 8625 948 1157
2.608871143464469 0.014359280849579915 0.03978551085918612 2.2974849359327867e-06 0.013658990559601281 7154 7154 916
2.325143858461251 0.012358129688859725 0.03141660203610852 1.9773007502175563e-06 0.011755433891342934 7711 7711 510
1.5010229973102704 0.006943429453098797 0.012850183035660517 1.1109487124958077e-06 0.0066048041224786355 9784 9784 15
1.0492609430192963 0.01697546633507975 0.018331310757711328 2.7160746136127604e-06 0.016147586835622552 2976 2976 0
2.636040587553277 0.0039976596078196034 0.014803049282949746 6.396255372511366e-07 0.003802697044211986 4211 4211 2987
1.6574700501647535 0.01975845120423883 0.032784248451579706 3.161352192678213e-06 0.018794847826862873 10471 10471 1
2.3472766006138603 0.01029646928653136 0.027407129764163807 1.6474350858450179e-06 0.009794318967308927 7455 7455 678
1.3841073749901962 0.0025467096100787326 0.00558732618752726 4.0747353761259726e-07 0.002422508681772105 7831 7457 1679
1.151827037230128 0.017366249084847955 0.020500194498308418 2.778599853575673e-06 0.01651931143282584 5509 5509 0
1.1207370279830793 0.019824711142744447 0.022228790647732057 3.1719537828391116e-06 0.018857876322788868 3640 3640 0
1.0173005076346873 0.01086641203520327 0.012399548989416856 1.7386259256325232e-06 0.010336466077959705 5299 5299 0
2.182528704952049 0.015467946783656619 0.035351930959194366 2.474871485385059e-06 0.014713587770000456 8662 8662 182
2.9617391438840706 0.006950816650536601 0.025376300248826974 1.1121306640858563e-06 0.006611831052387026 4223 4223 3073
1.082062760343363 0.01672246382939387 0.018674474932484638 2.675594212703019e-06 0.01590692305357667 3915 3915 0
1.128579847183616 0.016895658930281693 0.019641482632561547 2.703305428845071e-06 0.01607167157216736 5020 5020 0
2.43563347840562 0.004851166314694686 0.015825059534438933 7.761866103511498e-07 0.004614578932579967 5393 5393 2115
2.6768162053766313 0.01697480098344721 0.04676432714866088 2.7159681573515537e-06 0.01614695393264065 7239 7239 840
2.948765307854855 0.00969776122612353 0.03282881842454712 1.551641796179765e-06 0.00922480940546294 5027 5027 2398
1.0678775271721799 0.017943315499309116 0.01952014010471245 2.8709304798894587e-06 0.017068234793957714 2894 2894 0
1.011642632732317 0.019968274812873943 0.020184131697684512 3.194923970059831e-06 0.018994438511072687 1382 1382 0
2.3653631223868476 0.0154884778977877 0.03835471084443573 2.4781564636460324e-06 0.01473311759862016 8108 8108 428
1.6431091451591484 0.01998633919492939 0.03280738280430413 3.1978142711887027e-06 0.019011621908106634 10500 10500 2
1.065582349006145 0.012171683287784603 0.014223057406700244 1.9474693260455364e-06 0.011578080327551385 5812 5812 0
1.15673936065663 0.014158344446694655 0.017440415976544756 2.265335111471145e-06 0.013467853659443061 6953 6953 0
1.0714338474081315 0.015675797461718544 0.017543908926502767 2.508127593874967e-06 0.014911301741834746 4102 4102 0
1.1017424529799893 0.016145540475537037 0.018478405255562446 2.583286476085926e-06 0.015358135776101381 4856 4856 0
2.1908354198608766 0.010689466723912227 0.026355749561469355 1.7103146758259564e-06 0.010168150243635678 8181 8181 372
1.5862541807932602 0.017664530832435785 0.02862727571294534 2.8263249331897257e-06 0.016803046225471997 10582 10582 2
1.017149718793072 0.015937732518659826 0.016880853384518522 2.5500372029855726e-06 0.015160462441974843 2720 2720 0
2.3439696776834236 0.008559484623246303 0.023641350373439746 1.3695175397194086e-06 0.008142045614171124 7416 7416 825
1.4239481691676277 0.005121555620739744 0.009641674457705755 8.194488993183591e-07 0.004871781575064298 9560 9560 20
1.0080986641027259 0.005100067108619975 0.006804076903264262 8.16010737379196e-07 0.004851341039966581 8860 8860 0
1.028831851716597 0.0008703330221907675 0.002044359014200332 1.3925328355052282e-07 0.0008278875981564724 10029 45 8
2.3848872855578724 0.010643328294467062 0.028591362809470076 1.7029325271147302e-06 0.010124261947360397 7513 7513 725
1.461395049592219 0.0039976596078196034 0.0082066653461705 6.396255372511366e-07 0.003802697044211986 9322 9322 77
1.4546071694929583 0.013821650505802807 0.021508924398212843 2.2114640809284494e-06 0.013147580004495275 10446 10446 1
2.8690429376468605 0.009244072627962199 0.030750810863370826 1.479051620473952e-06 0.008793246826236301 5325 5325 2157
1.0426899230131343 0.017092914076772305 0.01831919235977894 2.734866252283569e-06 0.016259306747770663 2820 2820 0
1.0082047699512384 0.0035179082719313647 0.005148352961533297 5.628653235090185e-07 0.0033463427854925985 9959 9959 50
1.848854625476864 0.01378835528038296 0.027285357115347363 2.206136844861274e-06 0.013115908559772278 9561 9561 48
2.3696365628282923 0.01415368327625206 0.03571802395324157 2.2645893242003298e-06 0.013463419810440521 7917 7917 446
2.0873319678227 0.013690379669127043 0.030627906363413292 2.190460747060327e-06 0.013022711138311235 8792 8792 172
2.9617391438840706 0.01982912207768251 0.05875409942160007 3.172659532429202e-06 0.018862072140066154 6452 6452 1302
1.0643234381861413 0.018019523034497997 0.0195226601843306 2.88312368551968e-06 0.01714072575047702 2960 2960 0
1.028407676796804 0.0022399307335559107 0.0037898798423347756 3.5838891736894575e-07 0.002130691158164514 8311 6556 2455
1.0076496161542399 0.01807233764142322 0.01852736194164607 2.8915740226277158e-06 0.017190964632560153 1851 1851 0
2.4451542266692314 0.014031123166440826 0.036598063257504844 2.244979706630532e-06 0.013346836856152504 7777 7777 552
2.1857355026886456 0.00850523198365453 0.021935189257220104 1.360837117384725e-06 0.008090438831089147 7759 7759 554
1.0291770731035532 0.0069630843453435155 0.008830145797847211 1.1140934952549625e-06 0.006623500461831065 7935 7935 0
1.6062189001526102 0.010813326565941188 0.019501287577176347 1.7301322505505901e-06 0.010285969543272594 10078 10078 8
1.9048258034225645 0.0010923398962134432 0.004345567665059226 1.7477438339415091e-07 0.0010390673799441537 10016 50 27
1.0362356147624032 0.01807258752060684 0.019053179716829582 2.8916140032970947e-06 0.017191202325341975 2189 2189 0
2.6689120098765806 0.01902370162696235 0.051175933511418074 3.0437922603139763e-06 0.018095931380780264 7516 7516 744
2.875164680430784 0.0121127261305831 0.03822746900835782 1.938036180893296e-06 0.011521998462305342 5878 5878 1727
2.0047833019815804 0.013109035557778079 0.02840482213714995 2.0974456892444927e-06 0.012469718700042463 8811 8811 131
1.9347957975385055 0.015252802622404808 0.03098497342308713 2.4404484195847695e-06 0.01450893601213907 9459 9459 52
1.7061746815763805 0.010689466723912227 0.020525280999246557 1.7103146758259564e-06 0.010168150243635678 9851 9851 25
1.0421313517659871 0.005319291534195856 0.007263446918161107 8.51086645471337e-07 0.00505987407102451 8970 8970 0
2.472821022395757 0.01503442637199687 0.03914071490076331 2.4055082195194996e-06 0.014301209791445337 7631 7631 610
1.9332289224885324 0.0181756716163267 0.03571175057083614 2.908107458612272e-06 0.017289259094690826 9606 9606 41
1.8770540965727986 0.019768458907127272 0.03714297623505468 3.162953425140364e-06 0.018804367462331287 9909 9909 20
1.004943628941783 0.011046808695039479 0.012411106494502007 1.7674893912063169e-06 0.010508064941405465 4861 4861 0
2.729203341525753 0.0189834241138562 0.052241259506795756 3.0373478582169924e-06 0.018057618168785584 7214 7214 880
1.9061648427992073 0.017343308782805107 0.03388931594249973 2.7749294052488174e-06 0.01649748991040281 9712 9712 30
1.0521991956689347 0.01995526304572938 0.02098208496415203 3.192842087316701e-06 0.01898206131708553 1924 1924 0
1.0349090867996353 0.004689766973859775 0.006553763908699922 7.50362715817564e-07 0.004461050904548228 9319 9319 0
2.0569029500050178 0.0029773241683419974 0.009293787315218903 4.763718669347196e-07 0.0028321225230054474 6595 6565 1277
1.0426899230131343 0.014774409051309795 0.01627233424485406 2.3639054482095676e-06 0.014053873301143216 3933 3933 0
2.45296463608183 0.005717530939005098 0.018069575150895776 9.148049502408158e-07 0.005438691668349366 5769 5769 1782
1.8353493385125348 0.0178038853740963 0.03333594518786456 2.8486216598554084e-06 0.016935604561012476 9909 9909 18
1.9172308534671925 0.01904897921139511 0.03680257460390136 3.047836673823218e-06 0.01811997619825778 9807 9807 20
2.3676477855645626 0.007719940644712058 0.022019092117351664 1.2351905031539294e-06 0.007343445503392958 6933 6933 1067
2.6546042181491925 0.016120110365956113 0.04446592961779287 2.5792176585529784e-06 0.01533394587200144 7226 7226 879
1.0134059403648497 0.018019523034497997 0.018588691268738966 2.88312368551968e-06 0.01714072575047702 1892 1892 0
2.6537396264582163 0.011080349925293862 0.03285333062661229 1.7728559880470182e-06 0.010539970393510014 6442 6442 1271
1.9381570163190047 0.015192725563632492 0.03093957838628332 2.430836090181199e-06 0.014451788861998632 9465 9465 61
2.046691341100657 0.0008780003762829773 0.004088037026650847 1.4048006020527637e-07 0.0008351810217101791 10007 17 13
1.0210251135936397 0.01902370162696235 0.019577982763535354 3.0437922603139763e-06 0.018095931380780264 1746 1746 0
1.170265516227357 0.017152214257877378 0.020618734233893432 2.744354281260381e-06 0.016315714907927274 5932 5932 0
2.0074322780755285 0.011498559720936283 0.025599674030465636 1.8397695553498055e-06 0.01093778444216968 9018 9018 147
1.4300410878620273 0.013917429079097184 0.02126398163646125 2.2267886526555496e-06 0.013238687535725034 10425 10425 1
1.0163803010045664 0.01672317216468911 0.017541517985101417 2.675707546350258e-06 0.015907596843943477 2477 2477 0
1.402391622689662 0.01978963769917889 0.0277747805313853 3.1663420318686227e-06 0.018824513382153258 9907 9907 1
1.0229133050720458 0.007803957810028013 0.009594137663408102 1.2486332496044821e-06 0.007423365220815898 7500 7500 0
1.6295365023862258 0.016384048367955623 0.02765860579030113 2.6214477388729e-06 0.0155850118352204 10265 10265 4
1.746082401534467 0.015027555537912605 0.027627388295392737 2.404408886066017e-06 0.014294674042275397 9917 9917 8
1.7946785206156743 0.002379728791418254 0.006902993117048634 3.807566066269207e-07 0.0022636713799872666 6598 5103 2279
1.0421313517659871 0.014498566322799653 0.01601725264715754 2.3197706116479446e-06 0.0137914831951119 3901 3901 0
2.1586519056782087 0.009633393869686455 0.023905748900542045 1.541343019149833e-06 0.009163581191938148 8077 8077 426
2.109390946370763 0.017337959831442915 0.037492994817994965 2.7740735730308667e-06 0.01649240182298915 8983 8983 119
2.364482890104957 0.01368189954484728 0.034677252560894246 2.189103927175565e-06 0.013014644582702017 7846 7846 488
2.1893914761264215 0.014020433643156045 0.03274972908701128 2.2432693829049673e-06 0.013336668652106427 8547 8547 236
1.9867709544991754 0.0151922790946156 0.031714866089965446 2.430764655138496e-06 0.014451364166907647 9185 9185 79
1.015014824806583 0.013349610586504815 0.01459365645732177 2.1359376938407704e-06 0.012698561082935923 4019 4019 0
2.187338790183672 0.006432400893562189 0.017646305866669654 1.0291841429699502e-06 0.006118698004524868 7174 7174 809
2.5197367033630824 0.01745185763260145 0.04502653209330255 2.7922972212162326e-06 0.016600744922276697 7718 7718 513
1.0001697686008457 0.01755527992562164 0.01795896898652036 2.8088447880994624e-06 0.016699123395322327 1851 1851 0
1.0052755652378236 0.01207436570800766 0.013331901618427549 1.9318985132812256e-06 0.011485508845916537 4260 4260 0
1.2043925494610894 0.01761714744171296 0.021688171107103717 2.818743590674074e-06 0.016757973683654285 6879 6879 0
2.1383049046358718 0.007332573029776464 0.019101168812323863 1.1732116847642343e-06 0.006974969487711758 7658 7658 618
1.051509335386658 0.010992497692660936 0.012935153182366824 1.75879963082575e-06 0.010456402641841717 6228 6228 0
1.0321964313238463 0.009209827987104202 0.011030771882131142 1.4735724779366725e-06 0.00876067226828342 6425 6425 0
2.4367992897460766 0.018043377306560394 0.044746041069823696 2.8869403690496633e-06 0.01716341666935517 8130 8130 370
1.0134059403648497 0.008582577731779846 0.010242978036064318 1.3732124370847754e-06 0.008164012490838262 6624 6624 0
1.128579847183616 0.01677237910455332 0.019524626314373152 2.6835806567285315e-06 0.01595440400191419 5024 5024 0
1.0877909724183574 0.01807233764142322 0.02000089787139373 2.8915740226277158e-06 0.017190964632560153 3557 3557 0
1.4948910916849103 0.008741115451646632 0.015329323501420886 1.3985784722634612e-06 0.008314818456797518 10305 10305 12
1.0210251135936397 0.018664973867234074 0.019275245093991807 2.986395818757452e-06 0.01775469847817715 1886 1886 0
1.0690042319496826 0.018808576345598432 0.020307996749343537 3.0093722152957492e-06 0.017891297582050204 2538 2538 0
2.9538960430479797 0.0070012887096905455 0.025452099905298814 1.1202061935504874e-06 0.006659841630822611 4211 4211 3010
1.2666665920044626 0.011375629979827575 0.016014702376628803 1.8201007967724122e-06 0.010820849883197864 9606 9606 1
1.3236630315347204 0.01972412337879037 0.026144336539361476 3.1558597406064597e-06 0.018762194141163438 8687 8687 0
2.4606222891830667 0.006980681885199469 0.021153212823588993 1.116909101631915e-06 0.006640239784174754 6313 6313 1412
2.875164680430784 0.014992127480978112 0.045405313422995586 2.398740396956498e-06 0.014260973782472524 6078 6078 1480
1.0346671711701412 0.019152798251727117 0.019949769433998205 3.064447720276339e-06 0.018218732069575895 1993 1993 0
1.1017424529799893 0.016093606856680792 0.018430048367031385 2.574977097068927e-06 0.015308734917025344 4801 4801 0
1.7946785206156743 0.0001587078596923877 0.0021532233740573035 2.5393257550782036e-08 0.0001509678082058175 10016 0 0
2.4076086954300164 0.00568609422994487 0.017660485640663432 9.097750767911792e-07 0.005408788101675192 5931 5931 1628
1.017149718793072 0.006072800215688443 0.007848820765571857 9.716480345101511e-07 0.005776634755274652 8302 8302 0
1.1062363645311097 0.01825339171843144 0.02050645970164315 2.9205426749490308e-06 0.017363188851484388 3976 3976 0
1.7374977296981462 0.012361984714208653 0.023482399820837024 1.9779175542733846e-06 0.011759100910283482 9725 9725 28
1.1038505414600772 0.01810193795662607 0.020323344375700755 2.8963100730601712e-06 0.01721912136479154 3998 3998 0
1.6928463936877423 0.005898784823037591 0.012773279882968188 9.438055716860147e-07 0.005611105949874008 9165 9165 90
1.0492609430192963 0.014793974932580573 0.016392451098325742 2.367035989212892e-06 0.014072484970513525 4024 4024 0
1.0521991956689347 0.01817199811557825 0.01943363602262534 2.9075196984925202e-06 0.01728576474754563 2720 2720 0
1.4294108247900905 0.01271622120663056 0.019762507081419523 2.03459539306089e-06 0.012096061580984386 10572 10572 0
1.9776387657309797 0.016776974796089725 0.03422112966862564 2.6843159673743562e-06 0.015958775565362817 9534 9534 72
1.0426899230131343 0.011932871370335978 0.013697902481299854 1.9092594192537566e-06 0.011350915070452421 5163 5163 0
2.2485756979934646 0.0035179082719313647 0.011482252116855534 5.628653235090185e-07 0.0033463427854925985 5836 5836 1616
1.9435166328849312 0.010721610861008743 0.02343658498366493 1.715457737761399e-06 0.010198726737663977 9057 9057 119
2.8212782125995 0.014714487037770018 0.04388444891334914 2.354317926043203e-06 0.01399687363480713 6521 6521 1298
1.7516625060795685 0.004903478342454026 0.011474206219083499 7.845565347926443e-07 0.004664339745868841 8468 8468 204
1.0694912496925508 0.01651081531600491 0.01826704199281466 2.641730450560786e-06 0.0157055964637135 3585 3585 0
1.1059501901804007 0.01636053763879984 0.01874969414917706 2.617686022207975e-06 0.015562647704944508 4907 4907 0
2.3744025780826794 0.008214096553028002 0.02318408451015656 1.3142554484844804e-06 0.007813501835417144 7197 7197 986
2.23171871310198 0.01807233764142322 0.04103396625842201 2.8915740226277158e-06 0.017190964632560153 8717 8717 182
1.1191535594354072 0.01649744457357022 0.019102676467274187 2.639591131771235e-06 0.015692877801365194 4921 4921 0
1.00841778334097 0.019505156035387404 0.019736286668988356 3.1208249656619847e-06 0.018553905654592768 1405 1405 0
2.701502637875005 0.006901198099552672 0.023017867038322128 1.1041916959284277e-06 0.0065646323572315915 5267 5267 2187
1.011642632732317 0.01321435235124852 0.014426224499676319 2.114296376199763e-06 0.012569899280313119 3790 3790 0
1.1173740378828143 0.019714493376462843 0.02206098134757504 3.1543189402340552e-06 0.01875303378611094 3776 3776 0
1.0362356147624032 0.019654712993911243 0.020408129396741675 3.1447540790257993e-06 0.0186961688435365 1893 1893 0
1.9657831916124435 0.011832631917695942 0.025650513772893638 1.8932211068313508e-06 0.011255564213285373 8971 8971 108
2.114509405712856 0.0121127261305831 0.028113987113481884 1.938036180893296e-06 0.011521998462305342 8602 8602 218
2.091524360538736 0.01576367029903464 0.03440300017517715 2.5221872478455428e-06 0.014994889093312803 9118 9118 115
1.0117618267436064 0.018203459342389983 0.018713218556899044 2.9125534947823975e-06 0.017315691636260778 1815 1815 0
1.0064038732500165 0.01682494961070905 0.017455410973661302 2.6919919377134483e-06 0.016004410687821137 2261 2261 0
1.0686578982748143 0.019991984542313525 0.02134246192074326 3.198717526770164e-06 0.019016991936552582 2322 2322 0
2.503920242262218 0.015937732518659826 0.04155564290605249 2.5500372029855726e-06 0.015160462441974843 7822 7822 576
1.1062363645311097 0.01780344899828235 0.02009246731292041 2.848551839725176e-06 0.01693518946688724 3972 3972 0
2.6129443364027276 0.01102928091478473 0.03222907564437774 1.7646849463655568e-06 0.010491391976544735 6702 6702 1198
1.1038505414600772 0.015243411681375333 0.017668889232799894 2.4389458690200534e-06 0.014500003059562193 5227 5227 0
1.019354922505336 0.01919569392853791 0.01969058162213795 3.0713110285660657e-06 0.018259535759589624 1702 1702 0
1.0057871369525104 0.018633695878589276 0.018961537238700036 2.9813913405742844e-06 0.017724945891254586 1657 1657 0
1.810302486956219 0.013399503542981417 0.026106559906034464 2.143920566877027e-06 0.012746020801054359 9593 9593 36
2.5197367033630824 0.010946477329553115 0.03089285493094125 1.7514363727284986e-06 0.010412626653905835 6930 6930 1019
1.0447409705410438 0.018591933550336052 0.01965978621534128 2.9747093680537686e-06 0.01768522027732355 2400 2400 0
1.008115766109737 0.017338822747777295 0.017919302247738904 2.7742116396443676e-06 0.01649322265560525 2126 2126 0
1.0417901009766188 0.009200257594761119 0.01112413823187347 1.472041215161779e-06 0.008751568616085567 6840 6840 0
2.505845415359005 0.017760463767264825 0.04542367002032153 2.841674202762372e-06 0.016894300590151623 7813 7813 508
1.0361516568498075 0.012481959384648378 0.014112796930389223 1.9971135015437406e-06 0.01187322451494683 4968 4968 0
1.077425275456671 0.017934652713505084 0.01968689854352747 2.8695444341608137e-06 0.017059994485076186 3470 3470 0
1.0765889469274912 0.018560290986498564 0.02023088284040207 2.9696465578397706e-06 0.01765512089523991 2959 2959 0
1.0862058914348973 0.006025261380451115 0.008331023765861967 9.640418208721785e-07 0.005731414349843267 9295 9295 0
1.0017089331646098 0.01924556836614058 0.01939089788183568 3.079290938582493e-06 0.01830697786198434 1386 1386 0
1.0202642682167369 0.01419038512555006 0.015410898117967862 2.27046162008801e-06 0.013498331740803383 3629 3629 0
2.879404002577229 0.018735744782256564 0.0545269411702727 2.9977191651610503e-06 0.017822017954013912 6768 6768 1154
1.00841778334097 0.019050533000605805 0.01935857114303114 3.048085280096929e-06 0.01812145421044954 1371 1371 0
2.1614379946383666 0.006360865847328177 0.017286987916187994 1.0177385355725084e-06 0.0060506516635258625 7311 7311 825
2.856411007535452 0.018987050355927956 0.054684767345231436 3.037928056948473e-06 0.018061067562020788 6895 6895 1061
2.8295967217805646 0.014712491147543494 0.04400900534485802 2.353998583606959e-06 0.013994975082501648 6281 6281 1402
2.2011137641666227 0.009483778955856252 0.02407523138279974 1.5174046329370005e-06 0.009021262874120577 7940 7940 484
2.447888637002634 0.012171683287784603 0.03267364614454298 1.9474693260455364e-06 0.011578080327551385 7417 7417 728
2.472071329432145 0.0007854043878826652 0.004627720480408972 1.2566470206122644e-07 0.0007471008633327616 10012 13 21
1.090118861832154 0.019241692910157985 0.021098839492142103 3.078670865625278e-06 0.018303291408795292 3126 3126 0
2.0212571214454638 0.018716057489259683 0.038243392877682254 2.9945691982815495e-06 0.01780329079406729 9367 9367 60
2.2956906062373563 0.002361204939074599 0.008781260890558137 3.777927902519359e-07 0.0022460509206522973 6264 3961 2319
1.0635992768692328 0.01851207336589839 0.019944298147107558 2.9619317385437423e-06 0.017609254808248268 2666 2666 0
1.713666328046314 0.018591576527360158 0.032247021298086924 2.9746522443776256e-06 0.01768488066606388 10275 10275 7
1.0721253073713886 0.01948319605603488 0.020963773687734263 3.117311368965581e-06 0.01853301664533059 2691 2691 0
1.0260030466703318 0.005121555620739744 0.006947154104908356 8.194488993183591e-07 0.004871781575064298 9070 9070 0
2.2928078189387824 0.01690504948727549 0.03992144859017198 2.7048079179640787e-06 0.016080604159437666 8357 8357 247
2.390998552170477 0.000911502079544985 0.004883248535551672 1.458403327271976e-07 0.0008670488745211861 10010 24 15
2.1523385564214372 0.012729360308053333 0.0297821791445478 2.0366976492885335e-06 0.012108559899261972 8588 8588 210
1.012567973958239 0.017305286785795022 0.017970035771117193 2.768845885727204e-06 0.016461322214843522 2218 2218 0
1.0834790957014515 0.0075100593843634485 0.009861218357457251 1.2016095014981518e-06 0.007143799979096191 8585 8585 0
1.0361276011125378 0.01938500196508009 0.02017616440931137 3.101600314412815e-06 0.018439611399245485 1870 1870 0
1.8209858042696665 7.713620068940281e-05 0.052615171919440366 1.234179211030445e-08 7.33743317689121e-05 10000 0 0
1.012744735182764 0.0035179082719313647 0.005171536092720143 5.628653235090185e-07 0.0033463427854925985 9853 9853 48
1.0876114200413705 0.019588992635313225 0.021361205446050913 3.134238821650116e-06 0.01863365361265081 2910 2910 0
1.0669350931535506 0.01904897921139511 0.020480558349190946 3.047836673823218e-06 0.01811997619825778 2445 2445 0
2.0050583880229396 0.018953862170233267 0.038331035749455226 3.032617947237323e-06 0.018029497936783788 9442 9442 71
1.003841788392041 0.019954250280185732 0.020016948031907286 3.1926800448297174e-06 0.01898109794328257 1313 1313 0
2.3886062087478335 0.01546973112927463 0.038693534739840586 2.475156980683941e-06 0.014715285094553594 7857 7857 422
1.0337234940198092 0.00534619582574295 0.007232697900829924 8.553913321188721e-07 0.0050854662624513726 9026 9026 0
2.8822702389257833 0.0175330067509389 0.051700213392111366 2.8052810801502243e-06 0.016677936465008 6439 6439 1230
1.1063978802091843 0.015333306917447977 0.017794365733098158 2.4533291067916766e-06 0.0145855141790766 5216 5216 0
1.2922673514588263 0.018648646911523407 0.024378380870456094 2.9837835058437455e-06 0.01773916777463739 8554 8554 0
2.717169566056996 0.013977630605069971 0.04054410530679505 2.2364208968111957e-06 0.013295953082903182 6624 6624 1172
2.437129674216605 0.0055394858517317696 0.017522167884754886 8.863177362770832e-07 0.00526932969321111 5729 5729 1810
2.3525677015620854 0.012981186562376694 0.03307026124959254 2.0769898499802713e-06 0.012348104794754644 7906 7906 477
1.3960353724517083 0.019654712993911243 0.0274942012391221 3.1447540790257993e-06 0.0186961688435365 10001 10001 0
1.0126075549981448 0.018181027988195292 0.01870999293005645 2.908964478111247e-06 0.017294354240718905 1889 1889 0
1.0998149213830242 0.011185904435122332 0.013719322061031927 1.7897447096195733e-06 0.010640377096907879 7102 7102 0
1.019120612125262 0.019622409081894537 0.020044004945911097 3.1395854531031263e-06 0.018665440366679158 1534 1534 0
2.614897589133754 0.01298705468764878 0.036771240162975075 2.077928750023805e-06 0.01235368673639459 6961 6961 1044
1.0415930655838994 0.01837777522946129 0.019415673722864263 2.9404440367138064e-06 0.017481506281216704 2268 2268 0
1.0367355221877395 0.019797051037566807 0.020539162125208267 3.167528166010689e-06 0.01883156517813917 1796 1796 0
1.017149718793072 0.019018464466744565 0.019499275565507606 3.0429543146791307e-06 0.01809094963254905 1771 1771 0
1.0072730479558856 0.006013542468998212 0.007714029832742936 9.62166795039714e-07 0.005720266960041453 8384 8384 0
2.4467230887820213 0.005718240277537061 0.018025315791106822 9.149184444059299e-07 0.005439366413025866 5848 5848 1787
2.4264090964383844 0.006663184769966952 0.0201175451036429 1.0661095631947125e-06 0.006338226741523774 6426 6426 1448
1.019354922505336 0.01533908463715231 0.016399453980228546 2.4542535419443696e-06 0.014591010124153807 2967 2967 0
1.0076818110709023 0.018633695878589276 0.0189972564605226 2.9813913405742844e-06 0.017724945891254586 1719 1719 0
2.714275397215979 0.01953354868465965 0.05318592589247774 3.1253677895455444e-06 0.018580913617765458 7292 7292 782
1.107012269285224 0.01208662240537631 0.014693088840506628 1.93385958486021e-06 0.011497167794258311 6666 6666 0
1.0409035727689626 0.015458379507568279 0.016851769965877953 2.4733407212109247e-06 0.01470448708208017 3401 3401 0
1.008115766109737 0.016785079633441984 0.017451335716452278 2.6856127413507175e-06 0.01596648513647862 2231 2231 0
2.565540572403839 0.01929187309768151 0.0497611463930399 3.0866996956290417e-06 0.018351024349939266 7728 7728 510
1.0994605989183779 0.013106780520648134 0.01557557543693635 2.0970848833037017e-06 0.01246757363921441 6058 6058 0
1.0695913265964696 0.014164270991117443 0.016131924587435613 2.266283358578791e-06 0.013473491171179889 4889 4889 0
1.0057965995641578 0.0029834646878882176 0.004551347564445066 4.773543500621149e-07 0.002837963574475328 9817 9814 453
1.9653940444414097 0.0019218326493675563 0.006508928921047 3.0749322389880905e-07 0.0018281064553182646 8477 1307 1377
1.0134059403648497 0.008134670470482438 0.009819768661731901 1.30154727527719e-06 0.0077379492974425325 7127 7127 0
1.0091175927375517 0.01924556836614058 0.019534313355596453 3.079290938582493e-06 0.01830697786198434 1481 1481 0
2.70670526280105 0.01960654634106518 0.053200033274525334 3.137047414570429e-06 0.018650351238643618 7406 7406 780
1.1191535594354072 0.003808024366010956 0.006060964318327098 6.092838985617531e-07 0.0036223101568207705 9873 9873 23
1.014466177930467 0.019557759198343974 0.01989854863862818 3.129241471735036e-06 0.0186039434046553 1473 1473 0
1.3135783759260535 0.01946381424718271 0.025664073691979674 3.1142102795492343e-06 0.018514580071318773 8688 8688 0
2.3462903927572287 0.007915920486586498 0.022253675164981238 1.2665472778538399e-06 0.007529867569934921 7100 7100 1012
1.01025644163875 0.017594082833466102 0.018172807607349874 2.8150532533545766e-06 0.016736033917338345 2046 2046 0
1.564240190281854 0.01996540906032978 0.03120579450640181 3.194465449652765e-06 0.018991712518917722 10583 10583 1
1.7690410545502788 0.018811779239607085 0.033611361465173344 3.009884678337134e-06 0.01789434427355836 10242 10242 13
1.0181381960740747 0.019643746203477894 0.02004253531182064 3.1429993925564635e-06 0.018685736894432124 1618 1618 0
1.019120612125262 0.0017639755794957804 0.0031822998917041025 2.822360927193249e-07 0.0016779479446148548 9227 1381 1166
1.0294252346028638 0.01139778895830566 0.013035503460617378 1.8236462333289057e-06 0.010841928186562301 5209 5209 0
2.0967338408432434 0.018115254083300843 0.03862684321173267 2.898440653328135e-06 0.01723178807494552 8924 8924 80
2.947312716935664 0.019510826008270258 0.0576971872311928 3.1217321613232415e-06 0.018559299107572168 6528 6528 1285
1.0065427715450617 0.016603883404950642 0.01727074058892204 2.656621344792103e-06 0.015794125698681914 2437 2437 0
1.2201359144069988 0.0036953854308360333 0.006461965246602459 5.912616689337653e-07 0.0035151645296605614 9906 9906 43
2.4361937132855176 0.019999543635079418 0.048668991823188346 3.199926981612707e-06 0.01902418237859561 8222 8222 359
1.1038505414600772 0.008735321607884188 0.011313485976983333 1.3976514572614701e-06 0.008309307174019221 8485 8485 0
2.4476051995837143 0.01519552814013492 0.03907795123726177 2.4312845024215876e-06 0.014454454759155338 7657 7657 539
1.0988078422561594 0.017764743495359957 0.01992210149838825 2.8423589592575933e-06 0.01689837159943554 3838 3838 0
1.7758972055200402 0.01922572619832011 0.03434845148877386 3.0761161917312178e-06 0.018288103380331613 9961 9961 11
1.0103535623330018 0.008798007634494476 0.010413840654364532 1.4076812215191163e-06 0.008368936054786873 6517 6517 0
1.0087585991304753 0.019519257434019964 0.01975465685709278 3.1230811894431944e-06 0.018567319339638493 1451 1451 0
1.0863428786140574 0.019979635257174118 0.02168465642556975 3.196741641147859e-06 0.019005244915869305 2726 2726 0
2.5561199975893394 0.0038530245909008335 0.01396477069864661 6.164839345441334e-07 0.003665115757838648 4675 4675 2736
2.23566000133531 0.016801356497517635 0.03873173783449979 2.688217039602822e-06 0.015981968191311115 8676 8676 217
1.0042705047216316 0.008407225895231527 0.00998686720902946 1.3451561432370444e-06 0.007997212418807336 6589 6589 0
1.641389769690432 0.017934652713505084 0.029991754047707007 2.8695444341608137e-06 0.017059994485076186 10371 10371 2
1.1121446297984894 0.010109904818605575 0.012797939723760185 1.6175847709768922e-06 0.009616853094689693 7855 7855 0
1.0046692974690816 0.018019523034497997 0.018428436872108742 2.88312368551968e-06 0.01714072575047702 1808 1808 0
1.0766743841986348 0.019981035808424176 0.021492898276616962 3.1969657293478685e-06 0.019006577163389445 2683 2683 0
1.008716565291465 0.01807233764142322 0.018546979626724084 2.8915740226277158e-06 0.017190964632560153 1849 1849 0
1.0034130720624503 0.019832182392124156 0.019907929749490138 3.173149182739865e-06 0.018864983205495244 1297 1297 0
2.2109392791670586 0.018584475709910755 0.04159148419301185 2.973516113585721e-06 0.017678126149627934 8933 8933 179
2.0526527737070204 0.009046089236120438 0.021626955867295187 1.4473742777792702e-06 0.0086049189212073 8390 8390 291
1.0538138145827487 0.004923432822613592 0.0069243146893114525 7.877492516181747e-07 0.004683321062480475 9475 9475 0
2.49619245228209 0.0024219412172100507 0.009721950512926819 3.875105947536081e-07 0.0023038251405709583 5979 4044 2282
1.004877554568669 0.01421171464118776 0.01519693482286334 2.2738743425900417e-06 0.013518621033546391 3368 3368 0
1.0139319393927706 0.018181027988195292 0.018734463636933776 2.908964478111247e-06 0.017294354240718905 2005 2005 0
2.1333822595253373 0.00786974468037525 0.020141653007921544 1.2591591488600402e-06 0.0074859437197276266 7818 7818 533
2.6220427082875064 0.00443694009594668 0.015923498381684525 7.099104153514689e-07 0.004220554185053431 4518 4518 2836
1.003724827571118 0.019920948165452493 0.019987206123608176 3.1873517064723993e-06 0.018949419945232315 1332 1332 0
1.0006872343952937 0.019082448793844693 0.01923652218115109 3.053191807015151e-06 0.018151813496761912 1409 1409 0
1.0367355221877395 0.011882768624891864 0.013573789079856149 1.9012429799826985e-06 0.011303255794601483 5245 5245 0
1.017149718793072 0.019568077310585887 0.019959814726445157 3.130892369693742e-06 0.0186137583110689 1502 1502 0
1.0100991497942893 0.018631489893247644 0.019040984491035206 2.9810383829196233e-06 0.01772284748999957 1676 1676 0
2.4467230887820213 0.010536196781194593 0.029096997630279627 1.685791484991135e-06 0.010022355149676495 7229 7229 874
1.028883835185046 0.004932335404419079 0.006769799035771326 7.891736647070528e-07 0.004691789472710141 9109 9109 0
1.019354922505336 0.01299249177323861 0.014339217116207486 2.078798683718178e-06 0.01235885865980226 4090 4090 0
1.0146939696693473 0.0192805726097613 0.019671526540535972 3.084891617561808e-06 0.018340274977499384 1642 1642 0
2.4266514311813188 0.01995526304572938 0.048390273169765755 3.192842087316701e-06 0.01898206131708553 8183 8183 310
1.004535467630923 0.004742460098661634 0.00641550432770349 7.587936157858615e-07 0.004511174229091012 8908 8908 0
1.5837314699569038 0.019519257434019964 0.03101442879371298 3.1230811894431944e-06 0.018567319339638493 11026 11026 3
2.135510047949653 0.009248439207480245 0.02289726040514756 1.4797502731968394e-06 0.008797400451270835 8132 8132 407
2.877030670658936 0.019570732256855895 0.05646306114767062 3.1313171610969432e-06 0.01861628377779792 6720 6720 1114
1.0272968907560553 0.019588992635313225 0.020176599411483472 3.134238821650116e-06 0.01863365361265081 1752 1752 0
2.332422076657266 0.01904897921139511 0.044772457802215546 3.047836673823218e-06 0.01811997619825778 8384 8384 264
1.9033964874980889 0.0008610402835354317 0.003758342446937957 1.377664453656691e-07 0.0008190480587048997 10029 29 12
2.798206029236592 0.018195895622859302 0.05173713109003899 2.9113432996574886e-06 0.017308496793096467 6952 6952 1009
1.003195802710835 0.015795138781290973 0.016528097996491846 2.5272222050065557e-06 0.015024822883630497 2508 2508 0
1.6498417989639795 0.01901529605835977 0.03162398828982813 3.0424473693375635e-06 0.018087935744829312 10519 10519 5
1.022304702198531 0.013831446843559666 0.015125226947873634 2.213031494969547e-06 0.01315689858293533 3716 3716 0
1.0011941897077055 0.018230352907045406 0.018540124997017578 2.9168564651272653e-06 0.017341273623937635 1703 1703 0
2.252579192113103 0.008851821685796091 0.023329688562709235 1.4162914697273747e-06 0.008420125639168056 7684 7684 595
2.217497326368281 0.00769485611281844 0.020570173435206947 1.2311769780509506e-06 0.007319584323441388 7359 7359 700
1.4498847413612723 0.019968274812873943 0.02892786802297869 3.194923970059831e-06 0.018994438511072687 10417 10417 1
1.2967610002928553 0.019833488749887686 0.025729405471305148 3.17335819998203e-06 0.018866225853267544 8236 8236 0
2.891781177605502 0.01983133090331122 0.05737153582568404 3.1730129445297953e-06 0.01886417324308979 6681 6681 1192
2.823275582181414 0.01975934291252706 0.05584559077111056 3.16149486600433e-06 0.018795696047272964 6958 6958 1010
1.0269701811062344 0.004469706443337067 0.006271436210014473 7.151530309339308e-07 0.004251722544692488 9496 9496 0
1.6938268695331649 0.01072850047738537 0.020436085233337686 1.7165600763816593e-06 0.010205280353129361 9856 9856 24
1.0198680101415414 0.01937820748392212 0.01985384202439097 3.100513197427539e-06 0.018433148279332567 1718 1718 0
2.290131208749467 0.019082448793844693 0.044023905053087856 3.053191807015151e-06 0.018151813496761912 8643 8643 190
2.6469289356736363 0.00120746764350501 0.006433148198434425 1.9319482296080162e-07 0.0011485804419057266 10004 43 37
2.1892890257382813 0.019568077310585887 0.0429610336895404 3.130892369693742e-06 0.0186137583110689 8838 8838 127
2.2587441950643337 0.01922456253549034 0.043685252680708546 3.0759300056784547e-06 0.018286996468378787 8709 8709 221
1.008062992307163 0.008980110960422569 0.01055976137441337 1.4368177536676111e-06 0.008542158351626104 6387 6387 0
1.1038505414600772 0.019474490946135667 0.02157620684756271 3.115918551381707e-06 0.018524736076465115 3360 3360 0
1.0084845638680515 0.018583305150836775 0.01897031215713433 2.973328824133884e-06 0.017677012677755045 1662 1662 0
1.0146939696693473 0.019850121707341364 0.020146681835824187 3.1760194731746184e-06 0.01888204763509756 1492 1492 0
1.0117648906112624 0.011659540235892168 0.013046974675411382 1.8655264377427471e-06 0.011090914070115254 4746 4746 0
2.175867547646267 0.008798007634494476 0.02242693921310978 1.4076812215191163e-06 0.008368936054786873 7906 7906 490
1.0404764845582979 0.007483164221896364 0.009443295006051636 1.1973062755034183e-06 0.007118216471531633 7835 7835 0
1.008115766109737 0.019405728870167005 0.019647899998151263 3.104916619226721e-06 0.01845932747025751 1422 1422 0
1.0078720163683135 0.0035179082719313647 0.005146653770113883 5.628653235090185e-07 0.0033463427854925985 9891 9891 46
1.027221383854937 0.019635423848670897 0.020214317198871606 3.1416678157873436e-06 0.01867782041400854 1712 1712 0
1.0189711112267532 0.008886468786240127 0.010585974864410765 1.4218350057984204e-06 0.00845308302908473 6561 6561 0
1.0059669470670927 0.018700045714500308 0.019020168923653984 2.9920073143200497e-06 0.017788059900363647 1590 1590 0
1.00841778334097 0.01526178051271204 0.01615711600063907 2.4418848820339265e-06 0.01451747605813693 2866 2866 0
1.2184201552173026 0.010704346459240732 0.014673870852078975 1.7126954334785173e-06 0.010182304306538303 9587 9587 0
1.0016132860443272 0.01924556836614058 0.019389046362416527 3.079290938582493e-06 0.01830697786198434 1435 1435 0
1.243219567557016 0.016220745103064968 0.020930229540723797 2.595319216490395e-06 0.015429672735939617 8044 8044 0
1.0045040788830875 0.018078138727888327 0.01847437077539931 2.8925021964621325e-06 0.017196482804820477 1847 1847 0
1.0068158371894405 0.01987658659528732 0.02001212276788072 3.1802538552459715e-06 0.018907221852274694 1462 1462 0
1.0248111654023537 0.019634319789009543 0.020165957590259728 3.141491166241527e-06 0.01867677019842674 1689 1689 0
2.367561413933234 0.017865923969572796 0.04312500954534612 2.8585478351316478e-06 0.01699461758532902 8346 8346 319
2.5778427073243186 0.0052323017581973 0.017742081651670943 8.371682813115681e-07 0.004977126714691489 5048 5048 2359
1.0362356147624032 0.019469181632420483 0.020250057976297708 3.1150690611872777e-06 0.018519685693603093 1983 1983 0
1.0126075549981448 0.018478255023203626 0.018959736953453432 2.95652080371258e-06 0.01757708575824862 1640 1640 0
1.0092033942642398 0.018857197717048725 0.019212514189170374 3.0171516347277963e-06 0.017937547729295834 1615 1615 0
1.0044666423042359 0.012750144558502818 0.013917191309369734 2.040023129360451e-06 0.012128330518950504 3828 3828 0
1.047746625946435 0.019920948165452493 0.020863813669710782 3.1873517064723993e-06 0.018949419945232315 1898 1898 0
2.4590587168052025 0.019861753381216214 0.04884791674609488 3.1778805409945944e-06 0.018893112041826088 8007 8007 388
1.009330460723946 0.019797051037566807 0.01999623001917957 3.167528166010689e-06 0.01883156517813917 1376 1376 0
1.9529822970609485 0.01075895503392498 0.02361616800067209 1.721432805427997e-06 0.010234249666051711 8873 8873 116
1.8222927293976303 0.0006439540019638826 0.003056862328805892 1.0303264031422122e-07 0.0006125488961307877 10021 15 6
1.003477226190372 0.014021839520600682 0.015011600895191502 2.243494323296109e-06 0.013338005966067023 3377 3377 0
1.1038505414600772 0.010988969043993529 0.013575546357858211 1.7582350470389647e-06 0.01045304608246098 7357 7357 0
2.9192958946747845 0.01613266542679176 0.0489306199231353 2.5812264682866815e-06 0.015345888632869882 6331 6331 1451
1.0354333416437842 0.019854849458457023 0.020562477262589356 3.176775913353124e-06 0.018886544817688623 1834 1834 0
1.0160334950762115 0.019983909901358145 0.02028476039464618 3.1974255842173035e-06 0.019009311089180275 1308 1308 0
1.0250519809185672 0.012315524995444388 0.013811795341616655 1.9704839992711023e-06 0.011714906993704338 4575 4575 0
1.0106497792520006 0.019519257434019964 0.01979169209464901 3.1230811894431944e-06 0.018567319339638493 1401 1401 0
1.008115766109737 0.01950246764521563 0.019728146462562806 3.120394823234501e-06 0.018551348374993507 1498 1498 0
2.381683969540739 0.0035179082719313647 0.012161963604491257 5.628653235090185e-07 0.0033463427854925985 5276 5276 2017
1.005086941926503 0.019635423848670897 0.019778741540893912 3.1416678157873436e-06 0.01867782041400854 1216 1216 0
1.0055617731408626 0.01981634655381545 0.019937492276816116 3.1706154486104722e-06 0.0188499196679666 1318 1318 0
1.062358110662913 0.01957360436063165 0.020851779108389625 3.1317766977010645e-06 0.01861901581144015 2390 2390 0
1.0017792907158567 0.016622298254719604 0.017204530011455093 2.6595677207551368e-06 0.0158116424714079 2266 2266 0
1.4179009054758507 0.01885830177671008 0.0269943076906362 3.017328284273613e-06 0.017938597944877635 10345 10345 0
1.0111604573494954 0.018741072440955818 0.019152685057623253 2.9985715905529313e-06 0.01782708578719025 1704 1704 0
1.0048433285674099 0.015210021239019777 0.016055530328745182 2.4336033982431647e-06 0.014468241041554948 2782 2782 0
1.003841788392041 0.019697243336710142 0.01980522369875774 3.151558933873623e-06 0.018736625016576927 1352 1352 0
1.9989669182689522 0.01833782679878328 0.03719522222830591 2.9340522878053253e-06 0.017443506102571425 9433 9433 62
1.4184955579273655 0.019635423848670897 0.02791405981593488 3.1416678157873436e-06 0.01867782041400854 10317 10317 1
1.0053320331923594 0.019347177363719378 0.019545183193956275 3.0955483781951007e-06 0.018403631472512474 1500 1500 0
1.0074218861079065 0.019845271154495834 0.019998285549556388 3.1752433847193338e-06 0.018877433639715765 1356 1356 0
1.011271919616851 0.004273226819117125 0.0059699731414659995 6.8371629105874e-07 0.004064825069778016 9514 9514 0
1.0014047964306474 0.018478255023203626 0.018749980118691136 2.95652080371258e-06 0.01757708575824862 1502 1502 0
1.0092033942642398 0.018522882435719142 0.018933321370599335 2.963661189715063e-06 0.01761953672864431 1684 1684 0
1.007107385723081 0.010894307248415131 0.012300465695348746 1.7430891597464211e-06 0.010363000864618608 5083 5083 0
2.106303072580433 0.01842625166034772 0.039346934296198004 2.9482002656556353e-06 0.01752761855653029 8992 8992 96
1.002028598511513 0.019082448793844693 0.019262307641070786 3.053191807015151e-06 0.018151813496761912 1397 1397 0
1.009330460723946 0.019403716816767197 0.019669902422394157 3.1045946906827516e-06 0.01845741354304338 1427 1427 0
1.0331058336436252 0.019967450515921803 0.0206116638853458 3.194792082547489e-06 0.018993654414403392 1748 1748 0
1.0107066384137946 0.018631489893247644 0.019052436021694187 2.9810383829196233e-06 0.01772284748999957 1737 1737 0
1.0102861777126226 0.019765396368820732 0.019988911067118184 3.1624634190113174e-06 0.01880145428149335 1388 1388 0
1.001278541771501 0.019474490946135667 0.019571302561225593 3.115918551381707e-06 0.018524736076465115 1413 1413 0
1.0084845638680515 0.01816442507580877 0.018619901594493227 2.9063080121294036e-06 0.017278561038682885 1854 1854 0
1.0037040090456153 0.019159378248191604 0.01935820433568701 3.065500519710657e-06 0.01822499116503702 1544 1544 0
1.583974937062058 0.01837751889416913 0.02952553236006683 2.940403023067061e-06 0.017481262447185435 10671 10671 2
1.006844044914095 0.0036934138425659983 0.005330236985103095 5.909462148105598e-07 0.0035132890941251805 9738 9738 24
1.0106497792520006 0.018084155852965394 0.01859245549041573 2.893464936474463e-06 0.017202206479667744 1917 1917 0
1.0030980535365293 0.019350998445963052 0.019504907511774427 3.0961597513540885e-06 0.01840726620372503 1460 1460 0
1.0015099562495777 0.01956666803502624 0.01965175086160019 3.1306668856041988e-06 0.018612417764716567 1461 1461 0
1.0034130720624503 0.019349064146113565 0.019509434686768273 3.0958502633781705e-06 0.018405426238084662 1402 1402 0
1.0103260493611979 0.019230361704337208 0.019545044702521407 3.0768578726939535e-06 0.018292512816541526 1586 1586 0
1.0168729996332153 0.018700045714500308 0.019226373474114294 2.9920073143200497e-06 0.017788059900363647 1736 1736 0
1.00841778334097 0.018590890394584732 0.01897539054215259 2.9745424631335572e-06 0.017684227995418297 1735 1735 0
1.007568830976155 0.005794928956790162 0.007499313242326642 9.27188633086426e-07 0.005512315048610012 8399 8399 0
1.0022248396500677 0.019178909839064503 0.019345816547177836 3.0686255742503206e-06 0.01824357021632389 1373 1373 0
1.0188309204053634 0.01807233764142322 0.01873294934774351 2.8915740226277158e-06 0.017190964632560153 1920 1920 0
1.0052747380570008 0.019710226863409203 0.019844215448532692 3.1536362981454728e-06 0.018748975347381833 1337 1337 0
1.0014946588021783 0.019820215873266274 0.01986003300187398 3.171234539722604e-06 0.018853600283897477 1285 1285 0
1.011045726056376 0.019871599167044576 0.02009206202614419 3.1794558667271325e-06 0.018902477656795966 1336 1336 0
1.0952620233100596 0.01986252291440713 0.021757499407931077 3.178003666305141e-06 0.018893844045517652 2978 2978 0
1.0065282199855208 0.019841537019433378 0.019977461371471883 3.174645923109341e-06 0.01887388161534207 1487 1487 0
1.0038232729609446 0.019220428502094034 0.0194110283004271 3.075268560335046e-06 0.01828306404838333 1503 1503 0
1.007953681358522 0.018528716140715495 0.018914747798440882 2.9645945825144793e-06 0.017625085928656994 1780 1780 0
1.0092033942642398 0.011469676529591044 0.012843921150071831 1.8351482447345672e-06 0.010910309860256526 4736 4736 0
1.0069833985445666 0.015767635510803252 0.016567022257123733 2.5228216817285207e-06 0.014998660924972174 2627 2627 0
1.004343808501666 0.0193913750339904 0.019562518605698572 3.1026200054384643e-06 0.018445673658838674 1430 1430 0
1.0058300753513398 0.019879472663351397 0.01999491051949118 3.1807156261362237e-06 0.01890996716917841 1346 1346 0
1.0055073477165042 0.0194073925493137 0.019598439591593783 3.1051828078901926e-06 0.018460910013143674 1465 1465 0
1.0092111114068398 0.019971966808019204 0.020138673021968582 3.195514689283073e-06 0.0189979504506582 1368 1368 0
1.00678441746276 0.018631489893247644 0.018978499766709445 2.9810383829196233e-06 0.01772284748999957 1619 1619 0
2.6140663998644973 0.019345041394072678 0.050816827164938745 3.095206623051629e-06 0.01840159967234466 7647 7647 616
1.0068862133945395 0.01887712435083961 0.019184982050876303 3.0203398961343377e-06 0.017956502557583232 1624 1624 0
1.0102570234395443 0.01960318581228889 0.019853714744779146 3.1365097299662228e-06 0.018647154600085498 1314 1314 0
1.0122565923569158 0.019652865960855304 0.0199343386075244 3.144458553736849e-06 0.018694411888760094 1481 1481 0
1.0029524474381617 0.01408230501374121 0.015056033548193678 2.2531688021985936e-06 0.013395522606951744 3446 3446 0
1.0041810354188645 0.01873516873825274 0.01901558182967375 2.9976269981204386e-06 0.017821470003201292 1509 1509 0
1.0004306705239419 0.01960759218187926 0.019664229204783754 3.137214749100682e-06 0.01865134607466333 1283 1283 0
1.008115766109737 0.0197278411739806 0.019914881219135427 3.1564545878368964e-06 0.018765730622546998 1366 1366 0
1.8206721468778413 0.01956666803502624 0.03572545156224269 3.1306668856041988e-06 0.018612417764716567 10214 10214 12
1.003231684292246 0.0035118241842518726 0.005116407547182082 5.618918694802997e-07 0.003340555413753824 9919 9919 44
1.0054402575223793 0.01981634655381545 0.019935082960183627 3.1706154486104722e-06 0.0188499196679666 1311 1311 0
1.0041263986100422 0.019388994642911474 0.019556316243800415 3.1022391428658363e-06 0.018443409357470394 1411 1411 0
1.0005536194019982 0.012180073960233078 0.013362466825396905 1.9488118336372927e-06 0.011586061793821389 3957 3957 0
1.0030284492032568 0.018019523034497997 0.01839833913869573 2.88312368551968e-06 0.01714072575047702 1821 1821 0
1.0022248396500677 0.01903424845964391 0.019226215472296554 3.0454797535430257e-06 0.018105963853126208 1495 1495 0
1.3800138407957347 0.01963801512899354 0.0271597306676051 3.1420824206389666e-06 0.018680285319725966 9725 9725 0
1.0102308824483677 0.019656899078042092 0.019897794085681025 3.145103852486735e-06 0.01869824831414638 1385 1385 0
1.0076003657626456 0.019502278080994202 0.019717903313388924 3.1203644929590727e-06 0.01855116805566289 1436 1436 0
1.0080285506094566 0.019282256223950356 0.019543704549466617 3.085160995832057e-06 0.018341876483212324 1612 1612 0
1.0066639823107046 0.018887446200011968 0.019189333546036202 3.021991392001915e-06 0.017966321018680256 1617 1617 0
1.010204634106795 0.019845271154495834 0.02005352575215833 3.1752433847193338e-06 0.018877433639715765 1418 1418 0
1.0072619632355333 0.018860797857987947 0.019178551512560996 3.017727657278072e-06 0.017940972294329224 1599 1599 0
1.0061508189745938 0.016135951349025044 0.016866991551893428 2.5817522158440073e-06 0.015349014303384596 2279 2279 0
1.0073966396571783 0.019565116036070845 0.0197659746285832 3.1304185657713353e-06 0.018610941455470834 1448 1448 0
1.008213284209519 0.019602553369706514 0.019813026779800822 3.1364085391530422e-06 0.018646553001206514 1398 1398 0
1.003724827571118 0.01922168567462606 0.019410164718854775 3.0754697079401697e-06 0.018284259909647316 1406 1406 0
1.0054371927750072 0.018751910124405878 0.01905329214336096 3.000305619904941e-06 0.01783739492575248 1644 1644 0
1.009330460723946 0.01883028857002842 0.019192484081639385 3.0128461712045475e-06 0.017911950919193186 1672 1672 0
1.004093116346533 0.019971966808019204 0.020036544113673182 3.195514689283073e-06 0.0189979504506582 1227 1227 0
1.0061668379889248 0.01950848520135659 0.0196949874188842 3.1213576322170547e-06 0.018557072459882036 1421 1421 0
1.0061138976086939 0.019613358767307534 0.019780705986029552 3.138137402769206e-06 0.01865683142847395 1355 1355 0
1.0034204178572104 0.019373945606867917 0.019530134769398185 3.099831297098867e-06 0.018429094250509027 1362 1362 0
1.0023476422345836 0.019375326224028586 0.019510394083817547 3.100052195844574e-06 0.018430407536108882 1403 1403 0
1.0022319760870417 0.018731429192522457 0.018975573277030363 2.9970286708035936e-06 0.017817912832033583 1570 1570 0
1.007698034149871 0.019983909901358145 0.020118345774961743 3.1974255842173035e-06 0.019009311089180275 1383 1383 0
1.0041810354188645 0.0194879376980267 0.019639144202779676 3.1180700316842723e-06 0.018537527041351236 1305 1305 0
1.0021255988546307 0.010530968749872272 0.011912795128311462 1.6849549999795636e-06 0.010017382085132044 5195 5195 0
1.002711408136432 0.018888877127796282 0.019115173917772652 3.0222203404474055e-06 0.017967682161296118 1554 1554 0
1.0053148832551408 0.019752146015121323 0.019879615098614425 3.1603433624194118e-06 0.018788850136620953 1326 1326 0
1.0038041998780185 0.019683666579907586 0.019793287135144912 3.149386652785214e-06 0.018723710387011653 1411 1411 0
1.0107979504677682 0.016319719603021886 0.017101731941813116 2.611155136483502e-06 0.015523820331123143 2493 2493 0
1.0000659937304128 0.019638674635091925 0.019682607654048476 3.1421879416147083e-06 0.018680912662255595 1315 1315 0
1.0030459327609123 0.019449255785689953 0.01958502198697486 3.1118809257103925e-06 0.018500731613991763 1399 1399 0
1.0007624836405022 0.019514871973300894 0.019594458201310328 3.1223795157281433e-06 0.018563147754223543 1424 1424 0
1.012952413624859 0.019654558734126963 0.01994945029240779 3.1447293974603145e-06 0.018696022106874734 1517 1517 0
1.0016344806589061 0.019571885157084197 0.01965849059496929 3.131501625133472e-06 0.01861738045203248 1378 1378 0
1.0119397904326064 0.019687668561956098 0.019957033712224636 3.150026969912976e-06 0.018727517195694685 1368 1368 0
1.0069747338608899 0.019542402939492356 0.019738890424636137 3.126784470318777e-06 0.018589336057888962 1343 1343 0
1.005086941926503 0.019685332472078383 0.019819956051173777 3.1496531955325417e-06 0.018725295034994555 1366 1366 0
1.0068238133840457 0.019826929826858932 0.019971259749909848 3.1723087722974294e-06 0.01885998680350806 1273 1273 0
1.0047259175070402 0.019744211240144218 0.019861422505802247 3.159073798423075e-06 0.01878130233407846 1358 1358 0
1.0038232729609446 0.01901351932543059 0.0192397031081388 3.0421630920688945e-06 0.01808624566170044 1591 1591 0
1.004356942993267 0.019788445102605603 0.01989060284108321 3.166151216416897e-06 0.018823378947531732 1316 1316 0
1.0054588135385505 0.019572489514143747 0.019734048104010943 3.1315983222629998e-06 0.01861795533509644 1360 1360 0
1.008213284209519 0.01916894161882108 0.019453124205529783 3.067030659011373e-06 0.01823408813796445 1551 1551 0
1.0048915004283647 0.019652081890338177 0.01978865067825757 3.1443331024541085e-06 0.018693666056715744 1324 1324 0
1.005302844354087 0.019879472663351397 0.019984429686921636 3.1807156261362237e-06 0.01890996716917841 1322 1322 0
1.0046587255851747 0.019709804198933173 0.01983170654210176 3.153568671829308e-06 0.01874857329590388 1403 1403 0
1.002707966719583 0.019971966808019204 0.020008903637752578 3.195514689283073e-06 0.0189979504506582 1315 1315 0
1.008405930725113 0.01956662275663589 0.01978702697670411 3.1306596410617427e-06 0.018612374694515987 1343 1343 0
1.0067365392173222 0.004834287195352298 0.006523788707991488 7.734859512563678e-07 0.004598522993973627 8809 8809 0
1.0069372219947073 0.019669476185682194 0.019843326293316803 3.1471161897091513e-06 0.018710212046614796 1331 1331 0
1.008813669131152 0.019513978354441817 0.019751355159963877 3.122236536710691e-06 0.01856229771641957 1405 1405 0
1.0122565923569158 0.019225000836322104 0.019577919045331457 3.076000133811537e-06 0.0182874133936403 1472 1472 0
1.0014652187439745 0.019534532107369787 0.01962440999918057 3.125525137179166e-06 0.018581849079760706 1387 1387 0
1.0045243689944345 0.019797365172741284 0.019901273721229816 3.167578427638606e-06 0.018831863993200148 1319 1319 0
1.0019298134414174 0.01934123468068782 0.019474135655094597 3.0945975489100518e-06 0.018397978609233524 1412 1412 0
1.000895850651533 0.019431043166397308 0.01952803946329952 3.1089669066235694e-06 0.018483407209128472 1396 1396 0
1.006510884442751 0.019752146015121323 0.019903265443061924 3.1603433624194118e-06 0.018788850136620953 1338 1338 0
1.0028815646533578 0.019832182392124156 0.01989738452892629 3.173149182739865e-06 0.018864983205495244 1230 1230 0
1.0054402575223793 0.019889011288889306 0.019995028569619305 3.1822418062222894e-06 0.018919040603811995 1299 1299 0
1.005583515353902 0.019531525518046215 0.019702624559983676 3.1250440828873947e-06 0.018578989119319964 1353 1353 0
1.0034443447427424 0.019604969021514956 0.019721301772777745 3.136795043442393e-06 0.018648850843667596 1372 1372 0
1.0007624836405022 0.019506852205010014 0.019587856897534138 3.1210963528016023e-06 0.018555519103421122 1419 1419 0
1.006510884442751 0.01971868157626843 0.019875606182260596 3.154989052202949e-06 0.018757017730864547 1293 1293 0
1.0059436106455018 0.019600460268804416 0.019766693328195396 3.1360736430087068e-06 0.018644561979109964 1304 1304 0
1.0062120677083386 0.019629632904106846 0.01979609401815153 3.1407412646570956e-06 0.01867231188903712 1327 1327 0
1.0014946588021783 0.019703795131460273 0.019764305761736496 3.152607221033644e-06 0.01874285728569806 1242 1242 0
1.0090513462574866 0.019896715571811198 0.020073218463811812 3.183474491489792e-06 0.0189263691552068 1307 1307 0
1.0068238133840457 0.019534203801010234 0.019729143572316588 3.1254726081616377e-06 0.01858153678463167 1392 1392 0
1.0021873876131528 0.019845271154495834 0.019894375760568947 3.1752433847193338e-06 0.018877433639715765 1341 1341 0
1.0016410548822612 0.019637654870058557 0.019712767551543824 3.1420247792093695e-06 0.01867994263032226 1118 1118 0
1.0037707094226942 0.01942294533746813 0.019577439924566162 3.1076712539949013e-06 0.018475704304640735 1418 1418 0
2.461455144626451 0.019660877624055842 0.0484895651169169 3.145740419848935e-06 0.018702032829750748 8170 8170 351
1.0026490326960555 0.019567066350766025 0.01967443030990971 3.1307306161225644e-06 0.01861279665492607 1388 1388 0
1.0089112155407107 0.019702783982419758 0.019909832165399398 3.1524454371871617e-06 0.018741895449562715 1383 1383 0
2.201887558822424 0.019297268129742286 0.04271752972162225 3.087562900758766e-06 0.01835615627073383 8901 8901 130
1.7081504404017425 0.01974040607227309 0.033761381626985346 3.1584649715636945e-06 0.018777682741107617 10473 10473 5
1.0031193093164759 0.01958977601885808 0.0197023861950771 3.134364163017293e-06 0.018634398791225963 1246 1246 0
1.7218014069427987 0.019538162247004023 0.03374504041774756 3.1261059595206438e-06 0.018585302180477478 10511 10511 3
1.0061138976086939 0.01955314727607435 0.01973090506976699 3.1285035641718964e-06 0.018599556402032938 1319 1319 0
1.0069183098813097 0.019747048786718804 0.019907107807043127 3.159527805875009e-06 0.018784001495845734 1362 1362 0
1.0012012956623408 0.01960318581228889 0.019675750294224918 3.1365097299662228e-06 0.018647154600085498 1317 1317 0
1.0111436668305958 0.019225000836322104 0.01955639410193045 3.076000133811537e-06 0.0182874133936403 1596 1596 0
1.0860804634260057 0.019757699922047917 0.021481668008489926 3.1612319875276672e-06 0.018794133184085095 2777 2777 0
1.0024799885740872 0.019569755841388183 0.019673329929075584 3.1311609346221094e-06 0.01861535498130766 1344 1344 0
1.0043969539344921 0.01966847327905684 0.01979243862303416 3.1469557246490945e-06 0.018709258050918817 1334 1334 0
1.0063063844266025 0.0197278411739806 0.019879137684006763 3.1564545878368964e-06 0.018765730622546998 1357 1357 0
1.0004689125425987 0.019485722178654075 0.019564721387613723 3.117715548584652e-06 0.01853541957103205 1448 1448 0
1.002833073325654 0.019832182392124156 0.019896422450623483 3.173149182739865e-06 0.018864983205495244 1303 1303 0
1.009775422252842 0.019889011288889306 0.02008124129284287 3.1822418062222894e-06 0.018919040603811995 1373 1373 0
1.000589638271673 0.0196919610267154 0.019736719090266152 3.1507137642744646e-06 0.018731600320486166 1267 1267 0
1.6732241976325453 0.01939848817740295 0.032600708353200565 3.103758108384472e-06 0.018452439900110702 10413 10413 5
1.0760423298595088 0.019506852205010014 0.021061304273021466 3.1210963528016023e-06 0.018555519103421122 2769 2769 0
2.358462509041645 0.019621152021761776 0.04638366695000165 3.139384323481884e-06 0.018664244612332813 8476 8476 276
1.7573289325839931 0.019595183751333137 0.03452371929460688 3.135229400213302e-06 0.018639542793046065 10184 10184 10
1.0015203291531867 0.01943141602199723 0.019540530706534585 3.109026563519557e-06 0.01848376188086815 1446 1446 0
1.0003031492285301 0.019703795131460273 0.01974079154793152 3.152607221033644e-06 0.01874285728569806 1313 1313 0
1.7727999706475364 0.01928857604491186 0.03438035871766789 3.086172167185898e-06 0.018347888091715274 10205 10205 11
1.1159466125665622 0.019826929826858932 0.022135809036628002 3.1723087722974294e-06 0.01885998680350806 3636 3636 0
1.01045004736587 0.019324021371854655 0.01962541584783062 3.091843419496745e-06 0.018381604779282378 1488 1488 0
1.005086941926503 0.019737575800342598 0.019863082839381117 3.1580121280548158e-06 0.018774990499206043 1340 1340 0
1.004356942993267 0.01975804654461761 0.019865538122489795 3.1612874471388177e-06 0.0187944629021578 1398 1398 0
1.0054588135385505 0.019485631191350952 0.01966222639432455 3.1177009906161527e-06 0.0185353330211047 1330 1330 0
1.0018285571376453 0.019629256605541077 0.019709543555318926 3.1406810568865726e-06 0.018671953942242202 1326 1326 0
1.0043239704686082 0.019113152696677276 0.019331872031794806 3.0581044314683644e-06 0.018181019995564072 1489 1489 0
2.789991612236612 0.019879472663351397 0.05546228334573898 3.1807156261362237e-06 0.01890996716917841 7155 7155 963
1.005525650129982 0.019236606650959512 0.019457354895118743 3.077857064153522e-06 0.018298453202265075 1545 1545 0
2.2930535040181472 0.012377408654109695 0.031021843730507453 1.9803853846575513e-06 0.011773772637350254 8092 8092 441
1.0059735439858315 0.019692837364803158 0.019843641258761584 3.1508539783685054e-06 0.01873243392028779 1355 1355 0
1.6721363800461608 0.018941825285270268 0.031949887001892927 3.030692045643243e-06 0.018018048080777845 10195 10195 7
2.8180617916317177 0.019687574389992437 0.05557636344229496 3.15001190239879e-06 0.018727427616420062 7044 7044 979
1.5932444288603531 0.019596482291468174 0.03130188718387105 3.135437166634908e-06 0.01864077800444917 10557 10557 3
1.0007298347209501 0.019946224840369342 0.01994830948231638 3.191395974459095e-06 0.018973463897550266 1208 1208 0
1.0020050447153452 0.019789430186336793 0.01984483534822673 3.166308829813887e-06 0.0188243159895414 1205 1205 0
2.8067306068507416 0.019344181660984977 0.054560186264051014 3.0950690657575966e-06 0.018400781867730927 6888 6888 958
1.8719046315606869 0.015176510824560622 0.02985609066505616 2.4282417319296997e-06 0.014436364902384695 9560 9560 34
1.0059625057417154 0.01980958079672699 0.019939851731970958 3.169532927476319e-06 0.018843483871274002 1300 1300 0
1.0055859881136517 0.01960355183302894 0.01976222142723042 3.136568293284631e-06 0.018647502770295785 1270 1270 0
1.006421468905366 0.019320629775286372 0.019544359636960572 3.09130076404582e-06 0.018378378588082875 1509 1509 0
1.0239006339481718 0.019889011288889306 0.020362147104289113 3.1822418062222894e-06 0.018919040603811995 1582 1582 0
1.000589638271673 0.019537733939774517 0.01960988697501685 3.126037430363923e-06 0.01858489476143848 1394 1394 0
1.8151611324145807 0.019608478498530098 0.03567970124863494 3.137356559764816e-06 0.01865218916638174 10117 10117 11
2.5281806492323335 0.019506852205010014 0.04948391009636135 3.1210963528016023e-06 0.018555519103421122 7960 7960 464
1.0064970118507655 0.019666831241587024 0.019832464104688197 3.146692998653924e-06 0.01870769609426279 1363 1363 0
1.0036588664421573 0.019927935304071043 0.019991643632697485 3.188469648651367e-06 0.01895606632686028 1214 1214 0
1.0033883820580196 0.019753819754689976 0.01984289839698747 3.1606111607503963e-06 0.018790442249290586 1316 1316 0
1.0014106169625197 0.019621410915711186 0.01969486429473544 3.1394257465137902e-06 0.018664490880237732 1382 1382 0
1.0016410548822612 0.019974850648988574 0.019989981607588834 3.195976103838172e-06 0.019000693649080785 1230 1230 0
1.0037744716528956 0.019483254671566627 0.019627325842100772 3.1173207474506607e-06 0.018533072402231173 1420 1420 0
1.0021873876131528 0.019911819327419093 0.019949087828851245 3.1858910923870552e-06 0.01894073631310446 1327 1327 0
1.005086941926503 0.019520528107588232 0.019683804674182525 3.1232844972141174e-06 0.018568528043504312 1390 1390 0
1.007980460814661 0.019612293432414437 0.019816520973008605 3.13796694918631e-06 0.01865581804908538 1395 1395 0
1.000044752370718 0.019485631191350952 0.019556351847340375 3.1177009906161527e-06 0.0185353330211047 1360 1360 0
1.0048143117105717 0.019339413242675844 0.01952869336183513 3.0943061188281353e-06 0.01839624600125189 1467 1467 0
1.0039067273577102 0.019966838756125063 0.02002860422580439 3.19469420098001e-06 0.018993072489627633 1243 1243 0
1.004311414140247 0.019879472663351397 0.01996472103145602 3.1807156261362237e-06 0.01890996716917841 1331 1331 0
1.0025324831575688 0.019797051037566807 0.019861552697556878 3.167528166010689e-06 0.01883156517813917 1289 1289 0
1.0018867286071134 0.01958281135823944 0.019672440788328076 3.133249817318311e-06 0.018627773791364387 1341 1341 0
1.00416859526303 0.01956662275663589 0.01970388161971747 3.1306596410617427e-06 0.018612374694515987 1250 1250 0
1.0023722859371964 0.01955314727607435 0.01965752830310696 3.1285035641718964e-06 0.018599556402032938 1390 1390 0
1.0069372219947073 0.019711776729110016 0.019878314804944223 3.1538842766576026e-06 0.018750449627410046 1313 1313 0
1.542341437634591 0.006901484552358998 0.0131417813150857 1.1042375283774397e-06 0.006564904839970689 9770 9770 21
1.215503424623631 0.019526707332541297 0.023810816310048014 3.1242731732066077e-06 0.018574405912750256 6446 6446 0
1.2734137974426878 0.019656837082749616 0.025081454585311882 3.1450939332399387e-06 0.018698189342313216 7787 7787 0
1.0041810354188645 0.019667799109293893 0.01978762758109942 3.146847857487023e-06 0.018708616759859457 1498 1498 0
1.001833730487035 0.01934318633009872 0.019473878270777775 3.0949098128157955e-06 0.01839983507831149 1363 1363 0
1.0059625057417154 0.01961048341459099 0.0197753521886488 3.1376773463345588e-06 0.018654096304339098 1335 1335 0
1.0038318410617548 0.019020724318421414 0.019245837667743567 3.0433158909474262e-06 0.018093099273122526 1471 1471 0
1.0031223381613905 0.01987677677670633 0.019938864896421642 3.180284284273013e-06 0.01890740275870267 1275 1275 0
2.972082043571322 0.01981015570237659 0.05891301682665071 3.1696249123802545e-06 0.018844030739248993 6585 6585 1257
1.1140808985743949 0.0196919610267154 0.021975344234999982 3.1507137642744646e-06 0.018731600320486166 3747 3747 0
1.0015024735132043 0.01947444374798563 0.019575640711765454 3.1159109996777008e-06 0.018524691180129945 1316 1316 0
1.0007624836405022 0.01980614460711544 0.01983395620569658 3.1689831371384706e-06 0.01884021526179719 1264 1264 0
1.0006367234410858 0.019386536196600728 0.019486326335907807 3.101845791456117e-06 0.01844107080755961 1437 1437 0
1.0049817343951415 0.019691607749717184 0.01982306193468819 3.15065723995475e-06 0.018731264272515927 1344 1344 0
1.0009238839739016 0.019709616563319356 0.01975782746972835 3.153538650131097e-06 0.01874839481112427 1368 1368 0
1.34413362579009 0.019703795131460273 0.026526220316062925 3.152607221033644e-06 0.01874285728569806 9204 9204 0
1.8313034342177164 0.019678472517328974 0.036102330483216136 3.1485556027726362e-06 0.018718769634583278 10093 10093 12
1.001146503088295 0.019690053189364468 0.019746134327020923 3.150408510298315e-06 0.018729785526790114 1319 1319 0
1.000631095685414 0.019699847081963776 0.01974401862572778 3.1519755331142043e-06 0.018739101779320935 1303 1303 0
1.0059506627848982 0.019572083351666974 0.019743365675301168 3.131533336266716e-06 0.01861756898082884 1350 1350 0
1.003821029420009 0.0197065979795357 0.01981252717702595 3.153055676725712e-06 0.018745523441183375 1365 1365 0
1.0023609399346238 0.019729169841464618 0.01980229087788892 3.156667174634339e-06 0.018766994492013103 1274 1274 0
1.0006109976888071 0.01957049392080852 0.019637258800210434 3.1312790273293635e-06 0.018616057065203105 1430 1430 0
1.0025698792143138 0.019966838756125063 0.020001933219779198 3.19469420098001e-06 0.018993072489627633 1302 1302 0
1.0015317998512692 0.019879472663351397 0.019909465039068444 3.1807156261362237e-06 0.01890996716917841 1315 1315 0
1.0022943316634065 0.019468668742818978 0.019586356386598402 3.1149869988510368e-06 0.018519197817204656 1392 1392 0
1.0016190687642732 0.019334002450106573 0.019462130191846363 3.093440392017052e-06 0.01839109908857584 1387 1387 0
2.394825588466589 0.01956871176058142 0.04699558460047763 3.1309938816930274e-06 0.01861436181946116 8178 8178 292
1.0016317284285674 0.01969664549407158 0.019761128608675013 3.151463279051453e-06 0.018736056330231017 1343 1343 0
1.0043603180324543 0.019519366527242135 0.01966861483523901 3.1230986443587417e-06 0.018567423112474148 1309 1309 0
2.3850928117910533 0.019571232443534883 0.04680953334248668 3.1313971909655815e-06 0.018616759570784902 8402 8402 270
1.005630492840558 0.019946224840369342 0.020045998030658922 3.191395974459095e-06 0.018973463897550266 1346 1346 0
1.004214951465951 0.01946991274376466 0.019624916034098147 3.115186039002346e-06 0.018520381149249705 1267 1267 0
1.0041810354188645 0.019603976013772735 0.01973496078861228 3.136636162203638e-06 0.01864790626409438 1291 1291 0
1.0004306705239419 0.01980469483349145 0.01982618960672655 3.1687511733586323e-06 0.018838836192437723 1265 1265 0
1.0014064503227043 0.019556500557365374 0.019641348380986415 3.12904008917846e-06 0.018602746146559667 1478 1478 0
2.6690692060917565 0.01960355183302894 0.05245373073896286 3.136568293284631e-06 0.018647502770295785 7495 7495 717
1.0028815646533578 0.01949861885027608 0.019622541666773685 3.119779016044173e-06 0.018547687282610404 1359 1359 0
1.0031503854982446 0.019881304426994068 0.01994314832412996 3.181008708319051e-06 0.01891170959921824 1288 1288 0
1.2131431968685529 0.01981613882396319 0.02405304755040463 3.1705822118341108e-06 0.018849722068927995 6126 6126 0
1.0035561467619456 0.01951648207183017 0.019650485782115448 3.122637131492827e-06 0.018564679329574826 1381 1381 0
1.003561288037337 0.01970699824233213 0.019807730558210834 3.153119718773141e-06 0.018745904183493176 1353 1353 0
1.003290956977055 0.01971868157626843 0.01981202216023678 3.154989052202949e-06 0.018757017730864547 1383 1383 0
1.0015275555615335 0.019829904500020566 0.019868648552520577 3.1727847200032907e-06 0.018862816404311773 1321 1321 0
1.0037493169957319 0.01958388326740972 0.0197098979370664 3.1334213227855553e-06 0.01862879342440806 1391 1391 0
1.0009839230326167 0.019703795131460273 0.019754226488897297 3.152607221033644e-06 0.01874285728569806 1358 1358 0
1.003522046317419 0.01971674913126066 0.019814992814083096 3.154679861001706e-06 0.0187551795296068 1282 1282 0
1.0021795214808216 0.019826929826858932 0.019879136025062756 3.1723087722974294e-06 0.01885998680350806 1261 1261 0
1.0032130277851017 0.019595493750521456 0.01970894211281362 3.135279000083433e-06 0.01863983767382952 1432 1432 0
1.8675438120171444 0.019624568504010707 0.03673405742812608 3.1399309606417133e-06 0.018667494475558835 9961 9961 21
1.004356942993267 0.01948467001107982 0.019639884626277124 3.1175472017727717e-06 0.01853441871680304 1292 1292 0
1.0013169604278822 0.0196583534422257 0.01972341948012176 3.1453365507561124e-06 0.018699631750187656 1319 1319 0
1.0030414763417026 0.0199321648817965 0.019982825000125437 3.18914638108744e-06 0.018960089631566708 1315 1315 0
1.002483964404697 0.019766738681961528 0.019835645973509664 3.162678189113845e-06 0.01880273113112881 1272 1272 0
1.001523236699669 0.019879472663351397 0.01990929481205475 3.1807156261362237e-06 0.01890996716917841 1349 1349 0
1.5009836223491204 0.019693514268220316 0.029608949746430798 3.150962282915251e-06 0.0187330778116833 10479 10479 1
1.0015268156178099 0.01971513550179689 0.019774268801291902 3.1544216802875026e-06 0.01875364459552178 1226 1226 0
1.00416859526303 0.019654133911489305 0.01977610809169425 3.144661425838289e-06 0.018695618002486907 1359 1359 0
1.0010404015181924 0.01956288641720018 0.01963942478527032 3.130061826752029e-06 0.01860882057327451 1327 1327 0
1.0043603180324543 0.019769224244335942 0.019874821959175178 3.163075879093751e-06 0.01880509547467519 1393 1393 0
1.003074452544912 0.01936899213309974 0.019519310160861475 3.099038741295959e-06 0.018424382353573136 1446 1446 0
1.0036363705860776 0.01939151031011643 0.019548850959383995 3.102641649618629e-06 0.018445802337659554 1454 1454 0
1.0002247850324681 0.019837395019053176 0.019848951904679547 3.1739832030485085e-06 0.018869941616905958 1309 1309 0
1.0005670171198375 0.019547705799778638 0.019617648279811654 3.127632927964582e-06 0.01859438030205049 1400 1400 0
1.0039530997856159 0.01958588790861735 0.01971555393009047 3.1337420653787764e-06 0.018630700300916517 1358 1358 0
1.0078282758430284 0.01941487579770133 0.0196498846643596 3.106380127632213e-06 0.018468028309676247 1455 1455 0
1.0025333355421817 0.019695832626108002 0.019778246969047574 3.1513332201772806e-06 0.018735283105167942 1405 1405 0
1.0044539622884552 0.019832182392124156 0.01992858123398161 3.173149182739865e-06 0.018864983205495244 1364 1364 0
2.038980931909447 0.019840828288532626 0.040468283418284644 3.1745325261652204e-06 0.01887320744866311 9399 9399 77
2.186863999496035 0.019884179006254447 0.04348114379889288 3.181468641000712e-06 0.018914443987617744 8903 8903 139
1.0039800117468114 0.01968987597772946 0.019801874946049992 3.1503801564367136e-06 0.018729616957620463 1364 1364 0
1.0002355583324345 0.01949209201672484 0.01956539928480806 3.1187347226759745e-06 0.018541478757351074 1369 1369 0
2.673056654449139 0.01993740139536356 0.05326473309334488 3.1899842232581697e-06 0.018965070764683817 7603 7603 684
1.0036240858083945 0.019511991112409685 0.019648108967631715 3.12191857798555e-06 0.018560407390543165 1412 1412 0
1.0011691651443075 0.019562284022161626 0.01964145513482602 3.1299654435458604e-06 0.0186082475565454 1420 1420 0
1.00022790608371 0.019758093960501964 0.019783907352215656 3.1612950336803146e-06 0.01879450800560856 1250 1250 0
1.0016410548822612 0.019403782498097384 0.01952010489857892 3.1046051996955816e-06 0.01845747602114924 1361 1361 0
1.0005734905528678 0.019856323140151594 0.01987141181431394 3.1770117024242552e-06 0.01888794662914178 1267 1267 0
1.000631095685414 0.019553966370034932 0.01962405573601665 3.1286346192055896e-06 0.01860033554945628 1331 1331 0
1.0033920438214348 0.019635423848670897 0.019745388255561165 3.1416678157873436e-06 0.01867782041400854 1376 1376 0
1.0022963013521302 0.01948467001107982 0.019599589426079256 3.1175472017727717e-06 0.01853441871680304 1331 1331 0
1.0043024435111942 0.01957806606089048 0.01971595645536063 3.132490569742477e-06 0.01862325991825535 1395 1395 0
1.0030414763417026 0.01968755576386626 0.019781452114766722 3.150008922218602e-06 0.018727409898674705 1361 1361 0
1.0041532111663267 0.019516085417685736 0.019661849221736912 3.122573666829718e-06 0.018564302019926038 1327 1327 0
1.000148933709308 0.019879472663351397 0.019881975023163627 3.1807156261362237e-06 0.01890996716917841 1246 1246 0
1.0022646083125046 0.019648146304566114 0.0197336799474995 3.1437034087305784e-06 0.018689922406217488 1412 1412 0
1.001134924591923 0.01937415229716389 0.019485821295875706 3.0998643675462225e-06 0.01842929086068965 1391 1391 0
1.532285947333938 0.019750272360151047 0.030297855437075027 3.160043577624168e-06 0.01878706785825903 10654 10654 0
1.0061138976086939 0.01970991444223801 0.019860522365731288 3.1535863107580816e-06 0.018748678162733613 1402 1402 0
1.0004179718297015 0.01980991258045403 0.019830222262841247 3.1695860128726453e-06 0.01884379947418218 1246 1246 0
1.0041873091314257 0.01945859922035008 0.019615028330690117 3.1133758752560127e-06 0.018509619377045764 1380 1380 0
1.000839823678437 0.019884535572440343 0.01989986596782509 3.1815256915904553e-06 0.018914783164364693 1261 1261 0
1.0020050447153452 0.01979261621245404 0.019847455860555436 3.1668185939926467e-06 0.01882734663579131 1153 1153 0
1.0003857158596081 0.019909231663221002 0.019911101443031112 3.1854770661153607e-06 0.018938274847156173 1236 1236 0
1.0022064616824222 0.019701596447180923 0.01977654313382232 3.1522554315489477e-06 0.01874076582943853 1369 1369 0
1.0024074199287787 0.019738317847967632 0.019810739457750335 3.1581308556748215e-06 0.018775696357780116 1329 1329 0
1.0014452943375303 0.01993683816239197 0.01995486323471412 3.1898941059827156e-06 0.018964535000119954 1183 1183 0
1.0034739375930877 0.019817220355411634 0.01989681593230086 3.1707552568658617e-06 0.018850750854979257 1296 1296 0
1.0029923758520547 0.019516142056826884 0.01963916617777234 3.1225827290923015e-06 0.01856435589682296 1369 1369 0
1.0003000089374472 0.019456030481163296 0.019536982532563956 3.1129648769861278e-06 0.018507175913151586 1430 1430 0
1.0007990219301985 0.01953981174080495 0.019615700562248616 3.126369878528792e-06 0.01858687122982549 1423 1423 0
1.0007624836405022 0.019808163258827692 0.019835614301849044 3.169306121412431e-06 0.018842135465529507 1283 1283 0
1.0008489621675394 0.01961701750592941 0.019680204320538117 3.138722800948706e-06 0.01866031173342931 1351 1351 0
1.0036588664421573 0.01979989617106661 0.01988621177172812 3.1679833873706578e-06 0.018834271556823566 1363 1363 0
1.003841788392041 0.01953333462702001 0.019669991990900866 3.125333540323202e-06 0.018580709999540448 1340 1340 0
1.0023995415330114 0.019703795131460273 0.019782163449556914 3.152607221033644e-06 0.01874285728569806 1370 1370 0
1.0009836083447268 0.01954913403844407 0.019626991755105946 3.1278614461510517e-06 0.018595738886693577 1379 1379 0
1.0021795214808216 0.019436826806832737 0.019557854673917702 3.109892289093238e-06 0.0184889087861876 1342 1342 0
1.0031268546899375 0.019734111348157658 0.019821492686695686 3.1574578157052255e-06 0.01877169500549825 1408 1408 0
1.0012079230507573 0.019554751161594375 0.01963601435898414 3.1287601858551004e-06 0.018601082067378313 1350 1350 0
1.0015481904872434 0.019679610060101334 0.01974546495160333 3.1487376096162135e-06 0.01871985170033236 1370 1370 0
1.002183828861279 0.019729169841464618 0.019798791933693934 3.156667174634339e-06 0.018766994492013103 1363 1363 0
1.0030414763417026 0.01985024457370243 0.019915423469401405 3.176039131792389e-06 0.018882164509367486 1232 1232 0
1.0026901345710129 0.01972349272562319 0.019804119552305155 3.1557588360997103e-06 0.018761594244431332 1367 1367 0
1.0034990469721046 0.01962605314737215 0.01973976620034595 3.1401685035795444e-06 0.01866890671408741 1467 1467 0
1.0016329996354436 0.01964096467804496 0.019715333275429354 3.142554348487194e-06 0.018683091021701608 1403 1403 0
1.0013352018827384 0.01975159795470845 0.019800468221616418 3.160255672753352e-06 0.01878832880466262 1373 1373 0
1.0041396885471126 0.01943134159703993 0.019591575177924068 3.1090146555263887e-06 0.01848369108555466 1393 1393 0
1.0017652329650657 0.019447871950828276 0.01955887489213328 3.1116595121325245e-06 0.01849941526761553 1353 1353 0
1.003595408647021 0.019623317850366445 0.01973940569441275 3.1397308560586315e-06 0.018666304815261835 1339 1339 0
1.0021055004015516 0.019572730849335238 0.019668431762233346 3.1316369358936384e-06 0.018618184900569584 1320 1320 0
1.0007298347209501 0.019700867064160577 0.019746805311467133 3.1521387302656926e-06 0.018740072017826823 1282 1282 0
1.0015577106905655 0.019570226456951334 0.01965561805850723 3.131236233112214e-06 0.01861580264533775 1387 1387 0
1.001568588733068 0.01968680367232095 0.01975178582220807 3.1498885875713524e-06 0.018726694486014075 1344 1344 0
1.0028735507079722 0.019586436793699594 0.01969480633932381 3.1338298869919355e-06 0.01863122241732577 1459 1459 0
1.0059625057417154 0.019615789884364923 0.01977973956806184 3.138526381498388e-06 0.018659143981956533 1305 1305 0
1.0014452943375303 0.019576339086706057 0.01965844453742112 3.1322142538729693e-06 0.01862161716717827 1394 1394 0
1.1588765101061191 0.019635405465154403 0.022805093190358134 3.1416648744247046e-06 0.01867780292704099 4589 4589 0
2.6980105413022692 0.01975913412549129 0.0533673325305125 3.1614614600786064e-06 0.018795497442608815 7379 7379 749
1.000589638271673 0.01971576371687627 0.01975628131175932 3.1545221947002035e-06 0.018754242173069608 1336 1336 0
1.0072306573610752 0.01947444374798563 0.01968760535678875 3.1159109996777008e-06 0.018524691180129945 1456 1456 0
1.0016460120396609 0.0194921688880512 0.01959305221523916 3.1187470220881922e-06 0.01854155187972622 1322 1322 0
1.0018308256886272 0.01972743253663372 0.019790388802096142 3.1563892058613953e-06 0.018765341914106663 1355 1355 0
1.0004759411016004 0.019535124461418623 0.019605511773302487 3.1256199138269798e-06 0.018582412545190885 1392 1392 0
1.0003435411513277 0.01977392352326335 0.019799195107727093 3.1638277637221364e-06 0.018809565573643154 1261 1261 0
1.002818454069207 0.01958255864233568 0.019690527247503264 3.1332093827737094e-06 0.01862753340020693 1425 1425 0
1.0016410548822612 0.019558730690482043 0.019647786539750266 3.129396910477127e-06 0.01860486751792265 1456 1456 0
1.0003860813195833 0.019563858111238196 0.019627386895343702 3.1302172977981114e-06 0.0186097448785953 1449 1449 0
1.0032744288264122 0.019627455713858252 0.019736504178890064 3.1403929142173207e-06 0.018670240878562186 1337 1337 0
1.0004341849315943 0.019512663148347514 0.019586212753819898 3.1220261037356026e-06 0.018561046651842297 1388 1388 0
1.0004946504841552 0.019725349739162026 0.019762282391894655 3.1560559582659246e-06 0.018763360692950717 1308 1308 0
1.0017778908922605 0.019520891600867472 0.019619299103703303 3.1233426561387956e-06 0.01856887380951597 1329 1329 0
1.0026413702224288 0.019591759267735008 0.01969463353132546 3.1346814828376014e-06 0.018636285318690052 1335 1335 0
1.0004268162182985 0.01982851598678049 0.019845671758958957 3.1725625578848783e-06 0.018861495607717788 1267 1267 0
1.0034435646979931 0.019482050994293405 0.019619861807650157 3.117128159086945e-06 0.018531927427306315 1416 1416 0
1.001718334754556 0.019728669519117982 0.019789184215644025 3.1565871230588772e-06 0.018766518569974876 1207 1207 0
2.671827305959412 0.01971513550179689 0.05275288740629649 3.1544216802875026e-06 0.01875364459552178 7463 7463 718
1.0022387456014326 0.019453490419333357 0.019572753505978008 3.1125584670933374e-06 0.018504759728043194 1337 1337 0
1.0017478554899508 0.01964520211206755 0.01972108208135514 3.1432323379308084e-06 0.01868712179956004 1350 1350 0
1.0012989088878042 0.019678546245718256 0.019739675309805787 3.148567399314921e-06 0.018718839767299794 1285 1285 0
1.0022992012967284 0.019452841414260354 0.019573398889154006 3.112454626281657e-06 0.018504142374412596 1318 1318 0
2.5870444516650997 0.019635738679619912 0.05091017915713786 3.1417181887391864e-06 0.018678119890911702 7823 7823 577
1.0002737878807233 0.019549388082244507 0.019613282755457536 3.1279020931591215e-06 0.01859598054098729 1476 1476 0
1.0036368595212461 0.01956776000921749 0.01969438626956246 3.130841601474799e-06 0.018613456484226677 1415 1415 0
1.0044339942194123 0.019773854045371263 0.01988009768187003 3.163816647259402e-06 0.018809499484130587 1337 1337 0
1.0031597030899904 0.01943120432426656 0.019572341542285085 3.1089926918826495e-06 0.018483560507461288 1398 1398 0
1.003394441752251 0.01993683816239197 0.019993702071248648 3.1898941059827156e-06 0.018964535000119954 1298 1298 0
1.0037187728763919 0.01951766142020417 0.019654643720140755 3.1228258272326674e-06 0.018565801162100822 1322 1322 0
1.0021235619355184 0.019702673592194568 0.01977579389163168 3.1524277747511313e-06 0.018741790442977805 1373 1373 0
1.000897920226282 0.019738345313027324 0.019780929545303555 3.158135250084372e-06 0.018775722483391485 1346 1346 0
1.0004206981917938 0.01947444374798563 0.019554496036057863 3.1159109996777008e-06 0.018524691180129945 1378 1378 0
1.001219280998019 0.01958995666879926 0.01966521619346939 3.134393067007882e-06 0.01863457063101843 1362 1362 0
1.0020218241287115 0.019710536104601547 0.01978025713107405 3.153685776736248e-06 0.018749269507136148 1384 1384 0
1.0022554473226704 0.019927935304071043 0.01996368925911281 3.188469648651367e-06 0.01895606632686028 1353 1353 0
1.459229414503067 0.01950606386224123 0.02856045313828721 3.120970217958597e-06 0.018554769207479303 10544 10544 2
1.0018331718235491 0.019703795131460273 0.019770986251542312 3.152607221033644e-06 0.01874285728569806 1389 1389 0
1.0039853866342485 0.019554867132284492 0.019690582611151874 3.128778741165519e-06 0.018601192382273472 1338 1338 0
2.3125243836550213 0.019630046816549306 0.04549711048569844 3.140807490647889e-06 0.018672705615310967 8476 8476 215
1.001990020695565 0.019704448760384432 0.019774619569283843 3.1527118016615093e-06 0.018743479037678406 1385 1385 0
1.001590592070254 0.019511737957485047 0.01960809038597053 3.121878073197608e-06 0.01856016658177551 1405 1405 0
2.077912616761111 0.01948467001107982 0.040632928702666805 3.1175472017727717e-06 0.01853441871680304 9161 9161 70
1.002893639627807 0.019651703007112865 0.019748995935069034 3.144272481138059e-06 0.018693305651313 1370 1370 0
1.0017748883839266 0.01943311545325275 0.01954689843946081 3.10929847252044e-06 0.018485378432262257 1389 1389 0
1.0026788325800255 0.019610801667919692 0.019711063557599988 3.137728266867151e-06 0.01865439903671531 1276 1276 0
1.0039204549865028 0.019808934220676908 0.019898842128397973 3.1694294753083056e-06 0.01884286882820488 1375 1375 0
1.001718334754556 0.019829198748289537 0.01987185313824952 3.172671799726326e-06 0.01886214507151088 1288 1288 0
1.0015268156178099 0.01962271719535595 0.01969822478636752 3.1396347512569525e-06 0.018665733453701053 1389 1389 0
1.002166091229861 0.01956662275663589 0.019664588315188032 3.1306596410617427e-06 0.018612374694515987 1263 1263 0
1.0033585136924117 0.019554542792857305 0.019678020534748677 3.128726846857169e-06 0.018600883860612778 1338 1338 0
1.003362657584995 0.019589999566229484 0.019707350209098654 3.1343999305967177e-06 0.018634611436376344 1351 1351 0
1.1724044246315817 0.01960318581228889 0.023040258540251823 3.1365097299662228e-06 0.018647154600085498 5152 5152 0
1.005273062552666 0.019946224840369342 0.020038873100678985 3.191395974459095e-06 0.018973463897550266 1307 1307 0
1.0020050447153452 0.019462735268631133 0.01957581160688889 3.1140376429809816e-06 0.018513553713661698 1320 1320 0
1.0004247472884868 0.019509016242632064 0.019583027125125975 3.1214425988211307e-06 0.01855757760271227 1420 1420 0
1.001291040357453 0.019574724105627477 0.019654087099245307 3.1319558569003967e-06 0.018620080947395593 1421 1421 0
1.0022988209152273 0.01950193462639198 0.019613873319252826 3.1203095402227166e-06 0.01855084135105849 1336 1336 0
1.0014452943375303 0.019521085237685934 0.019612944858308896 3.12337363802975e-06 0.01856905800282642 1435 1435 0
1.0021596012756424 0.019705189699906915 0.01977857619250319 3.1528303519851067e-06 0.018744183842191172 1322 1322 0
1.0006480571921128 0.01967892026865651 0.01972715183837117 3.148627242985042e-06 0.018719195549447676 1349 1349 0
1.003551405660773 0.019515982763446287 0.01964998082269133 3.122557242151406e-06 0.018564204372049222 1358 1358 0
1.9858523574860933 0.019838546028490424 0.039410105188612446 3.174167364558468e-06 0.01887103649256179 9713 9713 31
1.0007624836405022 0.01964345062219734 0.019700243067040813 3.1429520995515745e-06 0.01868545572840696 1229 1229 0
1.006510884442751 0.01969382600484757 0.019855058116224324 3.1510121607756116e-06 0.01873337434517222 1393 1393 0
1.0031193540603827 0.01962271719535595 0.019729547143126764 3.1396347512569525e-06 0.018665733453701053 1388 1388 0
1.000624493845431 0.01977069067173018 0.019802100119136926 3.1633105074768287e-06 0.018806490385614258 1340 1340 0
1.0024686494316843 0.01957805591269337 0.01967994797613251 3.132488946030939e-06 0.01862325026497745 1330 1330 0
1.006674630987006 0.019637654870058557 0.01981183069918757 3.1420247792093695e-06 0.01867994263032226 1286 1286 0
1.0022890255908328 0.019826929826858932 0.01988130813799418 3.1723087722974294e-06 0.01885998680350806 1193 1193 0
2.6858759776722696 0.019699847081963776 0.052996539442172266 3.1519755331142043e-06 0.018739101779320935 7375 7375 738
1.005086941926503 0.019415009250739697 0.019596546578805888 3.1064014801183516e-06 0.01846815525431994 1378 1378 0
1.002379866531196 0.01948467001107982 0.019601223516914273 3.1175472017727717e-06 0.01853441871680304 1314 1314 0
1.0023609399346238 0.01942796435656516 0.019554084379327395 3.1084742970504258e-06 0.018480478550313824 1338 1338 0
1.002407740652799 0.019790155066611918 0.019853407251856043 3.166424810657907e-06 0.018825005518003063 1285 1285 0
2.9833043347224817 0.019851355745176116 0.0592363314913767 3.176216919228179e-06 0.01888322148992439 6259 6259 1395
1.000148933709308 0.019535540774918397 0.019599446085169975 3.1256865239869436e-06 0.01858280855542446 1439 1439 0
1.001274208697502 0.0197519032148966 0.01979951310226687 3.1603045143834566e-06 0.01878861917756304 1270 1270 0
1.0015268156178099 0.019543626988266918 0.01963310748849061 3.126980318122707e-06 0.018590500410813834 1369 1369 0
1.0011958045218488 0.019596822632246238 0.019670405752434186 3.1354916211593983e-06 0.018641101747088048 1403 1403 0
1.0061138976086939 0.012036969970289952 0.013309840847360262 1.9259151952463924e-06 0.011449936867500189 4231 4231 0
2.695590354611088 0.019456576144216316 0.05264911711178814 3.1130521830746107e-06 0.018507694964667323 7306 7306 758
1.2720872499408198 0.019775300061026735 0.025179091644083308 3.164048009764278e-06 0.018810874978794564 7694 7694 0
1.0102848463759777 0.01936966640940608 0.019660181567900045 3.099146625504973e-06 0.018425023745979853 1468 1468 0
2.1573571096713993 0.01979261621245404 0.042732369697622154 3.1668185939926467e-06 0.01882734663579131 9053 9053 111
1.0003857158596081 0.01953779381962711 0.019605939696818946 3.126047011140338e-06 0.018584951721000022 1454 1454 0
2.5172596401913125 0.01980469483349145 0.04988618240747832 3.1687511733586323e-06 0.018838836192437723 7927 7927 448
1.0059650122787918 0.019423953994941005 0.019621072478726447 3.1078326391905613e-06 0.018476663770720145 1514 1514 0
1.0024040752009649 0.01944028087425118 0.019565086206028013 3.1104449398801887e-06 0.018492194401585404 1438 1438 0
1.000652713978209 0.019605511149299468 0.019666882045711633 3.136881783887915e-06 0.018649366532326957 1303 1303 0
1.0014255604122282 0.01970942517249599 0.01976757293767316 3.1535080275993584e-06 0.018748212754273578 1313 1313 0
1.000589638271673 0.01961071003144966 0.019669917974563376 3.1377136050319456e-06 0.018654311869280377 1245 1245 0
1.3322244236127034 0.01947444374798563 0.026040022220411685 3.1159109996777008e-06 0.018524691180129945 9001 9001 0
1.2401069276294119 0.019830977166219784 0.024602759912169144 3.1729563465951658e-06 0.018863836757464704 6688 6688 0
1.007959334818508 0.019421318340874218 0.019657784716360593 3.1074109345398752e-06 0.018474156655329498 1466 1466 0
2.7243460464878746 0.019667837634189164 0.05368397695005754 3.1468540214702666e-06 0.01870865340592735 7253 7253 819
1.0003435411513277 0.019480366075248026 0.019557861878234658 3.116858572039684e-06 0.01853032468037382 1391 1391 0
1.2393616512444847 0.01982868326504705 0.02458564117660161 3.1725893224075282e-06 0.01886165472796119 6714 6714 0
1.0057501101513266 0.01947357335841833 0.01965794597192979 3.115771737346933e-06 0.018523863238744342 1368 1368 0
1.0053987105080093 0.019345196861772822 0.019544839787436985 3.0952314978836517e-06 0.018401747558013225 1491 1491 0
1.0071763477642173 0.019738588711723237 0.019905212566818268 3.158174193875718e-06 0.018775954011733646 1339 1339 0
2.506117032374358 0.011817107417000854 0.03266664961535936 1.8907371867201368e-06 0.01124079682969158 7237 7237 867
1.004356942993267 0.019524471921034382 0.01967276589659489 3.1239155073655014e-06 0.018572279520419774 1297 1297 0
1.0021536896609473 0.019729169841464618 0.019798196514231727 3.156667174634339e-06 0.018766994492013103 1277 1277 0
1.00151823093751 0.019690375347014483 0.019753731145659294 3.1504600555223176e-06 0.01873009197307711 1365 1365 0
1.0098022182281936 0.01953300218351808 0.019786508833070263 3.125280349362893e-06 0.018580393769034056 1536 1536 0
1.0028779526564033 0.01975130552987266 0.01983073387985934 3.160208884779626e-06 0.018788050641145013 1398 1398 0
1.0037835910004982 0.019844691420502877 0.0199255844244932 3.1751506272804605e-06 0.018876882178871738 1371 1371 0
1.0043167722652768 0.019432812564223648 0.019596246011742983 3.109250010275784e-06 0.018485090314881422 1388 1388 0
1.0003746098677075 0.019528237223812365 0.01959786002964466 3.1245179558099786e-06 0.018575861192485197 1417 1417 0
2.72391950858191 0.019860209149062842 0.05410578689635997 3.177633463850055e-06 0.018891643120601855 7207 7207 769
1.8982768274092479 0.01980991258045403 0.03762752415880672 3.1695860128726453e-06 0.01884379947418218 9798 9798 20
1.006257198333481 0.019409513423525034 0.01961481163945318 3.1055221477640057e-06 0.01846292745406806 1456 1456 0
2.96781644215122 0.019490957313819928 0.05805006862959715 3.118553170211189e-06 0.018540399392971443 6405 6405 1321
1.0015714756767529 0.01960401161890158 0.019683704966066085 3.136641859024253e-06 0.01864794013279044 1336 1336 0
1.9156582891084422 0.01989764540986022 0.03810995521734614 3.1836232655776357e-06 0.01892725364582068 9711 9711 25
1.0057141610838947 0.01980469483349145 0.019930895998396963 3.1687511733586323e-06 0.018838836192437723 1318 1318 0
2.8332691065528417 0.019590877900257042 0.0556511433307001 3.134540464041127e-06 0.018635446934777432 6971 6971 1025
1.0034455072256536 0.01956705267945586 0.01969004781252296 3.130728428712938e-06 0.01861278365035443 1384 1384 0
1.0060056964114592 0.019474539504286674 0.019663741189243262 3.1159263206858683e-06 0.018524782266475127 1473 1473 0
1.0032834892779454 0.019701668712170287 0.019797855674380596 3.152266993947246e-06 0.018740834570123936 1292 1292 0
1.0108387863677684 0.019444402778307408 0.01973314499029206 3.1111044445291853e-06 0.018496115283778695 1509 1509 0
1.0070756919434438 0.019572318631595385 0.01976564094541817 3.131570981055262e-06 0.018617792786349095 1397 1397 0
1.0045102274101936 0.01993420305312424 0.0200137647036263 3.1894724884998785e-06 0.018962028402958957 1340 1340 0
1.006510884442751 0.019917614226668597 0.020039932961288313 3.186818276266976e-06 0.01894624859989458 1352 1352 0
1.0036588664421573 0.019781251119925645 0.019870850822287914 3.1650001791881037e-06 0.018816535809456726 1359 1359 0
1.0003435411513277 0.019713400167108118 0.019749480357595828 3.1541440267372992e-06 0.01875199389167526 1343 1343 0
1.0014946588021783 0.019578344002788912 0.019661064287854906 3.1325350404462264e-06 0.01862352430515652 1394 1394 0
1.0005099625685743 0.019571142754457815 0.019635809667672175 3.1313828407132507e-06 0.01861667425577019 1368 1368 0
1.0026552128992687 0.019826929826858932 0.0198885717940149 3.1723087722974294e-06 0.01885998680350806 1341 1341 0
1.0022493976160658 0.0195537000937836 0.0196555739163575 3.128592015005376e-06 0.018600082259278217 1322 1322 0
1.0022933965574021 0.019635423848670897 0.019723768374361374 3.1416678157873436e-06 0.01867782041400854 1379 1379 0
1.0023174202667933 0.019549358826505 0.019653330012260807 3.1278974122408e-06 0.01859595271202608 1370 1370 0
1.0011830729526205 0.019792743043512452 0.019831278689196086 3.1668388869619924e-06 0.018827467281403557 1369 1369 0
1.0001853243784806 0.019494672033319883 0.019566539398118848 3.1191475253311817e-06 0.018543932948663612 1377 1377 0
1.0001515849906992 0.01980258761802076 0.019818928958133947 3.168414018883322e-06 0.01883683174412846 1248 1248 0
1.0029532535550985 0.019660548303283787 0.019757459008141565 3.1456877285254062e-06 0.018701719569681273 1359 1359 0
1.2503136396753916 0.019701002954519153 0.024671833319586778 3.152160472723065e-06 0.018740201280924632 7017 7017 0
1.0022075481628545 0.01949510571170649 0.01960645751780879 3.119216913873039e-06 0.018544345476912808 1327 1327 0
1.0000925648414731 0.0196490144982938 0.019691627835417478 3.1438423197270086e-06 0.01869074825885277 1296 1296 0
1.0017394447070584 0.01948728446852798 0.019590854792462527 3.117965514964477e-06 0.018536905669316678 1397 1397 0
1.0060698558119998 0.01946996021884552 0.019661204883000397 3.1151936350152836e-06 0.018520426309010008 1430 1430 0
1.001180848715597 0.019742029578149637 0.0197895500288076 3.158724732503942e-06 0.018779227069940903 1257 1257 0
1.0018149388635365 0.019624137828286554 0.019705061298275185 3.139862052525849e-06 0.018667084803534725 1321 1321 0
1.0015286346915833 0.0196251529297572 0.019700265393626015 3.1400244687611525e-06 0.018668050399343446 1326 1326 0
1.001257965910948 0.019581466713904153 0.019658987988786986 3.1330346742246646e-06 0.018626494724224875 1330 1330 0
1.00203637826685 0.01981481540867263 0.019866334314984753 3.170370465387621e-06 0.0188484631955102 1335 1335 0
1.0059625057417154 0.019610326036313814 0.01977522206603264 3.1376521658102104e-06 0.018653946601270763 1327 1327 0
1.0014143739237689 0.01974028400864161 0.01979273054080974 3.158445441382658e-06 0.018777566630418824 1324 1324 0
1.0011994823954884 0.019832182392124156 0.019864011657518808 3.173149182739865e-06 0.018864983205495244 1224 1224 0
2.648866221530078 0.019881304426994068 0.052660830031495284 3.181008708319051e-06 0.01891170959921824 7690 7690 635
1.0019223870663294 0.019565168494390488 0.019658608373026007 3.1304269591024785e-06 0.01861099135544147 1383 1383 0
1.0010737687145959 0.01957836808506904 0.019652821310211524 3.1325388936110466e-06 0.0186235472129637 1390 1390 0
1.0002024624403107 0.019747787799207307 0.019774940216878204 3.1596460478731695e-06 0.018784704467304375 1245 1245 0
1.006510884442751 0.019555058529946732 0.019740272133327862 3.1288093647914774e-06 0.018601374445629502 1337 1337 0
1.0011224113690123 0.019706734168398382 0.019759376236813887 3.1530774669437414e-06 0.018745652988227487 1336 1336 0
1.0000607487542714 0.019475119044044767 0.019548015976705243 3.116019047047163e-06 0.01852533354255696 1380 1380 0
1.0023449108212938 0.01974450307955874 0.019814594963760354 3.159120492729399e-06 0.018781579940725317 1334 1334 0
1.0034883723044823 0.01968416870803541 0.01978747348822612 3.1494669932856658e-06 0.01872418802676461 1370 1370 0
1.0023648036814947 0.019826929826858932 0.019882811264868856 3.1723087722974294e-06 0.01885998680350806 1279 1279 0
1.000631095685414 0.019739893528434797 0.0197769283757159 3.158382964549568e-06 0.018777195193609805 1314 1314 0
2.934115482006513 0.019533747606391417 0.05749414799605268 3.1253996170226267e-06 0.018581102838248344 6597 6597 1205
1.0037132519979228 0.01986317820862863 0.01993941271785453 3.178108513380581e-06 0.01889446738158016 1254 1254 0
1.0011080744949874 0.019654818653814986 0.019716397404811705 3.144770984610398e-06 0.018696269350493833 1292 1292 0
1.0030414763417026 0.019380497792000125 0.019528170022303604 3.1008796467200202e-06 0.018435326890973623 1431 1431 0
1.000888866008174 0.019521058167860244 0.019602025127054702 3.1233693068576394e-06 0.018569032253173814 1379 1379 0
1.000148933709308 0.019718822718399115 0.019750092449329824 3.1550116349438585e-06 0.018757151989609866 1379 1379 0
2.5157085227222886 0.019758155344104016 0.04975933070228374 3.161304855056643e-06 0.018794566395582944 7966 7966 446
1.0020583596755945 0.01938316253179089 0.019511228083240215 3.101306005086543e-06 0.01843786167360147 1299 1299 0
1.00235355330388 0.019659731690777033 0.019744972818496236 3.1455570705243256e-06 0.0187009427826933 1437 1437 0
1.000645464573338 0.01961214070191211 0.019672192064242217 3.1379425123059374e-06 0.018655672767123745 1284 1284 0
1.004034392293107 0.019570394297005238 0.01970436160004524 3.1312630875208385e-06 0.018615962299970586 1380 1380 0
1.0021911122161575 0.019742029578149637 0.019809519108432195 3.158724732503942e-06 0.018779227069940903 1396 1396 0
1.0010635912075294 0.019946224840369342 0.019954962504395882 3.191395974459095e-06 0.018973463897550266 1255 1255 0
1.0024756094725147 0.0197351810301003 0.019809504853202858 3.1576289648160486e-06 0.01877271251993434 1364 1364 0
#acc_paschen_factor density_factor volt density pressure N_not_eqm N_less_eqm N_eqm
1.4672819581083645 0.019381428027967655 0.02856757107810601 3.101028484474825e-06 0.018436211760099856 10445 10445 1
1.0020377530873472 0.01951410959355228 0.019618799056483574 3.122257534968365e-06 0.018562422555106803 1391 1391 0
1.0029428520712724 0.019594803684797282 0.019703065383709147 3.1351685895675654e-06 0.01863918126204186 1399 1399 0
1.0049646232742826 0.019683544325255882 0.019816067753862902 3.1493670920409413e-06 0.018723594094618528 1371 1371 0
1.00502998260203 0.01959590846515169 0.019744980289531307 3.1353453544242706e-06 0.01864023216316911 1386 1386 0
1.0031503854982446 0.019633916447269455 0.019739390107973303 3.1414266315631133e-06 0.01867638652733082 1321 1321 0
1.0009593930419844 0.0195509990024075 0.019628051923260278 3.1281598403852005e-06 0.018597512897901892 1338 1338 0
1.4690245393060437 0.019791571310762937 0.029096796803883662 3.16665140972207e-06 0.018826352693094316 10574 10574 1
1.0010635912075294 0.0194279418659445 0.019528757135855657 3.1084706985511205e-06 0.018480457156542198 1367 1367 0
1.000543657507555 0.01992123338592221 0.0199240934145301 3.187397341747554e-06 0.018949691255734848 1274 1274 0
1.003711399643031 0.01977783706115594 0.01986907781550758 3.164453929784951e-06 0.01881328825151884 1379 1379 0
1.0023885838300144 0.019781711676351958 0.019846080224102513 3.1650738682163136e-06 0.018816973904925784 1322 1322 0
1.0023648036814947 0.0197055335498387 0.019782909148938946 3.1528853679741924e-06 0.018744510922845237 1349 1349 0
1.003534396929208 0.019671387173147543 0.01977784366401345 3.1474219477036072e-06 0.018712029836796783 1373 1373 0
1.0021007410940426 0.019504366126187785 0.01961200134320685 3.1206985801900458e-06 0.018553154268613658 1419 1419 0
1.000631095685414 0.019600771409825794 0.019662558840466034 3.1361234255721272e-06 0.01864485794604022 1280 1280 0
1.005086941926503 0.01975229970395425 0.019875234502284324 3.1603679526326803e-06 0.018788996330176194 1385 1385 0
1.001758674164566 0.019465472226052327 0.01957325422684508 3.1144755561683726e-06 0.018516157191925668 1375 1375 0
1.0010014338043152 0.019756147473104245 0.019797607495113573 3.1609835956966793e-06 0.018792656446796643 1345 1345 0
1.0030414763417026 0.019711839259514537 0.019801458983282838 3.153894281522326e-06 0.018750509108258286 1400 1400 0
1.001461177206851 0.01955903207417132 0.019644506296961645 3.1294451318674113e-06 0.01860515420337784 1419 1419 0
1.000148933709308 0.0196589919604858 0.01970093700251368 3.145438713677728e-06 0.01870023912843857 1385 1385 0
1.0010739845433534 0.019756528930883636 0.019799355924606868 3.1610446289413822e-06 0.018793019301194588 1316 1316 0
1.002081070429829 0.01971513550179689 0.01978521207656558 3.1544216802875026e-06 0.01875364459552178 1377 1377 0
1.00416859526303 0.019475847779763418 0.019628913386756087 3.116135644762147e-06 0.01852602673843534 1288 1288 0
1.0022235836719493 0.01965892867747175 0.019741751353616034 3.1454285883954805e-06 0.018700178931684953 1437 1437 0
1.002137873908136 0.019669017295496527 0.019748369562791523 3.1470427672794446e-06 0.0187097755361252 1342 1342 0
1.0017321531734664 0.019644577277440102 0.0197202586322925 3.1431323643904167e-06 0.01868652743760229 1339 1339 0
1.0010351147050938 0.019664931164534646 0.019723277762249653 3.1463889863255437e-06 0.01870588868240193 1311 1311 0
1.0020819097039717 0.01967900159602773 0.019755486296031858 3.148640255364437e-06 0.018719272910550044 1345 1345 0
#acc_paschen_factor density_factor volt density pressure N_not_eqm N_less_eqm N_eqm
1.0008246704133406 0.019909231663221002 0.019919838141796084 3.1854770661153607e-06 0.018938274847156173 1194 1194 0
1.0004306705239419 0.019681675667412364 0.01972513073891641 3.1490681067859786e-06 0.018721816569677616 1251 1251 0
1.0010055807441993 0.01954368823472282 0.019622940043051373 3.126990117555652e-06 0.018590558670330572 1423 1423 0
1.0012546159781217 0.019756147473104245 0.019802614881849007 3.1609835956966793e-06 0.018792656446796643 1234 1234 0
1.000990950181868 0.01980124353219536 0.0198344574470332 3.168198965151258e-06 0.018835553208260768 1350 1350 0
1.0011999162226468 0.019777484563531487 0.01981907174876273 3.1643975301650383e-06 0.018812952944912954 1377 1377 0
1.002268157502868 0.019711424514458047 0.01978585116365804 3.153827922313288e-06 0.018750114589976306 1338 1338 0
1.0030230372829974 0.019774989487820468 0.01985310650692311 3.1639983180512753e-06 0.01881057955198755 1359 1359 0
1.0007624836405022 0.019559604918231336 0.019631272193052243 3.129536786917014e-06 0.018605699110305275 1368 1368 0
1.0011544037904716 0.019701048292163723 0.019755332109076575 3.152167726746196e-06 0.018740244407489646 1282 1282 0
1.0027617287293795 0.019591083711375655 0.019696440845114745 3.134573393820105e-06 0.01863564270865745 1365 1365 0
2.1428621892583646 0.01977798066446164 0.04241951337607974 3.1644769063138624e-06 0.0188134248514097 9052 9052 95
1.0010222400131965 0.019703795131460273 0.0197549826671888 3.152607221033644e-06 0.01874285728569806 1327 1327 0
1.0011431574362781 0.01958391627312133 0.01965874983445868 3.1334266036994133e-06 0.018628824820458325 1403 1403 0
1.0014323872833792 0.019674854588332277 0.01973926958266404 3.1479767341331644e-06 0.01871532814900131 1349 1349 0
1.002257009972352 0.019609927755972957 0.01970205129765938 3.1375884409556732e-06 0.018653567744733805 1379 1379 0
1.005086941926503 0.019598048407767073 0.019747867286971678 3.135687745242732e-06 0.018642267742547198 1366 1366 0
1.0017545511347887 0.019818510517844237 0.019863784743371526 3.1709616828550784e-06 0.018851978097253565 1237 1237 0
1.0016846948922924 0.019658755884467298 0.019730994137779984 3.145400941514768e-06 0.01870001456565289 1343 1343 0
#acc_paschen_factor density_factor volt density pressure N_not_eqm N_less_eqm N_eqm
1.6244160834948445 0.01971226809185784 0.03206884568491348 3.1539628946972543e-06 0.018750917026801713 10644 10644 2
1.001769356475711 0.0194747859716375 0.01958113933036781 3.1159657554620004e-06 0.018525016713816428 1450 1450 0
1.0016601975154855 0.019879472663351397 0.019912017458080192 3.1807156261362237e-06 0.01890996716917841 1232 1232 0
1.0026118364363743 0.019741731678264415 0.019817589974178686 3.1586770685223065e-06 0.01877894369838751 1347 1347 0
1.0021427410164356 0.019828869503819277 0.019880001641567193 3.1726191206110845e-06 0.01886183188402202 1370 1370 0
#acc_paschen_factor density_factor volt density pressure N_not_eqm N_less_eqm N_eqm
1.0005093041272537 0.01960980820417626 0.019667597137259782 3.1375693126682017e-06 0.018653454023379683 1327 1327 0
1.0009823532802926 0.01950999061835837 0.019594744323253144 3.1215984989373395e-06 0.018558504458937627 1483 1483 0
1.0012436470563006 0.01989257863801167 0.01991450110607884 3.1828125820818674e-06 0.018922433976258396 1206 1206 0
1.0015032514221267 0.01946262641015883 0.019565918550004453 3.1140202256254133e-06 0.01851345016412735 1363 1363 0
1.0021544132784728 0.01973976613823776 0.01980693108550315 3.1583625821180418e-06 0.018777074016127663 1340 1340 0
1.0005032871746007 0.01952082185114434 0.019594279258626123 3.1233314961830948e-06 0.01856880746142934 1401 1401 0
1.0032088306505882 0.019557228304774705 0.01967730013636757 3.129156528763953e-06 0.01860343840232776 1374 1374 0
1.0004306705239419 0.019875130415300216 0.01988401195423381 3.180020866448035e-06 0.01890583668898516 1266 1266 0
1.0025473771155604 0.019777004316369105 0.019845349910401242 3.1643206906190572e-06 0.01881249611900879 1257 1257 0
1.0030543032674415 0.01978392535438006 0.019861083429839096 3.16542805670081e-06 0.0188190796237013 1336 1336 0
1.0000592082385902 0.019592906501784486 0.019644855875016208 3.134865040285518e-06 0.018637376603080655 1348 1348 0
1.0021389523282442 0.019691393466995784 0.01976681223569812 3.150622954719326e-06 0.018731060440186208 1368 1368 0
1.000517505525175 0.019534326431067728 0.01960566966918195 3.1254922289708367e-06 0.018581653434122346 1365 1365 0
1.0026152235152084 0.019648614721044958 0.01974096914228214 3.1437783553671937e-06 0.0186903679784108 1341 1341 0
1.0007624836405022 0.01972685404147103 0.019768809096774115 3.156296646635365e-06 0.018764791631676176 1334 1334 0
1.000543657507555 0.019651306186697255 0.019702393819997704 3.144208989871561e-06 0.018692928183501944 1371 1371 0
1.0036588664421573 0.01972511326755473 0.01982458869449325 3.156018122808757e-06 0.01876313575386877 1298 1298 0
1.0017049102277698 0.01965586580590964 0.019729013689285098 3.1449385289455426e-06 0.01869726543384405 1289 1289 0
1.0016963760614153 0.019703795131460273 0.019768286613310634 3.152607221033644e-06 0.01874285728569806 1330 1330 0
#acc_paschen_factor density_factor volt density pressure N_not_eqm N_less_eqm N_eqm
1.001534857578043 0.019680522811350777 0.019745953074014902 3.1488836498161246e-06 0.018720719937455794 1322 1322 0
1.000337925305739 0.019586919218680686 0.01964540749131917 3.13390707498891e-06 0.01863168131483822 1294 1294 0
1.0020830241099663 0.019645091107246784 0.019727589032559393 3.143214577159486e-06 0.018687016208352874 1341 1341 0
1.0012227591450005 0.01955704481719436 0.01963819355984392 3.129127170751098e-06 0.018603263863285455 1337 1337 0
1.0034128673729534 0.019456120066677345 0.019597854118585056 3.1129792106683753e-06 0.01850726112965396 1386 1386 0
1.0013876603454477 0.01959660092982339 0.019673992635869834 3.1354561487717428e-06 0.018640890856909603 1346 1346 0
#acc_paschen_factor density_factor volt density pressure N_not_eqm N_less_eqm N_eqm
2.9834228969393304 0.01804167013275224 0.054779251776206885 2.8866672212403585e-06 0.017161792753006333 6127 6127 1491
#acc_paschen_factor density_factor volt density pressure N_not_eqm N_less_eqm N_eqm
2.5853639317690487 0.0033906092693191496 0.012847796051244836 5.42497483091064e-07 0.0032252520502990046 4631 4631 2530
2.6156213615705797 0.009728672013258353 0.029193560214524367 1.5565875221213367e-06 0.009254212698990466 6313 6313 1455
2.9356700314181494 0.006702696910933436 0.024451884406478296 1.0724315057493499e-06 0.006375811907947108 4261 4261 3040
2.7676785238887613 0.008234534809934926 0.027076972096899563 1.3175255695895883e-06 0.007832943335382968 5518 5518 2102
#acc_paschen_factor density_factor volt density pressure N_not_eqm N_less_eqm N_eqm
2.3415960093564974 0.016469886877746483 0.039914015168991096 2.6351819004394375e-06 0.01566666407164963 8190 8190 303
2.3918508868836392 0.00013722728289948874 0.003091940829783096 2.19563652639182e-08 0.0001305348214356213 10010 0 0
2.9228028076493824 0.01758543274677178 0.0525551853697267 2.8136692394834853e-06 0.01672780568824142 6458 6458 1316
2.4594487885320326 0.0058137107195286 0.018351253246727605 9.30193715124576e-07 0.005530180840262419 5797 5797 1790
2.6871513982805606 0.002889034679888554 0.011878907577624807 4.6224554878216864e-07 0.002748138840122548 4978 4834 2086
2.2836183989488137 0.010942701799004275 0.027990247830995806 1.7508322878406842e-06 0.010409035252869509 7887 7887 527
#acc_paschen_factor density_factor volt density pressure N_not_eqm N_less_eqm N_eqm
2.414462130332268 0.004802942200603333 0.015568980984040597 7.684707520965333e-07 0.00456870666877936 5457 5457 2049
2.5255568384399565 0.010085881336128373 0.02900774998937058 1.61374101378054e-06 0.009594001217649178 6775 6775 1179
#acc_paschen_factor density_factor volt density pressure N_not_eqm N_less_eqm N_eqm
2.2434329898885492 0.015110461924767667 0.035655447204596055 2.417673907962827e-06 0.014373537152987316 8616 8616 290
2.2211488216212905 0.009322131351218121 0.023965642318330763 1.4915410161948995e-06 0.008867498689906642 7899 7899 513
2.8142227408900053 0.000739255527043783 0.0050906694654915385 1.182808843270053e-07 0.0007032026443942357 10010 8 21
2.7547553578810273 0.014005279520047507 0.041170646387161426 2.2408447232076013e-06 0.013322253583089609 6424 6424 1267
2.048080711280711 0.012846302449119135 0.028548918250432972 2.0554083918590615e-06 0.012219798868509102 8811 8811 150
2.016804271055679 0.004561994119800439 0.012507648381958178 7.299190591680704e-07 0.004339509427251973 7333 7333 834
2.72821518280305 0.017154571365578318 0.04807340455921323 2.744731418492531e-06 0.016317957061428717 7074 7074 939
2.328860156010796 0.015663559348557426 0.03810911630611257 2.5061694957691883e-06 0.014899660471364025 8303 8303 357
2.4839667765046234 0.011487993507636246 0.031653344533498225 1.8380789612217994e-06 0.01092773353438204 7239 7239 858
#acc_paschen_factor density_factor volt density pressure N_not_eqm N_less_eqm N_eqm
2.1778976898686206 0.013644947556049532 0.03187114617542792 2.1831916089679255e-06 0.01297949471193661 8558 8558 233
2.1262575122026326 0.0019594764595914065 0.007136743661775593 3.135162335346251e-07 0.0018639144079491256 8239 1338 1436
2.647083881810379 0.018919866110960613 0.05053041495702323 3.027178577753698e-06 0.017997159837297248 7527 7527 714
2.159852250102565 0.019829568927331738 0.0428472979628662 3.1727310283730782e-06 0.01886249719722635 9064 9064 97
#acc_paschen_factor density_factor volt density pressure N_not_eqm N_less_eqm N_eqm
#acc_paschen_factor density_factor volt density pressure N_not_eqm N_less_eqm N_eqm
2.490855989997823 0.0033833702557212906 0.012358672149122172 5.413392409154066e-07 0.0032183660774268417 5109 5108 2234
2.1143540435369363 0.0001870927534170343 0.002444285089003587 2.9934840546725494e-08 0.00017796839406256505 10013 1 0
#acc_paschen_factor density_factor volt density pressure N_not_eqm N_less_eqm N_eqm
#acc_paschen_factor density_factor volt density pressure N_not_eqm N_less_eqm N_eqm
2.781710941454935 0.005663659496861766 0.020342760759338763 9.061855194978826e-07 0.0053874474920305076 4336 4336 2885
2.912729835097557 0.0019158070465207207 0.009625397846075235 3.0652912744331533e-07 0.0018223747161550702 8935 673 925
#acc_paschen_factor density_factor volt density pressure N_not_eqm N_less_eqm N_eqm
2.3130077849596122 0.0030061101194191545 0.010524392836744044 4.809776191070647e-07 0.0028595046069782347 5845 5812 1567
#acc_paschen_factor density_factor volt density pressure N_not_eqm N_less_eqm N_eqm
2.625630364483926 0.004311522349093011 0.015604583135430823 6.898435758548819e-07 0.004101252958325852 4450 4450 2848
2.2812528037398065 0.005850613020438718 0.01710472939830015 9.360980832701949e-07 0.0055652834463775155 6584 6584 1233
#acc_paschen_factor density_factor volt density pressure N_not_eqm N_less_eqm N_eqm
2.80648238309277 0.0009140558302806927 0.005741403783622842 1.4624893284491086e-07 0.0008694780809386946 10008 24 19
#acc_paschen_factor density_factor volt density pressure N_not_eqm N_less_eqm N_eqm
2.242010936164277 0.0026419214155515465 0.009291737610025639 4.2270742648824746e-07 0.002513077085979743 5854 5390 1860
2.6858459156509618 0.009166356858683824 0.02859554721218794 1.466617097389412e-06 0.008719321190960734 6009 6009 1679
2.9773824410781096 0.0029935930842610254 0.013506271404449394 4.789748934817641e-07 0.002847598017306366 4208 4098 2596
2.3745513420153097 0.007955144736722545 0.02260926275641259 1.2728231578756073e-06 0.007567178885726295 7005 7005 1035
2.0127474005122283 0.003959832653972832 0.011222835218218418 6.335732246356533e-07 0.0037667148797217195 7097 7097 896
2.2101568725199816 0.009754827954608929 0.024720718340060246 1.5607724727374288e-06 0.009279093036642991 7922 7922 442
2.598985387097583 0.006201064132669855 0.02038137613477117 9.92170261227177e-07 0.005898643346759082 5427 5427 2085
2.8773684278306546 0.008956059660254753 0.03007747139695223 1.4329695456407606e-06 0.008519280013540815 5124 5124 2282
2.5360418074380204 0.00478135429760917 0.016297157958050784 7.650166876174673e-07 0.004548171590018263 4969 4969 2368
2.0378753376949312 0.007148045498593474 0.017845473296883154 1.143687279774956e-06 0.006799441212109522 8037 8037 445
2.4132466812424505 0.0020203021571459563 0.008273627577195831 3.2324834514335304e-07 0.0019217736863755281 8011 1460 1575
2.4368472033059145 0.0013998193514783608 0.006517670489763695 2.2397109623653775e-07 0.0013315513156461091 9950 70 76
2.1685379257006794 0.009549373714025696 0.0238489197759564 1.5278997942441114e-06 0.009083658630007053 8137 8137 436
2.5154403676423365 0.007605082806837399 0.02312051207151843 1.2168132490939838e-06 0.007234189187588528 6157 6157 1503
2.1571884139975235 0.006808384616440868 0.01818752217371102 1.089341538630539e-06 0.006476345311180469 7588 7588 668
2.711503556300128 0.004473091733669563 0.016567899999042464 7.156946773871301e-07 0.004254942737206127 4139 4139 3031
2.943005844626403 0.008546220862252213 0.029646982874943467 1.367395337960354e-06 0.00812942871586675 4754 4754 2636
2.8366647550585524 0.005267732480494216 0.019624340537193977 8.428371968790747e-07 0.0050108295098692576 4057 4057 3105
2.639201782996005 0.0003523713286449053 0.0033747801056131332 5.6379412583184855e-08 0.00033518646942376143 10016 3 2
2.3652104201849404 0.006433833116659666 0.01908457248725569 1.0294132986655466e-06 0.006120060379282532 6443 6443 1375
2.074695959224257 0.008246829583733375 0.02032116467299099 1.31949273339734e-06 0.00784463850319845 8066 8066 410
2.7572539718515743 0.001001984704858628 0.005963103464064377 1.603175527773805e-07 0.0009531187367875228 10002 14 19
2.153120830060683 0.004765647278137603 0.013801935848629501 7.625035645020165e-07 0.004533230588938261 6749 6749 1149
2.9577318296215656 0.008201137774804593 0.02884397734193661 1.312182043968735e-06 0.007801175046125135 4574 4574 2736
2.3651450304485304 0.007144354584207118 0.020703000582440585 1.1430967334731389e-06 0.006795930300575187 6640 6640 1162
2.139482830020753 0.004639956814976705 0.01343960280062872 7.423930903962728e-07 0.004413669946052943 6868 6868 1154
2.371026343060862 0.009855661049148952 0.026737545723386307 1.5769057678638325e-06 0.009375008584283934 7235 7235 819
2.625630364483926 0.0010088372979495334 0.005702206977151109 1.6141396767192535e-07 0.0009596371345623114 9981 19 31
2.2376166483452566 0.006071369234332467 0.01726339580573304 9.714190774931947e-07 0.005775273561699777 6888 6888 1098
2.1777017209289684 0.00788445131798654 0.020590218122681546 1.2615122108778467e-06 0.007499933126746013 7731 7731 595
2.119770229443338 0.00645002766150517 0.01713749421638944 1.0320044258408273e-06 0.006135465129525874 7511 7511 668
2.237091702439687 0.007851453669451605 0.02108227596221927 1.256232587112257e-06 0.007468544746328555 7438 7438 705
2.192047637847546 0.007827484190700673 0.02060830318932068 1.2523974705121079e-06 0.007445744239297097 7684 7684 634
2.7155976804955393 0.007955144736722545 0.025856531468769713 1.2728231578756073e-06 0.007567178885726295 5500 5500 2031
2.2775536711815496 0.009269834390112058 0.024464993248131377 1.4831735024179295e-06 0.008817752208482788 7574 7574 644
2.742886753297435 0.008694174570410173 0.02800760149158242 1.3910679312656278e-06 0.008270166843643303 5646 5646 1953
2.3651450304485304 0.009827489300271332 0.026610642733200292 1.5723982880434133e-06 0.009348210748375727 7322 7322 767
2.0362293983466584 0.0017840800063866134 0.0064076923809791055 2.8545280102185816e-07 0.0016970718951792813 9168 598 767
2.8096580215280795 0.002290100651998288 0.010517187777713667 3.664161043197261e-07 0.002178414331041967 6547 2683 2185
2.0378753376949312 0.0036009987021108107 0.01058765839605037 5.761597923377297e-07 0.003425380963887685 6820 6820 1010
2.4132466812424505 0.00965310421109796 0.02676861204312935 1.5444966737756737e-06 0.009182330276247208 7162 7162 845
2.9173613125791755 0.003860603096814047 0.015961689141787187 6.176964954902476e-07 0.003672324666265806 3232 3232 3630
2.6236377296003477 0.004793562669660542 0.01689271697118591 7.669700271456867e-07 0.004559784569828645 4598 4598 2768
2.505249178288661 0.005507342198017411 0.017931739206140326 8.811747516827858e-07 0.005238753658990819 5449 5449 2080
2.8778696795613126 0.0016602452397093282 0.00862418363729975 2.6563923835349255e-07 0.0015792764479898107 9770 204 281
2.711503556300128 0.0014180986261699423 0.0073144054893182 2.2689578018719078e-07 0.0013489391251794798 9967 58 79
2.786653955062038 0.008546220862252213 0.028071939522296575 1.367395337960354e-06 0.00812942871586675 5520 5520 2069
2.272744195368169 0.006420354807020503 0.018308707477867905 1.0272567691232807e-06 0.006107239395693644 6778 6778 1101
2.852563672041339 0.007531564259577861 0.026020577471358747 1.205050281532458e-06 0.0071642560792739155 4801 4801 2511
2.3652104201849404 0.007237490734817108 0.0209138509766006 1.1579985175707374e-06 0.0068845242778965985 6783 6783 1108
2.1897193391443035 0.0018428473405252116 0.007045329946434738 2.948555744840339e-07 0.0017529731948767188 8994 785 961
2.709601316125637 0.001001984704858628 0.005860045233182444 1.603175527773805e-07 0.0009531187367875228 10006 18 28
2.9173613125791755 0.001553923761797619 0.008362109928283424 2.4862780188761905e-07 0.0014781401809098769 9879 100 149
2.7005188148505126 0.0019839973708719195 0.009142682886336037 3.1743957933950713e-07 0.0018872394546002706 8404 1020 1257
2.781710941454935 0.001976267604383787 0.009392108859884639 3.162028167014059e-07 0.0018798866624517407 8516 1007 1246
2.8498305258919836 0.002676304109073649 0.011921041244183191 4.2820865745178386e-07 0.002545782963882104 5175 4486 2294
2.5805560156272658 0.0056856446013434 0.018927952837761837 9.09703136214944e-07 0.005408360401089966 5297 5297 2254
2.7599387566859863 0.004311522349093011 0.01640280153671559 6.898435758548819e-07 0.004101252958325852 3835 3835 3249
2.2812528037398065 0.001603261502455607 0.006677266403888734 2.5652184039289716e-07 0.0015250717606274803 9823 241 256
2.0147106988140924 0.002841035432796015 0.00879884409037147 4.5456566924736246e-07 0.002702480476742593 6339 6247 1395
2.746320984268774 0.004445084484233798 0.016701315786042094 7.112135174774078e-07 0.004228301378237603 3986 3986 3092
2.6858459156509618 0.00324685096431098 0.012928706594582963 5.194961542897568e-07 0.003088504719319104 4595 4589 2511
2.3458953541431526 0.0029935930842610254 0.010641662590050564 4.789748934817641e-07 0.002847598017306366 5705 5658 1647
2.5637349661599282 0.007955144736722545 0.02441057241513148 1.2728231578756073e-06 0.007567178885726295 5978 5978 1560
2.977209370304181 0.004405564684504648 0.01798392918659561 7.048903495207437e-07 0.004190708926563145 3164 3164 3783
2.8140959227864797 0.0019359277331037878 0.009366795558462959 3.097484372966061e-07 0.0018415141334399445 8805 830 1014
2.915018331240736 0.0062274360002678945 0.022934828715628602 9.963897600428633e-07 0.005923729080113982 4192 4192 3105
2.8939757035077163 0.006426337957453756 0.023330033832369167 1.028214073192601e-06 0.006112930752812469 4218 4218 3067
2.4432856840527752 0.0035416474197979587 0.012538733100034461 5.666635871676734e-07 0.0033689241946870748 5085 5085 2168
2.5232715930825376 0.007012501416118624 0.021768763646240783 1.1220002265789798e-06 0.006670507502801373 6093 6093 1582
2.3002175519577452 0.0035878863566993907 0.011918394340767325 5.740618170719025e-07 0.003412908096752834 5629 5629 1806
2.6417791397362835 0.005267732480494216 0.018276101668267132 8.428371968790747e-07 0.0050108295098692576 4713 4713 2641
2.8927128486706395 0.004793562669660542 0.01862520075854743 7.669700271456867e-07 0.004559784569828645 3582 3582 3508
2.9140716421703523 8.00572289860425e-05 0.02495962039026649 1.2809156637766801e-08 7.615290392347074e-05 9999 0 0
2.890463423078082 0.006808384616440868 0.024369854417173605 1.089341538630539e-06 0.006476345311180469 4472 4472 2908
2.4554206328789485 0.006670993691518899 0.020376605761305316 1.0673589906430238e-06 0.006345654828408907 6142 6142 1532
2.9568567766317075 0.006730797368205742 0.024708529593554955 1.0769275789129189e-06 0.0064025419290828205 4091 4091 3105
2.7840815580578777 0.0045733348815203455 0.017298517995721453 7.317335810432553e-07 0.004350297109371542 3933 3933 3190
2.852563672041339 0.0035436916291761104 0.014645362515945361 5.669906606681777e-07 0.003370868709658996 3581 3581 3368
2.3652104201849404 0.0036068667228745764 0.012303140465350026 5.770986756599323e-07 0.003430962806116098 5249 5249 2023
2.9757192426336774 0.005740279619716975 0.021987415027659975 9.18444739154716e-07 0.005460330914655771 3701 3701 3367
2.9197446839000882 0.005997308140995199 0.022313804837540294 9.595693025592318e-07 0.0057048243668323985 4024 4024 3143
2.8493898213592486 0.00538469838176677 0.020046208193860365 8.615517410826833e-07 0.005122091080557445 3954 3954 3211
2.887405750470744 0.003989091244162664 0.016188636859492105 6.382545990660264e-07 0.0037945465525872765 3257 3257 3673
2.8993989330000836 0.004175815723401852 0.01682249090591055 6.681305157442964e-07 0.003972164632900062 3246 3246 3700
2.978394485849403 0.002676304109073649 0.012458833318218265 4.2820865745178386e-07 0.002545782963882104 5124 4336 2246
2.636666862242449 0.0006441157067716662 0.004423550771816714 1.0305851308346659e-07 0.0006127027147283968 10003 7 9
2.4904903501163966 0.004934449555030437 0.016392145852782296 7.8951192880487e-07 0.00469380051793898 5172 5172 2214
2.934441189114508 0.00502335449015262 0.019578398239808063 8.037367184244192e-07 0.0047783696326639275 3546 3546 3527
2.7090754726095443 0.0036608388850746915 0.014247867275882292 5.857342216119507e-07 0.0034823027904575983 3957 3957 3089
2.874966552394019 0.004489038207769585 0.017613939228999075 7.182461132431337e-07 0.004270111514909747 3545 3545 3528
2.9278513774615584 0.0014879904381727466 0.008153232258373425 2.3807847010763947e-07 0.0014154223711261358 9932 75 83
2.853913868719262 0.0029935930842610254 0.012946182104132752 4.789748934817641e-07 0.002847598017306366 4384 4291 2401
2.7038010796916527 0.0035391342192204666 0.013868392086756815 5.662614750752748e-07 0.0033665335608299937 4114 4114 2995
2.9173613125791755 0.004971787617842156 0.019312177709183642 7.95486018854745e-07 0.004729317634206957 3446 3446 3507
2.981973553737623 0.003965387800335799 0.016644545920666116 6.344620480537279e-07 0.003771999106175943 2930 2930 3853
2.915018331240736 0.0033105554415471293 0.01423351445174747 5.296888706475408e-07 0.003149102381715153 3762 3754 3066
2.8939757035077163 0.0035175950419611196 0.014776985929037534 5.628152067137791e-07 0.00334604483148979 3531 3531 3435
2.905725490156011 0.004338515998109888 0.017350541773945263 6.941625596975822e-07 0.004126930149332357 3281 3281 3715
2.2800829622880157 0.007012501416118624 0.019670727176551214 1.1220002265789798e-06 0.006670507502801373 7139 7139 963
2.7094552260119893 0.0035878863566993907 0.014038826807829242 5.740618170719025e-07 0.003412908096752834 4045 4045 3103
2.8513929497692536 0.005267732480494216 0.019726231713437303 8.428371968790747e-07 0.0050108295098692576 3924 3924 3237
2.696613316493516 0.004793562669660542 0.01736258212112041 7.669700271456867e-07 0.004559784569828645 4297 4297 2933
2.2040852968796587 0.004286050217758235 0.013041012272843927 6.857680348413176e-07 0.004077023081838352 6177 6177 1432
2.985368282650557 0.003651738836904973 0.015672014237439327 5.842782139047957e-07 0.0034736465441355035 3015 3015 3679
2.711503556300128 0.006628340563068487 0.022389963407940198 1.060534490090958e-06 0.006305081857871968 5108 5108 2319
2.9568567766317075 0.0032560434953979884 0.014262814320882842 5.209669592636781e-07 0.00309724893824285 3660 3652 3028
2.758645696782718 0.0045733348815203455 0.01714047567733766 7.317335810432553e-07 0.004350297109371542 3932 3932 3142
2.948610373147749 0.00286982528306948 0.012971840374641616 4.5917204529111687e-07 0.0027298662697510983 4716 4452 2313
2.3652104201849404 0.003086814828060648 0.010971806404630942 4.938903724897037e-07 0.0029362734135081094 5584 5565 1714
2.976159903606958 0.005740279619716975 0.021990671045757113 9.18444739154716e-07 0.005460330914655771 3730 3730 3339
2.530388274628156 0.0027809752272334267 0.010881548554673782 4.4495603635734833e-07 0.002645349357894735 5429 5158 1945
2.708390309426381 0.005731789099053555 0.01998937897166299 9.170862558485688e-07 0.005452254469685956 4699 4699 2585
2.887405750470744 0.0030622761106322755 0.0133163962214358 4.899641777011642e-07 0.0029129314291002576 4254 4189 2599
2.9802082556506457 0.0033748528013459633 0.014759226456640528 5.399764482153541e-07 0.003210264012280046 3357 3353 3395
2.996896398580937 0.0037745775698222817 0.016123984288104163 6.039324111715651e-07 0.0035904945333103933 3008 3008 3816
2.9549918205474093 0.005958378920673551 0.022470084969421447 9.533406273077682e-07 0.005667793692494583 3857 3857 3285
2.577115084711316 0.0025344347433150526 0.010367347366891705 4.0550955893040843e-07 0.002410832450141718 5614 4412 2153
2.5310035590824507 0.0038094291814413928 0.013710840091524129 6.095086690306229e-07 0.0036236464605607227 4601 4601 2622
2.349504859882636 0.004470238089402755 0.014349094620085387 7.152380943044409e-07 0.004252228262817813 5634 5634 1883
2.988729760145608 0.0032180260800518754 0.014292905102507285 5.148841728083002e-07 0.0030610856009035577 3670 3655 3042
2.6858459156509618 0.0017815864494845307 0.008443862101102966 2.8505383191752494e-07 0.0016946999469917526 9361 351 595
2.6871062451833434 0.005581353859612068 0.01943132241818313 8.930166175379309e-07 0.005309155832860927 4722 4722 2592
2.9834976401017137 0.0035391342192204666 0.015303017434833954 5.662614750752748e-07 0.0033665335608299937 3200 3200 3594
2.7969889847218163 0.0035962700529778824 0.014517449648239138 5.754032084764612e-07 0.003420882927074914 3631 3631 3296
2.769232506534829 0.004365447236145722 0.016612746797855887 6.984715577833155e-07 0.004152547973089915 3927 3927 3266
2.9281055791513055 0.0031913360795884894 0.013917789652834335 5.106137727341583e-07 0.0030356972497609016 3857 3846 2877
2.818401230509316 0.0029217544364083183 0.012561335058632874 4.6748070982533094e-07 0.002779262881089334 4794 4629 2202
2.4495988740814783 0.005261370889494779 0.016930939900150883 8.418193423191647e-07 0.005004778168418693 5556 5556 1984
2.5232715930825376 0.004693124234574263 0.015987773788625818 7.508998775318821e-07 0.004464244434425225 4926 4926 2386
2.1688226504546204 0.0025344347433150526 0.008724848155923361 4.0550955893040843e-07 0.002410832450141718 6107 5253 2026
2.766678852388301 0.0034429874782315227 0.013905096306265342 5.508779965170436e-07 0.0032750758171406326 3975 3974 3062
2.507857183242025 0.0037637589455000106 0.013464064806972298 6.022014312800017e-07 0.003580203524377999 4794 4794 2570
2.505249178288661 0.0031978296118158637 0.011925623954521267 5.116527378905382e-07 0.0030418740977744834 5204 5195 2059
2.924148884962428 0.004027931236881529 0.016513869088860073 6.444689979010448e-07 0.003831492350878942 3122 3122 3750
2.026240191734041 0.004620555348694688 0.012687953954438296 7.392888557911501e-07 0.004395214673287925 7152 7152 853
2.9864195080429523 0.004362014459312126 0.017905050271047093 6.979223134899401e-07 0.004149282609952689 3057 3057 3845
2.654995604381825 0.001958376084540925 0.008907978609037042 3.1334017352654804e-07 0.0018628676972827633 8570 988 1123
2.966674859287294 0.004115912517402459 0.017027317330908315 6.585460027843934e-07 0.003915182856876125 3060 3060 3860
2.9802701279081876 0.0035654847503073187 0.015370592891256104 5.70477560049171e-07 0.003391598998237767 3212 3212 3636
2.7642107708806294 0.003671020769371347 0.014567832638368618 5.873633230994155e-07 0.0034919881126505297 3722 3722 3275
2.412020924273312 0.0025164165701684967 0.00965385492435305 4.026266512269595e-07 0.0023936930084462607 5881 4700 2106
2.981973553737623 0.0031460616420993116 0.014026376218642734 5.033698627358899e-07 0.002992630809266145 3786 3758 2911
2.5056137973918373 0.0049124532717074254 0.016435766967997135 7.859925234731881e-07 0.004672876975221022 5184 5184 2229
2.8100151842836443 0.0040973836121602145 0.01607372687365182 6.555813779456344e-07 0.003897557591068265 3586 3586 3386
2.931138868094939 0.0038829468051282874 0.01610622270251442 6.21271488820526e-07 0.0036935786903445683 3150 3150 3711
2.972729226348175 0.005958378920673551 0.02260496216695172 9.533406273077682e-07 0.005667793692494583 3689 3689 3334
2.7599387566859863 0.003545006154973879 0.014173704553045108 5.672009847958207e-07 0.0033721191271172354 3854 3854 3171
2.934441189114508 0.0030574682078014807 0.013517817084214652 4.89194913248237e-07 0.0029083580037271312 4162 4092 2680
2.6913099000004794 0.0036608388850746915 0.014154432625141395 5.857342216119507e-07 0.0034823027904575983 3975 3975 3093
2.5499597436046515 0.004930151797296105 0.016772451127279108 7.888242875673768e-07 0.0046897123583064994 5045 5045 2352
2.6210826520213057 0.004537945758424886 0.01619042085640799 7.260713213479819e-07 0.004316633884636468 4584 4584 2764
2.934216167620686 0.002053764513769994 0.010175393135374557 3.2860232220319905e-07 0.0019536041114516637 8145 1256 1496
2.9102434235572803 0.004409075129700042 0.01758997594060546 7.054520207520067e-07 0.0041940481702401914 3358 3358 3711
2.8046635711745065 0.003860603096814047 0.015345088685914093 6.176964954902476e-07 0.003672324666265806 3516 3516 3448
2.8354906848247214 0.004834950890468776 0.01837627762745656 7.735921424750043e-07 0.004599154321226391 3746 3746 3353
2.8682931494431685 0.003230582200043827 0.013756164737508802 5.168931520070124e-07 0.003073029369274124 3999 3990 2831
2.7558247406593956 0.0038185055848113376 0.014955209016778877 6.109608935698141e-07 0.003632280215220437 3784 3784 3195
2.810896353150293 0.005002289147136844 0.01869421418435675 8.003662635418952e-07 0.004758331629061841 3927 3927 3222
2.9811464858104944 0.0034065674075222166 0.014865958660212064 5.450507852035547e-07 0.00324043192325698 3299 3295 3400
2.9299397694439437 0.004218308439573519 0.017129390207240462 6.74929350331763e-07 0.004012585014332854 3236 3236 3730
2.9577734810610026 0.004083813489850712 0.016876934808849293 6.534101583761139e-07 0.0038846492724372837 3143 3143 3781
2.974863500749937 0.0028887610005183502 0.013149873569812042 4.622017600829361e-07 0.0027478785078696223 4564 4338 2371
2.572666879275279 0.004856575855060707 0.01672956109498853 7.770521368097133e-07 0.004619724654121686 4890 4890 2541
2.978875966879251 0.004751364445361369 0.01905178046088216 7.602183112578191e-07 0.004519644318142489 3184 3184 3693
2.91527625380028 0.005334415314579047 0.020363054035402908 8.535064503326476e-07 0.005074260277105683 3773 3773 3350
2.9864195080429523 0.004947882464576874 0.0196969781888227 7.916611943322999e-07 0.00470657831556024 3265 3265 3694
2.9966808953066413 0.0036001919379320614 0.015566490764809003 5.760307100691298e-07 0.0034246135449328783 3099 3099 3744
2.966674859287294 0.00302648481670719 0.013565211654607522 4.842375706731504e-07 0.0028788856470753892 4102 4021 2666
2.941534901470519 0.004924063827333588 0.019329883158673303 7.878502123733742e-07 0.0046839212936204445 3514 3514 3525
2.895999633986576 0.005740279619716975 0.02139837151305236 9.18444739154716e-07 0.005460330914655771 3938 3938 3174
2.7016491531826157 0.005180431285981782 0.018453293538790383 8.288690057570852e-07 0.004927785922646563 4502 4502 2845
2.9723609686527555 0.0030781074500950247 0.013759872834006787 4.92497192015204e-07 0.002927990687187953 4022 3956 2759
2.887405750470744 0.003937776882279658 0.0160328023756337 6.300443011647453e-07 0.003745734749832374 3210 3210 3633
2.9772055612940425 0.003948194067306798 0.016564078416940832 6.317110507690877e-07 0.003755643897333133 2998 2998 3835
2.9843733273440622 0.0031336282282653206 0.013997073342730497 5.013805165224513e-07 0.0029808037627753682 3967 3937 2842
2.9381158503069362 0.0037168359530796845 0.015627600359830872 5.946937524927496e-07 0.0035355689276171005 3168 3168 3689
2.7838354315402056 0.0035514603135650483 0.014315678155955537 5.682336501704078e-07 0.0033782585217143903 3694 3694 3208
2.610280098669766 0.0034678521746358544 0.013188905333169796 5.548563479417368e-07 0.003298727882798507 4459 4459 2703
2.7090754726095443 0.004541293760226859 0.016743278748851335 7.266070016362974e-07 0.00431981860715048 4283 4283 2975
2.9890351187673203 0.003998093156072653 0.016786699725369236 6.396949049716245e-07 0.0038031094486741294 2884 2884 3915
2.7779861077435055 0.004537945758424886 0.01715961310221838 7.260713213479819e-07 0.004316633884636468 3912 3912 3225
2.987306313029705 0.004012207726862978 0.016821259954837752 6.419532362980765e-07 0.0038165356634823396 2879 2879 3888
2.97148715378441 0.004050563106014705 0.016851715177924376 6.480900969623528e-07 0.0038530204824110455 2948 2948 3858
2.523587387809423 0.004379039095233364 0.015174601333465897 7.006462552373383e-07 0.004165476968414285 4842 4842 2491
2.954886068395835 0.005314805510729199 0.020581683066500257 8.50368881716672e-07 0.005055606827224274 3663 3663 3436
2.934269936424518 0.0037849663368050624 0.01581935688960052 6.0559461388881e-07 0.0036003766486913894 3103 3103 3748
2.9520231511982087 0.0035175950419611196 0.015073383136760899 5.628152067137791e-07 0.00334604483148979 3296 3296 3469
2.905725490156011 0.004561385412533038 0.018018668505296504 7.298216660052862e-07 0.004338930406136216 3493 3493 3612
2.9811464858104944 0.003957374105528447 0.016614800761313046 6.331798568845515e-07 0.003764376232658266 2941 2941 3890
2.8491799159066806 0.003354392039140668 0.014047292116415535 5.36702726262507e-07 0.0031908011045806996 3690 3689 3123
2.3465834504519365 0.003947818964112755 0.013054602203056353 6.316510342580409e-07 0.0037552870876126484 5440 5440 1982
2.8927128486706395 0.00458621165699826 0.018011730368332434 7.337938651197217e-07 0.004362545895124353 3509 3509 3530
2.93847093142998 0.004314279394459138 0.01747225128590233 6.902847031134622e-07 0.004103875544862239 3248 3248 3708
2.96762296460161 0.004985381218761133 0.01968575250515703 7.976609950017814e-07 0.004742248286414984 3435 3435 3565
2.91527625380028 0.004293817484145976 0.01727245177042006 6.870107974633562e-07 0.004084411545047299 3299 3299 3670
2.881174313534148 0.0037904889009755527 0.015549968269271042 6.064782241560885e-07 0.003605629881959805 3257 3257 3656
2.2235957666253277 0.004072064728032494 0.012660400505049914 6.51530356485199e-07 0.0038734734880478626 6002 6002 1584
2.428317268838714 0.0029694404856116055 0.010950826487452185 4.751104776978569e-07 0.0028246233209829126 5493 5431 1784
2.101939495373537 0.004133928791075783 0.01210370776153517 6.614286065721254e-07 0.003932320491734094 6702 6702 1194
2.9896998121496083 0.005740279619716975 0.022090716636180594 9.18444739154716e-07 0.005460330914655771 3774 3774 3480
2.0042011638369006 0.004314554596554464 0.011917622419239406 6.903287354487143e-07 0.004104137325578239 7254 7254 838
2.975250980941391 0.004012207726862978 0.016753377436726054 6.419532362980765e-07 0.0038165356634823396 2952 2952 3917
2.887405750470744 0.0038021407618542297 0.015619241301496297 6.083425218966769e-07 0.003616713491188626 3247 3247 3594
2.092442948692739 0.003948194067306798 0.01164158415385222 6.317110507690877e-07 0.003755643897333133 6683 6683 1176
2.996896398580937 0.004096436319848979 0.017139747283186117 6.554298111758367e-07 0.0038966564974221496 2910 2910 3919
2.0340678098810328 0.0034548944993776512 0.010249130478275876 5.527831199004243e-07 0.003286402142681003 6756 6756 1073
2.1538586846542915 0.0034356652066607836 0.010808125555703194 5.497064330657255e-07 0.0032681106467182942 6274 6274 1290
2.2881559745818274 0.0037922163285476294 0.012353580864750682 6.067546125676208e-07 0.0036072730643131935 5689 5689 1748
2.0271060861257535 0.003802640125452858 0.010966576011978849 6.084224200724573e-07 0.003617188501236198 6969 6969 996
2.320151943037306 0.0033529481811222384 0.011435405295034956 5.364717089795582e-07 0.003189427662327586 5711 5710 1745
2.9257942950221114 0.004102203718789435 0.016750750511223714 6.563525950063096e-07 0.0039021426250706276 3169 3169 3732
2.9890351187673203 0.0037716276639112754 0.016072338251322135 6.034604262258041e-07 0.0035876884918789142 3052 3052 3769
2.4147249003132027 0.003992266003759698 0.013546540492099649 6.387625606015517e-07 0.0037975664817758714 5144 5144 2199
2.8055805764397115 0.003553525328350407 0.014433707556914635 5.685640525360651e-07 0.003380222827430959 3687 3687 3212
2.9566586398328893 0.002838903824753454 0.01290559914936656 4.542246119605527e-07 0.0027004528254670787 4664 4343 2322
2.962663312596173 0.0036437666975900687 0.015527632338972412 5.83002671614411e-07 0.0034660631994831636 3197 3197 3666
2.5621427684069213 0.0035175950419611196 0.013082607290394415 5.628152067137791e-07 0.00334604483148979 4585 4585 2593
2.921865350884268 0.0038181656531431655 0.01585522094282489 6.109065045029066e-07 0.003631956861739499 3130 3130 3666
2.9811464858104944 0.002378879750663371 0.011463681652283005 3.8062076010613935e-07 0.002262863746250093 6187 3092 2330
2.9457024217686283 0.00427236374978725 0.01738710786676596 6.835781999659601e-07 0.00406400409162789 3198 3198 3727
2.5672139197985153 0.00451536649030182 0.015798040696799964 7.224586384482912e-07 0.004295155788806572 4719 4719 2561
2.7560969572399268 0.00458621165699826 0.017161079533214045 7.337938651197217e-07 0.004362545895124353 3902 3902 3174
2.960698044594229 0.002317638525844401 0.011176602535573527 3.708221641351042e-07 0.0022046092054814168 6354 2660 2280
2.9825981097261964 0.0037201146893447133 0.015874593842866432 5.952183502951541e-07 0.0035386877626173065 2948 2948 3747
2.2407696476218675 0.004293817484145976 0.013276129703563032 6.870107974633562e-07 0.004084411545047299 6023 6023 1575
2.98982781891937 0.003697316938589807 0.015840580791026036 5.915707101743692e-07 0.00351700183937342 3034 3034 3754
2.141659699649384 0.00402077892034868 0.012078761827102618 6.433246272557888e-07 0.003824688846927396 6435 6435 1333
2.966674859287294 0.0034190529714976793 0.014833744160624378 5.470484754396287e-07 0.0032523085765698186 3365 3362 3412
2.9134164666553257 0.0036273149028730103 0.015218376607223034 5.803703844596817e-07 0.00345041374523244 3351 3351 3559
2.9828724925580716 0.004576191616750996 0.018542429922503125 7.321906586801595e-07 0.004353014523979941 3178 3178 3703
2.6119956447803907 0.0031275725794241782 0.012233265305844818 5.004116127078686e-07 0.0029750434429362425 5011 4991 2215
2.8896643187937894 0.004012207726862978 0.016271446445460695 6.419532362980765e-07 0.0038165356634823396 3204 3204 3705
2.2785531620464834 0.004099796203524706 0.013039430333373798 6.55967392563953e-07 0.0038998525223407268 5754 5754 1694
2.3998922698464638 0.0038782316992931726 0.013175148888221409 6.205170718869077e-07 0.003689093536334141 5180 5180 2161
2.4830150045470507 0.0043365421491735065 0.014821393431770217 6.938467438677611e-07 0.004125052563381463 5067 5067 2395
2.9828534266952316 0.003792429282233615 0.01610487285807734 6.067886851573784e-07 0.0036074756324234614 2998 2998 3732
2.990787887703817 0.003962865223817015 0.016685810324344245 6.340584358107224e-07 0.003769599553634497 2947 2947 3914
2.9708436103863853 0.00502335449015262 0.019821272795685307 8.037367184244192e-07 0.0047783696326639275 3469 3469 3539
2.980408006397902 0.004237112739367435 0.017482757941956792 6.779380382987896e-07 0.004030472243927123 3066 3066 3839
2.985840329150073 0.004393734240562034 0.01799955321542281 7.029974784899255e-07 0.004179455443619202 3086 3086 3764
2.9121847828568965 0.004141912805655604 0.016793664490899727 6.627060489048967e-07 0.00393991513250447 3217 3217 3713
2.2056383884384676 0.0031358826478318745 0.01035015282452476 5.017412236530999e-07 0.0029829482361580896 6077 6068 1470
2.992435872090865 0.0038123702313763103 0.0162198082225942 6.099792370202097e-07 0.003626444077914765 3003 3003 3880
2.967803745579222 0.003928673810503877 0.016450774803220537 6.285878096806204e-07 0.0037370756273629917 3046 3046 3801
2.987415795355536 0.004264315214744109 0.01760834430735491 6.822904343590575e-07 0.0040563480770040026 3141 3141 3842
2.9742068720061585 0.004124889311077419 0.01709844670363597 6.599822897723871e-07 0.0039237218597235664 3066 3066 3820
2.987296626981943 0.003614032230169678 0.015561921747992771 5.782451568271486e-07 0.0034377788575272942 3066 3066 3662
2.9805957716017852 0.003941375057315797 0.016561546728402092 6.306200091705275e-07 0.0037491574448381506 2976 2976 3842
2.9988053516687416 0.004090088485009666 0.01713075122808098 6.544141576015465e-07 0.0038906182412551194 2933 2933 3951
2.6791981617793366 0.003915991709330396 0.014815211923599386 6.265586734928635e-07 0.003725012021809267 4095 4095 3126
2.031270614181007 0.004083813489850712 0.011590347250786335 6.534101583761139e-07 0.0038846492724372837 7018 7018 926
2.988171706014089 0.004215370839660821 0.01746069582647353 6.744593343457315e-07 0.004009790678746293 3059 3059 3894
2.9590763779662517 0.004314279394459138 0.017594771994169048 6.902847031134622e-07 0.004103875544862239 3231 3231 3746
2.9825981097261964 0.004277323717366403 0.017620250161626213 6.843717947786245e-07 0.00406872216567695 3048 3048 3886
2.985993917380746 0.003896912888438234 0.016451642787021534 6.235060621501175e-07 0.003706863659284413 2988 2988 3848
2.984203000653701 0.003697316938589807 0.015810779613978865 5.915707101743692e-07 0.00351700183937342 3058 3058 3750
2.987296626981943 0.003614032230169678 0.015561921747992771 5.782451568271486e-07 0.0034377788575272942 3066 3066 3662
2.980042340246289 0.004115912517402459 0.017104040379776017 6.585460027843934e-07 0.003915182856876125 3012 3012 3841
2.376715199908894 0.004017499978913954 0.013396275652988445 6.427999966262327e-07 0.0038215698167634506 5261 5261 2085
2.98956359614112 0.0039215765090998556 0.01654903905566323 6.274522414559769e-07 0.003730324455497792 2944 2944 3835
2.9197446839000882 0.004082995990091147 0.016657446088013807 6.532793584145836e-07 0.003883871641467088 3168 3168 3717
2.662536419231194 0.0036816660259710076 0.01406218142027007 5.890665641553612e-07 0.003502114208861229 4213 4213 2885
2.9512230468647496 0.003937776882279658 0.016387158565810824 6.300443011647453e-07 0.003745734749832374 3068 3068 3810
2.9725287855848532 0.004152023487794959 0.017173021437073173 6.643237580471935e-07 0.003949532725010617 3039 3039 3873
2.9690104113851685 0.0038787348516998023 0.016301122801219495 6.205975762719684e-07 0.0036895721504126722 2979 2979 3793
2.9940725604536795 0.004352222631951893 0.017920581979353655 6.963556211123029e-07 0.004139968321940933 3096 3096 3851
2.98491677682825 0.003962865223817015 0.016653054994932328 6.340584358107224e-07 0.003769599553634497 2917 2917 3915
2.97554646985218 0.003896045598239946 0.016391359505815176 6.233672957183914e-07 0.0037060386661141457 2921 2921 3843
2.947709249636609 0.004108640266559297 0.01689605606390174 6.573824426494876e-07 0.003908265267711714 3025 3025 3827
2.981973553737623 0.004144179972781158 0.017203172764320276 6.630687956449854e-07 0.003942071731758248 3055 3055 3846
2.995672219685215 0.004271776750803131 0.01768022979778104 6.834842801285011e-07 0.004063445720100335 3085 3085 3855
2.3050035641828965 0.004017333458035499 0.012991672633304164 6.427733532856799e-07 0.0038214114169709667 5632 5632 1848
2.992474723038973 0.004135454903302246 0.017236492596757292 6.616727845283594e-07 0.0039337721767253205 3018 3018 3885
2.844418710138311 0.00390826269747009 0.015705662140170277 6.253220315952146e-07 0.0037176599474859876 3348 3348 3552
2.502509607884163 0.004277035896671095 0.01478329052225195 6.843257434673753e-07 0.004068448381759689 4804 4804 2490
2.9876788019615743 0.003958276176499312 0.016654042533870466 6.333241882398899e-07 0.0037652343103715025 2959 2959 3902
2.9651018225933625 0.004240693608677474 0.01740401619984039 6.785109773883959e-07 0.004033878477192796 3100 3100 3784
2.994192707410984 0.004077049181789151 0.0170635427803036 6.523278690862641e-07 0.0038782148541037353 2929 2929 3920
2.9396093986978182 0.0038844077345325688 0.016157299397197095 6.215052375252111e-07 0.0036949683714261193 3085 3085 3753
2.9929403472901654 0.004233173656252377 0.017544008093833073 6.773077850003804e-07 0.0040267252666484074 2996 2996 3912
2.990617988724315 0.003937437180634862 0.016604835885859044 6.29989948901578e-07 0.0037454116151567616 2984 2984 3839
2.964516844677166 0.004007081995690458 0.016676983595075436 6.411331193104733e-07 0.003811659909993713 3018 3018 3850
2.9922023944620335 0.004314279394459138 0.017791740450832864 6.902847031134622e-07 0.004103875544862239 3099 3099 3846
2.9591667892056477 0.004116787764355267 0.01698693142914429 6.586860422968427e-07 0.003916015418756554 3049 3049 3790
2.9394240226446233 0.0041001145180540035 0.01682236124811305 6.560183228886406e-07 0.0039001553129328335 3099 3099 3780
2.9873903069760743 0.003697316938589807 0.01582766646712332 5.915707101743692e-07 0.00351700183937342 3036 3036 3760
2.0158106491776127 0.00374036793757307 0.010772338550414 5.984588700116912e-07 0.0035579532766253064 6897 6897 962
2.980042340246289 0.004205964874630026 0.017384008957407517 6.729543799408042e-07 0.004000843434876253 3126 3126 3846
2.9871200797767306 0.004170273543910562 0.01731419152112537 6.6724376702569e-07 0.003966892740933873 3055 3055 3838
2.98956359614112 0.004094857388940219 0.017092872280638105 6.551771822304351e-07 0.00389515456967222 3036 3036 3868
2.997824444574629 0.004104575206487661 0.017170571402254635 6.567320330380259e-07 0.0039043984572687445 2953 2953 3912
2.98005759332715 0.004012207726862978 0.016780443049679884 6.419532362980765e-07 0.0038165356634823396 2963 2963 3885
2.9723330241261126 0.0038112758354982316 0.0161074016665645 6.098041336797171e-07 0.0036254030548214956 2926 2926 3830
2.998427280298937 0.003948194067306798 0.016682148268183004 6.317110507690877e-07 0.003755643897333133 2969 2969 3833
2.996896398580937 0.004040034630764374 0.016962741853425063 6.464055409222999e-07 0.0038430054722195382 2863 2863 3905
2.965019810289074 0.00409539063590049 0.016954196703586312 6.552625017440784e-07 0.0038956618106178197 3082 3082 3846
2.992470579344219 0.003765460467113352 0.016071235941997497 6.024736747381363e-07 0.003581822064184905 2988 2988 3793
2.5589657768726792 0.003797382907953962 0.013829669579067687 6.07581265272634e-07 0.0036121876739009426 4613 4613 2702
2.345109740218513 0.004108640266559297 0.013441999292032871 6.573824426494876e-07 0.003908265267711714 5390 5390 1964
2.9822039529431636 0.003893518671696294 0.016420084434988113 6.229629874714071e-07 0.003703634975694959 2962 2962 3876
2.995672219685215 0.004098532803552955 0.0171393148394889 6.557652485684729e-07 0.0038986507373441164 3039 3039 3894
2.991591171874143 0.0034580274706733755 0.015083924999593242 5.532843953077401e-07 0.0032893823215492963 3148 3146 3544
2.98769782388907 0.004433524088565344 0.018133563522066742 7.093638541704551e-07 0.004217304773536102 3060 3060 3812
2.982016614700338 0.0038256347772722527 0.01620519500843081 6.121015643635605e-07 0.0036390617228419736 2976 2976 3836
2.9816612189297076 0.004264315214744109 0.0175744258406967 6.822904343590575e-07 0.0040563480770040026 3115 3115 3850
2.7496008456343057 0.004356127475276103 0.01646844932510707 6.969803960441765e-07 0.004143682729275174 3941 3941 3207
2.9873325436806764 0.003839102739399628 0.016276638155991414 6.142564383039406e-07 0.003651872863558695 2928 2928 3826
2.9908454622460714 0.0037787284878199536 0.01610459227584425 6.045965580511927e-07 0.0035944430144591224 3017 3017 3775
2.9967213350459967 0.0041886201290234435 0.017427158407178178 6.70179220643751e-07 0.003984344578214785 3045 3045 3936
2.9929403472901654 0.004076567058799555 0.017054895215175635 6.522507294079289e-07 0.003877756243854906 3000 3000 3894
2.726825079842803 0.0042224394008332075 0.015953638935351185 6.755903041333133e-07 0.004016514512017261 3992 3992 3119
2.964516844677166 0.004025125235255774 0.016733117606843477 6.440200376409239e-07 0.003828823195639351 3030 3030 3862
2.72583818665659 0.004026243406698193 0.015389101161160457 6.44198945071711e-07 0.003829886834782287 3879 3879 3255
2.972138740360118 0.0039892620158455076 0.016664237253478265 6.382819225352813e-07 0.0037947089958759225 3001 3001 3861
2.9972304787675625 0.003896912888438234 0.016513551785902716 6.235060621501175e-07 0.003706863659284413 2887 2887 3850
2.987006978548091 0.0040577508236743585 0.016962226012386315 6.492401317878974e-07 0.0038598576610056243 2956 2956 3879
2.987296626981943 0.004201888149730045 0.017413643255920784 6.723021039568073e-07 0.003996965528489001 3047 3047 3819
2.8021299702716735 0.004098532803552955 0.016031990237803963 6.557652485684729e-07 0.0038986507373441164 3636 3636 3391
2.9871200797767306 0.00409539063590049 0.01708056763534055 6.552625017440784e-07 0.0038956618106178197 2991 2991 3897
2.98956359614112 0.0038292900269790075 0.01625776823613145 6.126864043166412e-07 0.003642538709033731 2970 2970 3756
2.9888109094540853 0.0039349378038824835 0.016586936536550474 6.295900486211974e-07 0.0037430341309482385 2976 2976 3879
2.98969409649804 0.004040034630764374 0.016921976082863086 6.464055409222999e-07 0.0038430054722195382 2941 2941 3870
2.983251129090292 0.0038112758354982316 0.016166568085895137 6.098041336797171e-07 0.0036254030548214956 2983 2983 3738
2.720974105141804 0.003837977086511326 0.014822131496998514 6.140763338418122e-07 0.003650802107833825 3953 3953 3200
2.9871347208249874 0.0037070773186552884 0.01585732968407547 5.931323709848461e-07 0.003526286213749064 3052 3052 3764
2.3740704303551294 0.003958434278490706 0.013234036271462506 6.33349484558513e-07 0.0037653847018591074 5366 5366 2019
2.0686010097960956 0.003962865223817015 0.011540866615152892 6.340584358107224e-07 0.003769599553634497 6897 6897 1087
2.135320331377463 0.004306113584591283 0.012678605162697807 6.889781735346053e-07 0.004096107974810164 6607 6607 1243
2.982365468028868 0.0036731328694260606 0.01572425327244943 5.877012591081697e-07 0.003493997207326682 3027 3027 3761
2.9917947859777714 0.00423716498754712 0.017549714170971557 6.779463980075393e-07 0.004030521944006155 3022 3022 3881
2.993169526354607 0.004098532803552955 0.017124996033626865 6.557652485684729e-07 0.0038986507373441164 3060 3060 3906
2.7940496740253673 0.0040883893548603455 0.015956112077984884 6.541422967776554e-07 0.0038890019762825062 3540 3540 3406
2.9912992557254166 0.004176584936997317 0.01735810123895431 6.682535899195707e-07 0.003972896332582577 3041 3041 3852
2.9922445831468227 0.004186092077708096 0.017393240838479526 6.697747324332954e-07 0.00398193981787809 3005 3005 3825
2.989239273847881 0.003782071496598746 0.016106537448053963 6.051314394557995e-07 0.0035976229874555778 3014 3014 3814
2.997451336057437 0.003939333767110298 0.016648762260993946 6.302934027376477e-07 0.003747215706673238 2905 2905 3903
2.54855975972116 0.004208758251933349 0.014874378480243568 6.734013203093359e-07 0.004003500581471211 4646 4646 2593
2.9954354339989075 0.004127680729628565 0.01722922314014339 6.604289167405705e-07 0.003926377143093076 2988 2988 3887
2.9559473511596854 0.004203418674044102 0.017235613074228932 6.725469878470565e-07 0.003998421410393948 3090 3090 3823
2.949955683531714 0.004105506967944665 0.01689926859846327 6.568811148711464e-07 0.0039052847774875853 3110 3110 3806
2.730618796052812 0.003937437180634862 0.015161239966539461 6.29989948901578e-07 0.0037454116151567616 3921 3921 3237
2.964516844677166 0.003751758925068894 0.015878006270238304 6.00281428011023e-07 0.0035687887350511053 3012 3012 3786
2.1423655490343942 0.0038865423497710314 0.01178014593466427 6.218467759633651e-07 0.003696998883239069 6554 6554 1265
2.9590827461340488 0.0037201146893447133 0.015749435563956728 5.952183502951541e-07 0.0035386877626173065 3046 3046 3778
2.887391357464976 0.004188685458221347 0.016791556510287717 6.701896733154157e-07 0.00398440672136156 3266 3266 3700
2.2727247039160168 0.0038697104687357093 0.012456565900122988 6.191536749977136e-07 0.0036809878791664997 5817 5817 1697
2.989579671337994 0.004201888149730045 0.017426951649735657 6.723021039568073e-07 0.003996965528489001 3047 3047 3857
2.634148299529192 0.004161447458697061 0.015244017346478527 6.658315933915297e-07 0.003958497096620462 4361 4361 2969
2.9872397431375135 0.003944381269839095 0.016607916966365207 6.311010031742552e-07 0.0037520170468548554 2973 2973 3814
2.994590962590462 0.004158144739593733 0.017319608001643595 6.653031583349974e-07 0.003955355448405211 2994 2994 3917
2.316336820548662 0.0040643995154414385 0.013169843689629918 6.503039224706302e-07 0.0038661821015560645 5638 5638 1872
2.999356466174823 0.003909002903799133 0.016563502587743622 6.254404646078612e-07 0.0037183640545625503 2873 2873 3849
2.4005289265267944 0.004252655839241481 0.014120044940102182 6.80424934278637e-07 0.004045257319633246 5380 5380 2083
2.9985599164190475 0.004026453093072716 0.016929449435688897 6.442324948916347e-07 0.003830086294925179 2861 2861 3925
2.9899067478423706 0.004139823036833584 0.017235339177356025 6.623716858933735e-07 0.003937927279985202 2984 2984 3908
2.990626504901547 0.004120091038297281 0.017177847977959845 6.59214566127565e-07 0.0039191575947514655 3002 3002 3897
2.3714176943375276 0.004122898922063797 0.013628134609926712 6.596638275302076e-07 0.003921828540341363 5386 5386 2071
2.127947965871036 0.0038547178310269032 0.011629359239556393 6.167548529643045e-07 0.003666726420039589 6497 6497 1226
2.9880487157522837 0.0036343048139710213 0.015630514740344263 5.814887702353634e-07 0.0034570627641283256 3077 3077 3720
2.1562682805932214 0.003965387800335799 0.01203568903843053 6.344620480537279e-07 0.003771999106175943 6381 6381 1342
2.7335011170781898 0.004098532803552955 0.015639339962441132 6.557652485684729e-07 0.0038986507373441164 3918 3918 3185
2.9719199042285798 0.0034851760630556115 0.015071511528749313 5.576281700888979e-07 0.0033152068994609595 3227 3227 3569
2.9967016347034487 0.004171293283308503 0.01737291569651389 6.674069253293605e-07 0.003967862748481998 2980 2980 3916
2.982016614700338 0.0038732661668784167 0.01635531639748945 6.197225867005467e-07 0.0036843701688419224 2952 2952 3832
2.989239273847881 0.004051523202502783 0.01695539740267492 6.482437124004454e-07 0.003853933755784855 2939 2939 3866
2.930876300781052 0.004263484575844878 0.017272561279469027 6.821575321351806e-07 0.004055557947679152 3164 3164 3751
2.9856374596001896 0.0041108390875347674 0.01712032080822484 6.577342540055628e-07 0.003910356854000805 2977 2977 3853
2.999160886212984 0.0037904426573916487 0.01618660591380891 6.064708251826638e-07 0.0036055858936373665 2962 2962 3819
2.997280684635058 0.004090088485009666 0.017122041529185335 6.544141576015465e-07 0.0038906182412551194 2881 2881 3969
2.4678653967100197 0.004233173656252377 0.014466125438675034 6.773077850003804e-07 0.0040267252666484074 4987 4987 2445
2.9890105342217956 0.003937437180634862 0.01659591080137518 6.29989948901578e-07 0.0037454116151567616 2948 2948 3863
2.9015386119870805 0.004432418052243059 0.017607314958349565 7.091868883588896e-07 0.004216252677693495 3503 3503 3600
2.9915685843409827 0.004314279394459138 0.0177879717936091 6.902847031134622e-07 0.004103875544862239 3136 3136 3820
2.7576456826549736 0.0037201146893447133 0.014677306014486994 5.952183502951541e-07 0.0035386877626173065 3775 3775 3254
2.9923699091098603 0.003981218797392227 0.016752378895892987 6.369950075827563e-07 0.003787058038556191 2934 2934 3907
2.9987800177525843 0.004136230685966486 0.017275240229158467 6.617969097546378e-07 0.003934510125108542 2977 2977 3900
2.974459049016514 0.004201888149730045 0.017338810043530387 6.723021039568073e-07 0.003996965528489001 3101 3101 3853
2.777660181808774 0.003912508025882822 0.015349480561648874 6.260012841412517e-07 0.003721698234731661 3787 3787 3266
2.445911087996427 0.004015543932758969 0.01378127519595508 6.42487029241435e-07 0.0038197091653669802 5015 5015 2311
2.542100712972098 0.004015543932758969 0.01432324734665632 6.42487029241435e-07 0.0038197091653669802 4774 4774 2661
2.958598262781834 0.004081413146045222 0.016874208636881837 6.530261033672355e-07 0.0038823659914204666 3135 3135 3800
2.4905821587523898 0.004114534569319312 0.014291182382789556 6.583255310910899e-07 0.003913872110185084 4801 4801 2462
2.9723330241261126 0.0040822396660978285 0.01695511529335021 6.531583465756526e-07 0.0038831522027714485 3036 3036 3836
2.2108470768860524 0.004040034630764374 0.012513621845711824 6.464055409222999e-07 0.0038430054722195382 6163 6163 1517
2.992654819390526 0.00398996258623723 0.016781469803607348 6.383940137979569e-07 0.0037953754000271556 2926 2926 3903
2.993768879124609 0.003792429282233615 0.016163807022253916 6.067886851573784e-07 0.0036074756324234614 2965 2965 3748
2.110077494199749 0.003962865223817015 0.01177226676042074 6.340584358107224e-07 0.003769599553634497 6674 6674 1210
2.998605704870446 0.004073105841465826 0.017076312969540635 6.516969346345322e-07 0.003874463827237292 2936 2936 3882
2.9941351739698 0.004108640266559297 0.01716216610187403 6.573824426494876e-07 0.003908265267711714 2970 2970 3915
2.9235757131270006 0.003965387800335799 0.0163185854377192 6.344620480537279e-07 0.003771999106175943 3105 3105 3748
2.9984025835331574 0.003947981848857485 0.01668134117853593 6.316770958171976e-07 0.0037554420286026514 2985 2985 3825
2.036549955290912 0.004070591535360158 0.011592283675318558 6.512946456576253e-07 0.003872072141767732 7123 7123 953
2.2770369578633405 0.0039822769137705626 0.012750216078265866 6.3716430620329e-07 0.0037880645514710124 5765 5765 1736
2.9973419216344652 0.0040312294128257925 0.01693758891835286 6.449967060521268e-07 0.00383462967750125 2862 2862 3916
2.9956246844552203 0.0041369580061575715 0.017259338366665922 6.619132809852115e-07 0.003935201974493474 2956 2956 3891
2.9869313713180845 0.0038612048926393067 0.01634422501623301 6.177927828222891e-07 0.003672897113004757 2972 2972 3803
2.995415469848208 0.0038977859210995104 0.01650631000886668 6.236457473759217e-07 0.0037076941148624825 2853 2853 3875
2.997059053135235 0.003931724939599018 0.016622570606708423 6.290759903358429e-07 0.0037399779554073563 2892 2892 3901
2.8008808797824445 0.0038395387452287207 0.015262037750577396 6.143261992365954e-07 0.003652287605742924 3532 3532 3416
2.1436475335835414 0.0040960692246328504 0.01225905247797655 6.553710759412562e-07 0.003896307305137097 6493 6493 1331
2.996492937521318 0.0035388442477049943 0.015368741752217446 5.662150796327991e-07 0.0033662577309862933 3225 3225 3659
2.9922998930575626 0.004075997256364242 0.0170494607904593 6.521595610182788e-07 0.0038772142302146463 3014 3014 3899
2.9921200735198883 0.0037368184396161554 0.015978381591354448 5.978909503385849e-07 0.0035545768847577274 3026 3026 3744
2.994284971796013 0.003874441807898829 0.016426320643596993 6.199106892638128e-07 0.0036854884748189075 2904 2904 3843
2.9893468482395265 0.004072429080860339 0.017021467955707546 6.515886529376543e-07 0.0038738200716886477 2977 2977 3881
2.9901837902613826 0.0037351150139152034 0.015962630992219857 5.976184022264326e-07 0.0035529565337239933 3050 3050 3741
2.9775566502081103 0.003974292266698723 0.01664777032873019 6.358867626717958e-07 0.0037804693090547326 2999 2999 3834
2.086237535343268 0.004115912517402459 0.011974021497750457 6.585460027843934e-07 0.003915182856876125 6823 6823 1089
2.4905230051506146 0.003944381269839095 0.013846360797583862 6.311010031742552e-07 0.0037520170468548554 4820 4820 2428
2.98956359614112 0.0038847023255797935 0.01643279756830591 6.21552372092767e-07 0.0036952485955108164 2922 2922 3821
2.9998040362970135 0.0038287920741473854 0.016311877354221384 6.126067318635817e-07 0.00364206504095122 2958 2958 3764
2.9900078807997796 0.0038977859210995104 0.016476511357516845 6.236457473759217e-07 0.0037076941148624825 2898 2898 3841
2.480011723466376 0.0038112758354982316 0.013439458043032164 6.098041336797171e-07 0.0036254030548214956 4892 4892 2409
2.996896398580937 0.003859337841012272 0.016392841747520304 6.174940545619635e-07 0.003671121115946471 3001 3001 3805
2.993633714800091 0.003850783741642268 0.01634793644704781 6.16125398662763e-07 0.0036629841929511813 2979 2979 3830
2.9964218354694485 0.003897301851821856 0.01651032577315513 6.23568296291497e-07 0.003707233653244457 2876 2876 3875
2.996161022039017 0.003698880342412023 0.015879119359611164 5.918208547859237e-07 0.003518488997280016 2955 2955 3778
2.9820589781340465 0.003896045598239946 0.016427234887233088 6.233672957183914e-07 0.0037060386661141457 2951 2951 3895
2.1400578187779065 0.003887065993528104 0.011768638993122608 6.219305589644966e-07 0.0036974969893217736 6583 6583 1276
2.9944199902713398 0.0038680043618019 0.016406707123578907 6.188806978883041e-07 0.003679364977661425 2926 2926 3846
2.9946377670124584 0.003947981848857485 0.016660395962839657 6.316770958171976e-07 0.0037554420286026514 2943 2943 3852
2.9927976148650286 0.0039034750569159485 0.01650983990156649 6.245560091065518e-07 0.003713105796214985 2961 2961 3823
2.9918777649307384 0.003953403142459827 0.01666210950337442 6.325445027935724e-07 0.003760598930185044 2978 2978 3895
2.9982880149064552 0.0040312294128257925 0.016942935168243044 6.449967060521268e-07 0.00383462967750125 2877 2877 3943
2.981326839124559 0.003903623630998911 0.01644702815494105 6.245797809598258e-07 0.003713247124462398 3014 3014 3809
2.1777875640472524 0.003861217415976489 0.01191669027999528 6.177947865562383e-07 0.0036729090255891083 6242 6242 1391
2.9777251513395946 0.003817086924892356 0.016154939074732172 6.107339079827771e-07 0.0036309307421762338 2908 2908 3830
2.9782831495691435 0.003816818523633202 0.016157120290356985 6.106909637813124e-07 0.003630675430625232 2977 2977 3826
2.996337838407802 0.003890255383662079 0.016487590519497216 6.224408613859327e-07 0.0037005308355280856 2892 2892 3849
2.9929403472901654 0.0038228307282645565 0.016255678172467546 6.116529165223291e-07 0.0036363944249928693 2973 2973 3764
2.9951077743915455 0.003953621397239625 0.01668078561509507 6.325794235583401e-07 0.0037608065408591494 2972 2972 3849
2.964516844677166 0.003901238942063954 0.01634683809546519 6.241982307302327e-07 0.0037109787348409843 3010 3010 3788
2.9976853301550266 0.0038836868672595744 0.016474228052568467 6.213898987615319e-07 0.003694282660255782 2906 2906 3880
2.9831401649366707 0.003904638450499329 0.016460223780507422 6.247421520798927e-07 0.0037142124520523462 2881 2881 3929
2.985392648501081 0.003989750531059232 0.016740081701815263 6.383600849694772e-07 0.003795173686605381 2858 2858 3882
2.2336190758715144 0.003838976940177933 0.012169693653675488 6.142363104284693e-07 0.003651753199461339 5928 5928 1603
2.9775566502081103 0.003876519064195204 0.01634108067107614 6.202430502712327e-07 0.0036874644250380916 2914 2914 3892
2.980042340246289 0.0039025810116730284 0.016436665716133742 6.244129618676846e-07 0.003712255352821557 2939 2939 3836
2.990748940856892 0.00393036616263235 0.016583292899516485 6.28858586021176e-07 0.0037386854448732466 2926 2926 3854
2.997345846044724 0.003939077827560164 0.016647368663285398 6.302524524096262e-07 0.003746972249083981 2933 2933 3885
2.595744161353107 0.003857379591964301 0.01419319299148672 6.171807347142883e-07 0.0036692583690902903 4373 4373 2878
2.9936492790037033 0.0038966128948693876 0.01649287354964109 6.234580631791021e-07 0.0037065782961546202 2877 2877 3873
2.9963832351262445 0.003969139462846752 0.01673679810112663 6.350623140554804e-07 0.003775567803198915 2889 2889 3886
2.1558188144265196 0.004040034630764374 0.012202156220411741 6.464055409222999e-07 0.0038430054722195382 6364 6364 1379
2.9917777825062544 0.004012207726862978 0.01684643840745143 6.419532362980765e-07 0.0038165356634823396 2857 2857 3894
2.9917637658966783 0.003897301851821856 0.01648465974535821 6.23568296291497e-07 0.003707233653244457 2932 2932 3833
2.9178722851400365 0.003928580329073602 0.016173713394230037 6.285728526517764e-07 0.0037369867049450094 3120 3120 3696
2.9884168390943175 0.003901692815742464 0.016480056968627678 6.242708505187943e-07 0.0037114104734743427 2896 2896 3862
2.9885403411087053 0.003926530487301936 0.016558972228255066 6.282448779683098e-07 0.003735036832266763 2982 2982 3865
2.991444657541713 0.0038093175509715145 0.016204767602910147 6.094908081554424e-07 0.0036235402742168374 2965 2965 3860
2.9946377670124584 0.003963127535660891 0.016708115266816502 6.341004057057426e-07 0.0037698490727459833 2958 2958 3873
2.9890351187673203 0.00390935620318781 0.016507617721143047 6.254969925100495e-07 0.0037187001238312826 2918 2918 3867
2.9998688120813455 0.0039525688329109165 0.0167039790339492 6.324110132657467e-07 0.003759805309225072 2952 2952 3864
2.9919680316448334 0.0040312294128257925 0.016907221765750127 6.449967060521268e-07 0.00383462967750125 2899 2899 3878
2.8025903309448195 0.004023144037851622 0.01581330368376505 6.437030460562596e-07 0.003826938619599402 3675 3675 3361
2.997451336057437 0.00393300493368049 0.016628786945236066 6.292807893888785e-07 0.003741195525232637 2933 2933 3878
2.997994498540618 0.004026453093072716 0.016926257165515973 6.442324948916347e-07 0.003830086294925179 2873 2873 3942
2.997059053135235 0.0039525688329109165 0.016688333631611187 6.324110132657467e-07 0.003759805309225072 2971 2971 3871
2.989327324543816 0.004090088485009666 0.01707660775900929 6.544141576015465e-07 0.0038906182412551194 3077 3077 3866
2.995512764889061 0.0038118347685547832 0.01623478776426543 6.098935629687654e-07 0.003625934729173636 2979 2979 3832
2.9890105342217956 0.0038074481110346396 0.01618566544552887 6.091916977655424e-07 0.003621762005324614 2954 2954 3822
2.9898280031329465 0.003901238942063954 0.016486408025731637 6.241982307302327e-07 0.0037109787348409843 2910 2910 3866
2.9976853301550266 0.0038194182444724256 0.016270624655575574 6.111069191155881e-07 0.003633148365222203 2983 2983 3782
2.9973460935984635 0.003999426950414612 0.016837573466567387 6.39908312066338e-07 0.003804378194965543 2900 2900 3984
2.9960912811654463 0.003923820658048185 0.016592257654912245 6.278113052877096e-07 0.003732459159151873 2973 2973 3873
2.9854899214112214 0.003876831739810561 0.016385604580410097 6.202930783696899e-07 0.003687761851721441 2889 2889 3836
2.9966648762433 0.003836475770066762 0.016319161462024806 6.13836123210682e-07 0.0036493740093546537 2979 2979 3817
2.980042340246289 0.003971639794272926 0.016653357764014654 6.354623670836682e-07 0.0037779461955225794 2982 2982 3834
2.990748940856892 0.0037987348839811637 0.01616748084106006 6.077975814369862e-07 0.0036134737151717975 2987 2987 3772
2.3017757908537906 0.003880031628853122 0.012640873222019868 6.208050606164996e-07 0.0036908056848132214 5759 5759 1853
2.9964326369540455 0.003868891275433539 0.016420541109845654 6.190226040693662e-07 0.0036802086372463745 2961 2961 3880
2.995415469848208 0.0038380530782609174 0.016317353715710692 6.140884925217468e-07 0.0036508743935284326 2935 2935 3808
2.150552483601038 0.003978715234482205 0.012033918930222575 6.365944375171529e-07 0.0037846765723454816 6362 6362 1322
2.998444216544883 0.0040264953411151185 0.016928929094487753 6.44239254578419e-07 0.0038301264825653797 2857 2857 3924
2.9917777825062544 0.0037438328354807877 0.01599884086510741 5.990132536769261e-07 0.003561249194318349 3017 3017 3817
2.992386723151533 0.0037690765010839015 0.016082263467412924 6.030522401734242e-07 0.003585261747159583 2989 2989 3760
2.9911432459536282 0.0039124753054307435 0.01652909483564641 6.25996048868919e-07 0.0037216671100290563 2915 2915 3886
2.9859967542885073 0.003873343014972049 0.016377388345251587 6.197348823955278e-07 0.003684443269117377 2882 2882 3823
2.9905745056814173 0.003829273352522789 0.01626321298789675 6.126837364036463e-07 0.003642522847776997 3024 3024 3740
2.999596021192387 0.003947949817901573 0.016687879641797354 6.316719708642517e-07 0.0037554115597700547 2947 2947 3840
2.987014772189073 0.003947981848857485 0.01661798612162972 6.316770958171976e-07 0.0037554420286026514 2949 2949 3830
2.993534576272338 0.003784170138670913 0.016136340568519647 6.054672221873462e-07 0.0035996192804838988 2999 2999 3776
2.995319216764192 0.003978627542044269 0.016760732492882645 6.365804067270831e-07 0.003784593156595455 2928 2928 3943
2.9980883528512683 0.0040075300068082385 0.01686725127992636 6.412048010893182e-07 0.003812086071978596 2942 2942 3955
2.996224879874218 0.004015603485103098 0.01688215807909416 6.424965576164957e-07 0.003819765813392377 2868 2868 3929
2.9905736548900013 0.003718619897467664 0.015912290876287614 5.949791835948262e-07 0.003537265870507871 3005 3005 3740
2.99643819101038 0.0037311888705303534 0.015983520959266615 5.969902192848566e-07 0.003549221865115511 2930 2930 3810
2.9992337128528272 0.003931724939599018 0.01663463190882505 6.290759903358429e-07 0.0037399779554073563 2872 2872 3926
2.3182275740582305 0.0040023745428637535 0.01302980487935877 6.403799268582006e-07 0.003807182035760784 5673 5673 1881
2.9398393324066476 0.003953044713431641 0.01637119277846386 6.324871541490626e-07 0.0037602579814450922 3148 3148 3729
2.9916264037893523 0.003715332670700658 0.015907437233299987 5.944532273121053e-07 0.003534138959080471 2944 2944 3764
2.989315981722722 0.0036240898274734535 0.015604549019852032 5.798543723957526e-07 0.0034473459541015323 2991 2991 3698
2.9940258343505306 0.003873353722031363 0.016421459534412954 6.197365955250182e-07 0.0036844534540022354 2887 2887 3839
2.0664166101170824 0.003898981252299728 0.011389644239032827 6.238370003679565e-07 0.0037088311507454358 6695 6695 1121
2.9905736548900013 0.003718619897467664 0.015912290876287614 5.949791835948262e-07 0.003537265870507871 3005 3005 3740
2.995554776723515 0.003856911004278692 0.01637782260183483 6.171057606845908e-07 0.003668812634039828 2984 2984 3831
2.9978891096360387 0.003928068294025481 0.016615628326440052 6.28490927044077e-07 0.0037364996414240895 2901 2901 3891
2.993135887612511 0.0039025810116730284 0.016508884240746775 6.244129618676846e-07 0.003712255352821557 2937 2937 3839
2.9862783672107893 0.003813512721138358 0.01619004461976429 6.101620353821374e-07 0.003627530849392927 3015 3015 3727
2.995243450853234 0.0038276287103704526 0.01628339220880851 6.124205936592724e-07 0.0036409584134666703 2997 2997 3808
2.997824444574629 0.003907570938166634 0.016550516652351098 6.252113501066614e-07 0.0037170019247135086 2856 2856 3862
2.995415469848208 0.003828647501254984 0.016287555759712625 6.125836002007975e-07 0.003641927518759603 3003 3003 3813
2.240402092072928 0.0038995640959817936 0.012349991970982514 6.23930255357087e-07 0.003709385569621592 5955 5955 1597
2.9989475386666355 0.004033613644325931 0.01695416065855425 6.453781830921491e-07 0.0038368976319965663 2868 2868 3939
2.9917777825062544 0.003993890222449323 0.016788895789745732 6.390224355918917e-07 0.003799111488658926 2956 2956 3896
2.996039329378511 0.003897301851821856 0.016508218159301553 6.23568296291497e-07 0.003707233653244457 2884 2884 3866
2.997789105959014 0.003869345552701125 0.016429412702983145 6.1909528843218e-07 0.0036806407597861036 2981 2981 3839
2.9947752606745253 0.0038526203923856337 0.01635998313634245 6.164192627817014e-07 0.0036647312717518338 3013 3013 3816
2.9941351739698 0.003943236561073838 0.016642645132460224 6.309178497718141e-07 0.0037509281645924405 2926 2926 3873
2.994738128346425 0.0038883108148616693 0.01647264369868841 6.221297303778671e-07 0.003698681101745068 2921 2921 3839
2.40669781894006 0.003947981848857485 0.013389445317269712 6.316770958171976e-07 0.0037554420286026514 5206 5206 2203
2.9892134331910287 0.0038115233265286156 0.016199661682716814 6.098437322445785e-07 0.003625638475918347 3003 3003 3773
2.9892134331910287 0.003978627542044269 0.01672656671697587 6.365804067270831e-07 0.003784593156595455 2974 2974 3909
2.990779179233415 0.0038821723146133117 0.016431493726466122 6.211475703381299e-07 0.003692841971093558 2919 2919 3857
2.99860438565781 0.004015603485103098 0.016895565348040674 6.424965576164957e-07 0.003819765813392377 2891 2891 3907
2.9874902065662496 0.003939333767110298 0.01659343509862944 6.302934027376477e-07 0.003747215706673238 2964 2964 3828
2.998112059820929 0.003899845009727984 0.016527680430566873 6.239752015564775e-07 0.0037096527834359523 2882 2882 3850
2.993528235242896 0.003945330372146064 0.01664586916119187 6.312528595433704e-07 0.003752919862224705 2907 2907 3851
2.997280684635058 0.0038397042451566487 0.016332747445916486 6.143526792250638e-07 0.003652445034375796 2983 2983 3851
2.9942260930132205 0.003830199260345075 0.01628600357439476 6.128318816552121e-07 0.0036434035998380607 2981 2981 3753
2.9934504042175707 0.003715332670700658 0.015917136028673853 5.944532273121053e-07 0.003534138959080471 2990 2990 3768
2.999413260853015 0.003958946450447717 0.016721568155958676 6.334314320716348e-07 0.0037658718956119835 2944 2944 3889
2.9938942248758824 0.003759591657589198 0.016060239828033382 6.015346652142717e-07 0.0035762394716632984 2995 2995 3766
2.99461794501156 0.003904638450499329 0.016523555309731812 6.247421520798927e-07 0.0037142124520523462 2883 2883 3862
2.9898684834255587 0.0038546425728121342 0.01633956717050199 6.167428116499415e-07 0.003666654832105916 2927 2927 3851
2.9960257005714386 0.0038974923956261016 0.01650874517749208 6.235987833001763e-07 0.003707414904384444 2892 2892 3857
2.4302141882844475 0.0038362758396012827 0.013233884875657246 6.138041343362053e-07 0.0036491838293331636 5069 5069 2310
2.993135887612511 0.0038809451971886363 0.016440565042310284 6.209512315501819e-07 0.003691674699174112 2939 2939 3858
2.9961399778535087 0.003970796501832373 0.016740659597585146 6.353274402931797e-07 0.0037771440297591848 2895 2895 3902
2.9943249722099208 0.004010514054923515 0.016855458224422422 6.416822487877625e-07 0.003814924590527188 2901 2901 3904
2.9944530909582316 0.003907570938166634 0.016531903939965578 6.252113501066614e-07 0.0037170019247135086 2919 2919 3855
2.9853980105059774 0.003947231863830843 0.016606634945233217 6.315570982129349e-07 0.003754728619727509 2959 2959 3833
2.985882276019117 0.003853916840726314 0.016315492838555483 6.166266945162103e-07 0.0036659644933756644 2974 2974 3781
2.7206626033908887 0.003891904729763168 0.01497539946621741 6.22704756762107e-07 0.0037020997443794608 3956 3956 3197
2.994927741951142 0.004027665145167534 0.016912750429201748 6.444264232268055e-07 0.003831239236238486 2862 2862 3941
2.0593270762906 0.0039821844926568265 0.011530954585313271 6.371495188250923e-07 0.0037879766376588066 6822 6822 1057
2.9911432459536282 0.00390814941418939 0.016515454976752452 6.253039062703025e-07 0.003717552188937501 2911 2911 3889
2.994618459855452 0.00392334690535607 0.016582606552645575 6.277355048569713e-07 0.003732008510988015 2872 2872 3892
2.997829449960367 0.004084283014798292 0.01710696554556424 6.534852823677268e-07 0.0038850958990402223 2939 2939 3896
2.9922849461321546 0.0038883108148616693 0.016459149898959774 6.221297303778671e-07 0.003698681101745068 2922 2922 3891
2.9983757162279163 0.004108849328588866 0.017187127920906764 6.574158925742186e-07 0.00390846413395844 2987 2987 3878
2.991657011494718 0.0038937858777888024 0.016472976463949334 6.230057404462085e-07 0.0037038891503666073 2916 2916 3864
2.115773413093433 0.003677806062062942 0.011165756350820354 5.884489699300708e-07 0.0034984424922110033 6392 6392 1245
2.998018620559246 0.00395114075262453 0.016689171512816053 6.321825204199249e-07 0.0037584468752370165 2930 2930 3880
2.999646912277228 0.0038890902580789527 0.01650211152553031 6.222544412926325e-07 0.0036994225321591782 2972 2972 3861
2.996299095566642 0.0038939909770451323 0.016499185460338534 6.230385563272212e-07 0.0037040842471012785 2905 2905 3860
2.9982972127529415 0.0038818828298142257 0.01647188212333574 6.211012527702762e-07 0.0036925666042294867 2898 2898 3883
2.9992286585582395 0.004101243459489565 0.017168164955086378 6.561989535183306e-07 0.003901229196825225 2878 2878 3954
2.994070255053964 0.0038172097718700343 0.016244004839747833 6.107535634992056e-07 0.003631047598008079 3007 3007 3843
2.9929403472901654 0.003833269011835434 0.016288728206912077 6.133230418936695e-07 0.0036463236420787807 3008 3008 3747
2.986214196669726 0.003882788780400285 0.016408356361919584 6.212462048640457e-07 0.003693428372352284 2914 2914 3812
2.9988103014708076 0.003910563031746238 0.016565418395055896 6.256900850793981e-07 0.003719848096355765 2838 2838 3894
2.9959714038574 0.003937481703560053 0.016634700150095487 6.299970725696085e-07 0.0037454539667355923 2931 2931 3851
2.997522557120568 0.0038366079714545038 0.01632425126414789 6.138572754327206e-07 0.0036494997633896953 2968 2968 3823
2.0925898015998308 0.003823961582352996 0.011368071715058096 6.118338531764794e-07 0.0036374701282596332 6643 6643 1178
2.997212952702551 0.003915026795143443 0.016570696287392297 6.264042872229509e-07 0.003724094165691785 2839 2839 3915
2.9999987665094445 0.003928068294025481 0.016627320978577238 6.28490927044077e-07 0.0037364996414240895 2831 2831 3922
2.5308643033118274 0.004031632856208275 0.014302655496554087 6.45061256993324e-07 0.0038350134452825478 4771 4771 2605
2.986254517085662 0.003970796501832373 0.016685425484725586 6.353274402931797e-07 0.0037771440297591848 2915 2915 3909
2.9943249722099208 0.0038951446719406625 0.016491958925061258 6.23223147510506e-07 0.0037051816772478013 2851 2851 3886
2.997824444574629 0.003915909051756168 0.01657686446319409 6.265454482809869e-07 0.0037249333953767957 2862 2862 3889
2.6021196014599512 0.00407763940741435 0.014830773181310096 6.52422305186296e-07 0.0038787762949117456 4398 4398 2881
2.558061271205218 0.003969139462846752 0.014288477696902217 6.350623140554804e-07 0.003775567803198915 4683 4683 2688
2.769263379624049 0.003980596450752274 0.015501535803252546 6.36895432120364e-07 0.0037864660432488386 3769 3769 3296
2.8735202287861648 0.0038799594538527797 0.015780555680971173 6.207935126164448e-07 0.0036907370297281483 3278 3278 3575
2.22255576297689 0.003897301851821856 0.012246313006193535 6.23568296291497e-07 0.003707233653244457 5927 5927 1579
2.9972621949653178 0.003963987718584382 0.016725469478071988 6.342380349735011e-07 0.003770667305257386 2916 2916 3884
2.878146680834514 0.003948380441650664 0.016013515722056195 6.317408706641064e-07 0.003755821182353887 3195 3195 3669
2.9941351739698 0.003911051646232459 0.01654113515226465 6.257682633971934e-07 0.0037203128815162805 2953 2953 3860
2.0017757129868037 0.003997543408034479 0.011241003155539418 6.396069452855167e-07 0.0038025865113945935 7123 7123 853
2.9946377670124584 0.003965578541657043 0.016715834746231232 6.34492566665127e-07 0.003772180545200187 2921 2921 3894
2.9982731117588823 0.00391151637191625 0.01656546398503168 6.258426195066e-07 0.0037207549429115697 2894 2894 3865
2.997161165485651 0.0037409145104427824 0.016018340704186812 5.985463216708452e-07 0.00355847319358673 2954 2954 3789
2.989599395253644 0.0039032484339338643 0.0164914824430485 6.245197494294184e-07 0.0037128902254489208 2916 2916 3877
2.602199865141601 0.0040147759301741946 0.014659773455187942 6.423641488278712e-07 0.0038189786176351633 4352 4352 2855
2.996299095566642 0.003947855736052592 0.016669240922967545 6.316569177684149e-07 0.0037553220662152925 2954 2954 3873
2.9484598253076473 0.00398410697536721 0.01651550341189522 6.374571160587536e-07 0.0037898053624722 3156 3156 3795
2.9941716075685436 0.003931724939599018 0.01660655598472253 6.290759903358429e-07 0.0037399779554073563 2929 2929 3858
2.5084064603270173 0.003875251224976493 0.0137629876780716 6.200401959962389e-07 0.0036862584172929354 4778 4778 2516
2.9957293768567426 0.003924808231586128 0.01659337024199312 6.279693170537805e-07 0.0037333985695424754 2923 2923 3880
2.2430404744854853 0.003882788780400285 0.012324838412667153 6.212462048640457e-07 0.003693428372352284 5937 5937 1598
2.5885177208168293 0.003923523397634793 0.014334317660832643 6.27763743621567e-07 0.0037321763958837965 4513 4513 2727
2.997675529616474 0.00387463576150259 0.016445534704013002 6.199417218404145e-07 0.003685672969465299 2958 2958 3884
2.9831401649366707 0.0038650408568306283 0.016335567153844478 6.184065370929005e-07 0.00367654600038464 2945 2945 3752
2.8629865078951435 0.004066032285495773 0.016282789571360853 6.505651656793237e-07 0.003867735242760821 3384 3384 3604
2.9904688677186804 0.003938746804136303 0.016608131439726014 6.301994886618085e-07 0.0037466573693996238 2968 2968 3844
2.9985001761376187 0.003922615113299904 0.016601789617952 6.276184181279847e-07 0.0037313124078271766 2842 2842 3896
2.114498298880075 0.003898033715297586 0.011652547071500955 6.236853944476138e-07 0.0037079298243417867 6501 6501 1219
2.5546494932722297 0.004041177823015577 0.014462640612804703 6.465884516824924e-07 0.0038440929119270386 4615 4615 2726
2.9921477219525823 0.004007815291335137 0.016834725408875283 6.412504466136219e-07 0.0038123574434142924 2897 2897 3912
2.9934101308835666 0.0039035994932443367 0.016513611629353546 6.245759189190939e-07 0.003713224163886216 2948 2948 3843
2.329069119616722 0.0038777760580612644 0.01278521722954757 6.204441692898023e-07 0.0036886601163495054 5531 5531 1972
2.491893200889511 0.004067319623781795 0.01417561370113775 6.507711398050872e-07 0.00386895979861985 4839 4839 2432
2.998981212485356 0.003978686524396478 0.01678140963126764 6.365898439034365e-07 0.0037846492624269692 2932 2932 3868
2.467361682089132 0.003940332696975255 0.01370707694318112 6.304532315160409e-07 0.0037481659195521488 4889 4889 2443
2.999236187494063 0.0038786793722934256 0.016466899452385202 6.205886995669482e-07 0.0036895193766912104 2952 2952 3850
2.248854570968454 0.0038461787993980074 0.012269825823615759 6.153886079036813e-07 0.0036586038299440955 5768 5768 1605
2.998579644454802 0.003982378405267837 0.0167907975854307 6.37180544842854e-07 0.003788161093311629 2916 2916 3917
2.9941351739698 0.0038482797585391443 0.01634275094825615 6.157247613662631e-07 0.003660602327039841 2993 2993 3800
2.360933149330947 0.0038883108148616693 0.012986381078610358 6.221297303778671e-07 0.003698681101745068 5251 5251 2023
2.989464679152219 0.003876761513273674 0.01640719807167569 6.202818421237878e-07 0.0036876950500748674 2994 2994 3817
2.9890351187673203 0.003925049638108663 0.016557050851384477 6.280079420973861e-07 0.0037336282028679097 2936 2936 3860
2.247768174508386 0.0038741432315659813 0.012330302386385836 6.19862917050557e-07 0.0036852044598076816 5844 5844 1609
2.992103388430048 0.003858063301798989 0.01636259530521409 6.172901282878383e-07 0.003669908734959955 2909 2909 3829
2.484519665642681 0.0038461787993980074 0.013555622469467097 6.153886079036813e-07 0.0036586038299440955 4880 4880 2465
2.989464679152219 0.0038939909770451323 0.016461551599252503 6.230385563272212e-07 0.0037040842471012785 2881 2881 3842
2.9985599164190475 0.003870925678360237 0.016438640394976542 6.193481085376379e-07 0.003682143824019395 2939 2939 3824
2.6974501846258323 0.003931724939599018 0.014960851740680847 6.290759903358429e-07 0.0037399779554073563 3993 3993 3196
2.609598351861225 0.004022632091322415 0.014722966314657405 6.436211346115865e-07 0.0038264516402804014 4371 4371 2888
2.9983365277511402 0.003870504640840428 0.01643608271193048 6.192807425344685e-07 0.0036817433201523455 2957 2957 3820
2.998736311105054 0.003888276378951597 0.016494526860957624 6.221242206322556e-07 0.003698648345245943 2923 2923 3864
2.995415469848208 0.0038452611026223256 0.016340181281381573 6.152417764195721e-07 0.003657730888483661 2987 2987 3792
2.545828781919912 0.0039327809517035375 0.014122746182141042 6.29244952272566e-07 0.003740982466672061 4661 4661 2677
2.9993801494144297 0.003904638450499329 0.016549831966484685 6.247421520798927e-07 0.0037142124520523462 2852 2852 3864
2.9984939573020184 0.004007218279519843 0.016868551930142788 6.411549247231749e-07 0.003811789547373084 2896 2896 3987
2.993349062325673 0.003917266229646615 0.01655639853797335 6.267625967434584e-07 0.0037262243848203134 2915 2915 3874
2.9954855951720933 0.0039018794793327363 0.016519628280826457 6.243007166932379e-07 0.0037115880336351936 2856 2856 3863
2.8989059124838845 0.004083134689296596 0.01653897952780948 6.533015502874554e-07 0.0038840035764266235 3185 3185 3695
2.5215460736238198 0.003957296640134989 0.014053107826265003 6.331674624215983e-07 0.003764302545188188 4731 4731 2582
2.9943249722099208 0.0038497753379727138 0.016348520117998203 6.159640540756343e-07 0.003662024968297315 3005 3005 3802
2.8870860055851812 0.003907570938166634 0.01593914717010302 6.252113501066614e-07 0.0037170019247135086 3277 3277 3543
2.797290116763398 0.003940014790529257 0.015539011216983803 6.304023664846812e-07 0.0037478635171414565 3653 3653 3315
2.2591127766485046 0.004003852473176929 0.012701050666632794 6.406163957083087e-07 0.0038085878886309162 5887 5887 1620
2.6528130917898265 0.003860883360129386 0.014515058204989058 6.177413376207018e-07 0.0036725912613702902 4136 4136 3003
2.9995642832489757 0.003930144947443743 0.016631473888446158 6.28823191590999e-07 0.00373847501816703 2859 2859 3909
2.1762038941588173 0.00395110174562311 0.01211425839131742 6.321762792996977e-07 0.0037584097705749 6204 6204 1422
2.3516307751917185 0.00390814941418939 0.012984417326774328 6.253039062703025e-07 0.003717552188937501 5457 5457 2009
2.998700143680363 0.00392334690535607 0.016605208749836353 6.277355048569713e-07 0.003732008510988015 2847 2847 3909
2.8966300314347757 0.0038830967517130208 0.01591705957330378 6.212954802740833e-07 0.003693721324157973 3251 3251 3638
2.801399464228549 0.0038883108148616693 0.015409178784327876 6.221297303778671e-07 0.003698681101745068 3518 3518 3437
2.8555654232904435 0.003937479765099337 0.015855110316741836 6.299967624158939e-07 0.0037454521228120078 3345 3345 3628
2.9916217297502508 0.0039272383891167835 0.016578276500623945 6.283581422586854e-07 0.003735710210293659 2917 2917 3867
2.7305866944962 0.003945540930102742 0.015184356671959796 6.312865488164388e-07 0.0037531201514434086 3946 3946 3225
2.9997583060447592 0.003916050189619228 0.016588004196238 6.265680303390765e-07 0.00372506765006262 2804 2804 3914
2.9942068611023656 0.0039657596099685385 0.016713999626596303 6.345215375949662e-07 0.0037723527829593945 2927 2927 3909
2.1636902353989056 0.0038848964632797224 0.011893645246015147 6.215834341247556e-07 0.003695433265275157 6135 6135 1362
2.999455285633403 0.004026453093072716 0.016934504564905327 6.442324948916347e-07 0.003830086294925179 2925 2925 3923
2.6343245552860517 0.003939138969742062 0.014631304691579406 6.3026223515873e-07 0.0037470304094120712 4269 4269 2961
2.9935319173772115 0.003955818158980547 0.01667892811942092 6.329309054368876e-07 0.0037628961683408646 2964 2964 3878
2.3172927619780297 0.003924808231586128 0.012835504119847293 6.279693170537805e-07 0.0037333985695424754 5605 5605 1848
2.9958072525021024 0.003914169903634641 0.01656021903076376 6.262671845815427e-07 0.0037232790640754905 2929 2929 3857
2.6255314898012676 0.003895795249337152 0.014462542594958171 6.233272398939444e-07 0.0037058005265209666 4362 4362 2925
2.9940258343505306 0.003929439016740879 0.01659853909454204 6.287102426785407e-07 0.003737803515122612 2940 2940 3862
2.9977269234779462 0.0038985775535419678 0.016521550202950253 6.237724085667149e-07 0.0037084471400433026 2895 2895 3855
2.965733796116065 0.003934939747757053 0.01645887207154618 6.295903596411285e-07 0.003743035980021647 3009 3009 3769
2.9940662241099454 0.003968278008200866 0.016721143901822062 6.349244813121385e-07 0.0037747483609859695 2901 2901 3949
2.9980055495863476 0.003905112131748138 0.016543744595121406 6.248179410797021e-07 0.0037146630322571284 2839 2839 3885
2.9988754582453634 0.003971948104710428 0.016759574893523584 6.355116967536686e-07 0.0037782394699142 2948 2948 3865
2.997535216188288 0.003942686747014405 0.01665980908448419 6.308298795223049e-07 0.0037504051645114484 2959 2959 3853
2.9943249722099208 0.003932180135349109 0.0166088420560404 6.291488216558575e-07 0.003740410951635956 2942 2942 3853
2.2850915071427202 0.003862322373571634 0.012506516609896216 6.179715797714615e-07 0.0036739600953132087 5741 5741 1814
2.9997583060447592 0.003896709132371762 0.016526834430240618 6.23473461179482e-07 0.0037066698402333366 2899 2899 3866
2.9963832351262445 0.0038473487586240867 0.016352072832231043 6.155758013798539e-07 0.003659716731223172 2964 2964 3813
2.729533238250919 0.0040264953411151185 0.015410683445911516 6.44239254578419e-07 0.0038301264825653797 3852 3852 3225
2.9992100974677296 0.0038608057668125173 0.016410148569332872 6.177289226900028e-07 0.0036725174522155212 2980 2980 3816
2.9964218354694485 0.003860065363647925 0.016392548919062062 6.17610458183668e-07 0.0036718131579029155 2986 2986 3842
2.9911432459536282 0.003883200317193904 0.01643673914871588 6.213120507510247e-07 0.0036938198388357275 2931 2931 3853
2.9940058744438702 0.003997443907143386 0.016812574432488656 6.395910251429418e-07 0.003802491863079935 2916 2916 3895
2.624853748003994 0.004006035914052243 0.014763315354735665 6.40965746248359e-07 0.003810664844894658 4261 4261 2906
2.9919694969357518 0.003899358794290031 0.016492284146811673 6.23897407086405e-07 0.0037091902803240975 2947 2947 3814
2.6383999984155477 0.003918555406865679 0.014596737682781023 6.269688650985087e-07 0.003727450689929135 4264 4264 2939
2.9890351187673203 0.003853051331086643 0.016329986847492595 6.16488212973863e-07 0.0036651411939276385 2910 2910 3815
2.995319216764192 0.004023685356692377 0.016902456017177117 6.437896570707803e-07 0.0038274535387665285 2892 2892 3927
#acc_paschen_factor density_factor volt density pressure N_not_eqm N_less_eqm N_eqm
2.6070284421869556 0.003932887624215942 0.014462538424384042 6.292620198745509e-07 0.0037410839368539717 4409 4409 2865
#acc_paschen_factor density_factor volt density pressure N_not_eqm N_less_eqm N_eqm
1.7140352893280497 0.002552988200065517 0.006931368414673459 4.0847811201048277e-07 0.0024284810701009816 6798 6281 1783
1.1889884388061611 0.009341647177998184 0.012850158499200444 1.4946635484797095e-06 0.00888606274590249 9177 9177 0
1.270107806695509 0.004275193878720617 0.007500587538068982 6.840310205952988e-07 0.00406669619750619 9795 9795 8
1.326065539813154 0.007682233425220555 0.012285172851441838 1.229157348035289e-06 0.007307577233912154 10126 10126 2
#acc_paschen_factor density_factor volt density pressure N_not_eqm N_less_eqm N_eqm
1.5833095282240432 0.006630061200590344 0.01307665083964449 1.0608097920944552e-06 0.006306718581320289 9393 9393 38
1.1519413918085046 0.009304303766122186 0.012410330619362819 1.4886886025795499e-06 0.008850540541439689 8781 8781 0
1.7637514062926547 0.007126597180013941 0.015408843680321926 1.1402555488022306e-06 0.006779038910346217 8980 8980 113
1.8099673768561058 0.007506921139972643 0.016467921509647085 1.201107382395623e-06 0.007140814784297317 9101 9101 121
1.106597298641236 0.0006961041730041998 0.0019360742742194357 1.1137666768067199e-07 0.0006621557463193975 10027 27 6
1.8598036608542388 0.0034319156202385175 0.009325035341232317 5.491064992381628e-07 0.0032645439245348744 7319 7319 689
1.9925213463977303 5.630535452105269e-05 -0.0020822568611757165 9.008856723368432e-09 5.355938879631018e-05 10004 0 0
1.7677432580966315 0.002155475867635586 0.006340877001564126 3.4487613882169377e-07 0.002050355086434859 6997 3213 2311
1.903485073865573 0.0011978245828552052 0.004602665931532805 1.9165193325683285e-07 0.001139407665374568 10008 55 43
1.015525179339602 0.003707006075257267 0.005390880964084565 5.931209720411628e-07 0.0035262184448328353 9711 9711 16
1.5411370545815328 0.008111052933272179 0.014899326466841637 1.2977684693235488e-06 0.0077154835680529315 9902 9902 19
1.2098038981479595 0.00291381998651979 0.005381343500817705 4.6621119784316645e-07 0.002771715387781116 8979 8967 729
1.6483027872654072 0.008865795251920393 0.017092553347510763 1.418527240307263e-06 0.008433417725991568 9751 9751 25
1.9335191648573349 0.003082703800633888 0.008960543075809005 4.932326081014222e-07 0.002932362877500033 6967 6958 1019
1.6694490421307275 0.0004419236118221462 0.0023328833720190783 7.07077778915434e-08 0.0004203713615727621 10011 3 7
1.4908425729751145 0.001846818430917546 0.004803816430811174 2.954909489468074e-07 0.0017567506184641827 8831 1386 1264
1.4291671386796576 0.0016437937040580009 0.004254118712603916 2.6300699264928015e-07 0.0015636272401703957 9660 557 508
1.3769067362003649 0.00540540390403651 0.009715398815097531 8.648646246458417e-07 0.0051417868115746605 9866 9866 7
1.3631501591727493 0.009932530732011568 0.015467140347727821 1.5892049171218509e-06 0.009448129396080767 10361 10361 6
1.88665618903629 0.0068330985856107865 0.015951513791735213 1.093295773697726e-06 0.006499854000446901 8549 8549 237
1.5210897450961518 0.0052959487613724885 0.01056610556156935 8.473518018195982e-07 0.005037669705989152 9356 9356 47
1.0618668619392375 0.005925984656750337 0.008040703360739636 9.48157545080054e-07 0.0056369792701187315 9176 9176 0
#acc_paschen_factor density_factor volt density pressure N_not_eqm N_less_eqm N_eqm
1.4542872216465241 0.004486362746570591 0.008905913120604961 7.178180394512945e-07 0.004267566533747914 9521 9521 38
1.238711291323189 0.008378753184995685 0.01228537793294552 1.3406005095993097e-06 0.007970128299178252 10017 10017 0
1.610415685065227 0.004997852717255371 0.010703038289583073 7.996564347608594e-07 0.004754111560208522 9018 9018 91
1.0732577806932304 0.006157417872466204 0.008370734702007667 9.851868595945928e-07 0.005857125678685821 9000 9000 0
1.653881859042619 0.002552988200065517 0.006688114620944305 4.0847811201048277e-07 0.0024284810701009816 6924 6450 1756
1.849473270093101 0.0010492385920055749 0.004114957365367348 1.67878174720892e-07 0.0009980680908119963 10006 40 25
1.778032125487662 0.004348864448874969 0.01063596715944449 6.958183118199951e-07 0.004136773914684358 8174 8174 347
1.7659552475854332 0.003668650502813584 0.00930240679630965 5.869840804501735e-07 0.0034897334420388617 8076 8076 422
1.5847757484823997 0.00302943620054334 0.007251583877978466 4.847097920869344e-07 0.0028816930943548202 8001 7994 754
1.482802434037244 0.009304303766122186 0.01597483047354308 1.4886886025795499e-06 0.008850540541439689 10347 10347 7
1.3394855570175876 0.005701663579752946 0.009846166837884678 9.122661727604715e-07 0.005423598147127704 10205 10205 7
1.4965242111028418 0.007506921139972643 0.013616070411465434 1.201107382395623e-06 0.007140814784297317 10055 10055 10
1.8612040206399814 5.601910298440489e-05 -0.001902800951256334 8.963056477504784e-09 5.328709751113361e-05 10005 0 0
1.8598036608542388 0.0010571907288779835 0.00415734567191937 1.6915051662047738e-07 0.0010056324085244719 10020 46 16
1.4111237416746705 5.630535452105269e-05 -0.0014746753395551875 9.008856723368432e-09 5.355938879631018e-05 10004 0 0
1.6137778500622937 6.705286234193458e-05 -0.004809955514267125 1.0728457974709532e-08 6.378274952046243e-05 10016 0 0
1.9951282980918938 0.000856140943490907 0.003926285075332987 1.369825509585451e-07 0.0008143876554355814 10023 34 18
1.784330853974227 0.005298959023643191 0.012400069883649402 8.478334437829107e-07 0.005040533160250419 8506 8506 245
1.9227492133965214 0.001472327779976369 0.005316864298344236 2.3557244479621905e-07 0.0014005235678585027 9945 140 115
1.8222763590998983 0.0005183594839339714 0.0027386970004763403 8.293751742943543e-08 0.0004930795192115099 10019 5 7
1.5687101390551592 0.001440718304983183 0.0042760423267981995 2.3051492879730928e-07 0.001370455660903503 9989 186 110
1.7923170325892595 0.003250060876822866 0.00863383372599424 5.200097402916586e-07 0.003091558087043872 7422 7420 647
1.4380778201840072 0.003019901864368386 0.006565232082520835 4.831842982989418e-07 0.0028726237398955003 8407 8401 677
1.772255703207023 0.004154872705662345 0.010244021582207255 6.647796329059752e-07 0.00395224298887136 8132 8132 372
1.4748100369212183 0.0016437937040580009 0.004389981273568119 2.6300699264928015e-07 0.0015636272401703957 9688 539 491
1.833209666273052 0.0006603508105971542 0.003116803816700357 1.0565612969554467e-07 0.0006281460459237034 10024 20 16
1.3631501591727493 0.005502541166497442 0.009750454558115063 8.804065866395908e-07 0.005234186769820355 9962 9962 5
1.865601335402378 0.0023399672455590294 0.007090582140953897 3.743947592894447e-07 0.0022258489719422154 6560 4670 2308
1.5210897450961518 0.005750646492402723 0.01125484495482763 9.201034387844357e-07 0.005470192203506553 9557 9557 24
1.8552484696971412 0.005925984656750337 0.014048373802773857 9.48157545080054e-07 0.0056369792701187315 8256 8256 300
1.6709920834816758 0.0014740896421038775 0.004624358666552472 2.3585434273662041e-07 0.0014021995054224416 9977 201 123
1.9890810815919848 0.00014773014139178933 0.0024609467937141867 2.3636822622686297e-08 0.0001405254641772708 10015 0 1
1.9128134877523895 0.0022208734542694198 0.007006806089871003 3.553397526831072e-07 0.002112563286678981 6757 3556 2370
1.7711645884898028 0.00535798284038306 0.01241327870868568 8.572772544612897e-07 0.005096678434104094 8613 8613 230
1.2067034138144423 0.00011903485296188912 0.001781986839169341 1.904557647390226e-08 0.00011322962130917134 10008 0 0
1.4028623950712404 0.0027744924515623053 0.006022637033150953 4.439187922499689e-07 0.002639182741849027 8191 8132 1106
1.5171716195798064 0.004348864448874969 0.009075532038919846 6.958183118199951e-07 0.004136773914684358 9145 9145 70
1.8703441049973613 0.003055362371921562 0.00861161177875944 4.888579795074499e-07 0.0029063548677271335 7040 7028 934
1.702337779238872 0.005357235565208525 0.011929630229318672 8.57157690433364e-07 0.005095967602923805 8888 8888 161
1.9237431223255053 0.003527495456292308 0.009843294948401582 5.643992730067693e-07 0.0033554624107754415 7186 7186 788
1.9600639607460308 0.007126597180013941 0.017123909337117122 1.1402555488022306e-06 0.006779038910346217 8218 8218 316
1.9804887817602634 0.007506921139972643 0.01801940423115012 1.201107382395623e-06 0.007140814784297317 8246 8246 300
1.8690312692636804 0.00046200174515868917 0.0026632237674301504 7.392027922539027e-08 0.0004394703008978661 10018 9 8
1.8809806647854277 0.0034319156202385175 0.009431216608769475 5.491064992381628e-07 0.0032645439245348744 7376 7376 736
1.541343858958455 0.0009935605423214674 0.0033162895790143764 1.5896968677143478e-07 0.0009451054137128514 10004 37 15
#acc_paschen_factor density_factor volt density pressure N_not_eqm N_less_eqm N_eqm
1.609004637130689 0.008904430886354887 0.01674245334912099 1.424708941816782e-06 0.008470169132383928 9985 9985 18
1.911661481958721 0.0005437497126647064 0.0029405213323516694 8.699995402635302e-08 0.0005172314874174505 10012 10 3
1.5369783692207761 0.0018157676848848951 0.004895225255821444 2.905228295815832e-07 0.0017272141917189002 8954 1088 1107
1.9281070354550365 0.00405376806153203 0.010941037360427161 6.486028898451248e-07 0.0038560691348897918 7494 7494 677
1.7448518144451866 0.0009106053483427965 0.0035614979075842524 1.4569685573484747e-07 0.0008661958761605091 10008 24 13
1.8984922399616013 0.0006577580398237628 0.003220983992594431 1.0524128637180206e-07 0.0006256797224435831 10024 16 11
1.9652350275312311 0.0067574368176885665 0.016472675933920107 1.0811898908301707e-06 0.006427882194574564 8076 8076 367
1.470106543770423 0.0013767078385994022 0.003889300878452635 2.2027325417590436e-07 0.0013095669321983106 10056 188 88
1.6308537323529537 0.003649535637447298 0.008557511785860868 5.839257019915677e-07 0.003471550792899174 8429 8429 290
1.8896640226483146 0.004653723195637067 0.01189696089766716 7.445957113019308e-07 0.004426764951676798 7865 7865 535
1.9245370196402023 0.00019905483392694198 0.0022147374646246686 3.184877342831072e-08 0.00018934709376693074 10018 2 1
1.920052653312407 0.005502541166497442 0.013733913332535768 8.804065866395908e-07 0.005234186769820355 8050 8050 383
1.792055558930222 0.0045775941748171225 0.011142535803331969 7.324150679707397e-07 0.004354348680445378 8181 8181 317
1.7178998020368832 0.0052959487613724885 0.011933227944662393 8.473518018195982e-07 0.005037669705989152 8735 8735 150
1.8196895529341766 0.005281106544388581 0.01261321654495994 8.449770471021731e-07 0.005023551331692387 8257 8257 314
1.6139745656030287 0.0014853653669793525 0.004489195432826758 2.3765845871669643e-07 0.0014129253224908697 9930 178 166
1.8073601937722235 0.0017311416997613594 0.005571895488700925 2.7698267196181754e-07 0.0016467153461285134 9402 617 647
1.6147961450244166 0.0005794564714711988 0.002564117114520635 9.271303543539181e-08 0.0005511968570317728 10014 13 6
1.7597386610917085 0.002722171282376955 0.007451712289870506 4.3554740518031284e-07 0.002589413232953955 6859 6709 1440
1.1955714648367672 0.0023399672455590294 0.004544002791988389 3.743947592894447e-07 0.0022258489719422154 7969 6815 2284
1.5359296811380687 0.002077195696344864 0.005368652725543495 3.323513114151783e-07 0.0019758925745678242 7582 3181 2249
1.5090437677447819 0.00269142095786896 0.006338067550474552 4.306273532590336e-07 0.0025601625764232225 7558 7424 1381
1.9238707943592748 0.0049605808759188895 0.012713682826344835 7.936929401470224e-07 0.004718657435849025 7855 7855 499
1.8159721097865775 0.00302943620054334 0.00830948737497868 4.847097920869344e-07 0.0028816930943548202 7198 7180 940
1.8558025176524735 0.003527495456292308 0.009495660483587498 5.643992730067693e-07 0.0033554624107754415 7479 7479 616
1.0219255227727375 0.0014158327057356614 0.0027537911077270836 2.2653323291770586e-07 0.0013467837118168703 10084 293 122
1.8951405054284003 0.002648755858043779 0.007868765070140603 4.2380093728700465e-07 0.0025195782183455935 6551 6224 1611
1.8080238663135977 0.0029744845379825464 0.008163599154650005 4.759175260772075e-07 0.0028294213790777817 7043 7023 974
1.9183206772365407 0.0027345633764756737 0.008149871856061594 4.3753014023610785e-07 0.002601200974838887 6673 6501 1451
1.892347328612415 0.0009935605423214674 0.0040714936445094664 1.5896968677143478e-07 0.0009451054137128514 9986 20 16
1.7677432580966315 0.002018148104300209 0.0060560772338151434 3.2290369668803345e-07 0.0019197246849113768 7799 2203 1909
1.9757949307551443 0.0009607307716999166 0.004165012888139279 1.5371692347198667e-07 0.0009138767239413331 10010 30 19
1.6597886088347513 0.0035372463305231266 0.008510062725268629 5.659594128837003e-07 0.003364737742908144 8309 8309 379
1.9281070354550365 0.0033789138732837998 0.00955724562276992 5.40626219725408e-07 0.0032141270290872146 7141 7141 835
1.8419925354881899 0.00291381998651979 0.008193389502694269 4.6621119784316645e-07 0.002771715387781116 6961 6927 1135
1.9512381869278501 0.0028177461623155264 0.008471040060218352 4.5083938597048427e-07 0.0026803270047849564 6681 6574 1399
1.873920365562952 0.0039541432256882504 0.01043753610193116 6.326629161101202e-07 0.003761302920164504 7645 7645 602
1.7428446467541847 0.0008282825283921933 0.0033641570242167835 1.3252520454275095e-07 0.0007878878722761823 10024 29 21
#acc_paschen_factor density_factor volt density pressure N_not_eqm N_less_eqm N_eqm
1.772255703207023 0.002853877299083485 0.007765285254841886 4.566203678533576e-07 0.0027146960557973988 7074 7024 1145
1.7816274229722993 0.0023216324026104963 0.006733821391254947 3.7146118441767944e-07 0.002208408304169977 6673 4715 2342
1.7064682105895745 0.00540540390403651 0.0120407713865313 8.648646246458417e-07 0.0051417868115746605 8803 8803 165
1.8991717539373583 0.0026766266459123233 0.007945057420424591 4.2826026334597177e-07 0.002546089770865039 6580 6321 1525
1.9616764173992176 0.0025976521944928357 0.008031945761159917 4.156243511188537e-07 0.0024709668383387884 6307 5802 1792
1.956718132337377 0.0028232448936553016 0.008506817596028147 4.517191829848483e-07 0.002685557567530163 6690 6584 1365
1.9908789811106566 0.0022758330532340154 0.007419498519498197 3.641332885174425e-07 0.0021648425513079504 6617 3917 2333
1.9129483515863848 0.0024669576492512713 0.007548702219463232 3.9471322388020346e-07 0.0023466461583307686 6319 5279 2121
1.8542275271893303 0.003952268712091505 0.010324191839835845 6.323629939346408e-07 0.0037595198250506183 7756 7756 582
1.7809058968644937 0.0031472582318219345 0.00837921749698728 5.035613170915095e-07 0.002993769042294402 7572 7569 791
1.9048030021044013 0.002420401541321674 0.007415305022621838 3.872642466114679e-07 0.002302360553406428 6409 5075 2180
1.9368142371365624 0.0016026464830969618 0.005667627252715386 2.564234372955139e-07 0.0015244867352559657 9839 333 276
1.159519436687861 0.002077195696344864 0.004052957150670074 3.323513114151783e-07 0.0019758925745678242 7948 4174 2450
1.6854416500170297 0.002702394327501097 0.007099712104620657 4.3238309240017553e-07 0.0025706007838642844 7177 6998 1403
1.9315417454696961 0.0067614938318582745 0.016197811464211828 1.081839013097324e-06 0.006431741351507611 8205 8205 301
1.9169507884368562 0.002587886811898782 0.007827661626633226 4.1406188990380513e-07 0.0024616777054037656 6520 6008 1783
1.1921128852836511 0.0010325964156901483 0.0026262991701175346 1.6521542651042375e-07 0.0009822375397165158 10023 49 19
1.8560406545900752 0.004187504379095058 0.010791476289291595 6.700007006552094e-07 0.003983283242490639 7897 7897 538
1.9168429896445152 0.0013029120251089365 0.004892400594358531 2.0846592401742984e-07 0.0012393700796982873 10006 83 52
1.8383715537014258 0.002658640428910225 0.007653513139382988 4.25382468625636e-07 0.0025289807268392174 6617 6336 1538
1.311332115445285 0.0025494106885363085 0.005297564386430194 4.079057101658094e-07 0.0024250780308599355 8111 7758 1625
1.9354411891898349 0.0009935605423214674 0.004164212553351111 1.5896968677143478e-07 0.0009451054137128514 9994 25 17
1.9772300934339633 0.002426247015331835 0.0077104757672945235 3.8819952245309365e-07 0.0023079209484678223 6337 4995 2201
1.910007242445964 0.003201914079431965 0.009100627397743524 5.123062527091145e-07 0.0030457593692719727 7217 7215 927
1.9558551478350727 0.0019017278393522598 0.006430511772003608 3.042764542963616e-07 0.0018089821403140384 8549 1155 1263
1.9800296869071132 0.0022594635631284212 0.00734158035253638 3.615141701005474e-07 0.002149271387740637 6634 3801 2409
1.99773565727675 0.00291381998651979 0.008886152385601946 4.6621119784316645e-07 0.002771715387781116 6700 6651 1245
1.8502262386679962 0.0028177461623155264 0.008032510173912079 4.5083938597048427e-07 0.0026803270047849564 6902 6824 1277
1.639408597396089 0.00293064134785821 0.007322811651577965 4.6890261565731364e-07 0.0027877163851937293 7471 7456 1010
1.9405632001977469 0.0028862823648067508 0.008572589295595364 4.6180517836908016e-07 0.0027455207531784176 6816 6753 1290
1.5450818797617685 0.002592458748453634 0.006317160625773968 4.1479339975258143e-07 0.0024660266723817077 7329 7004 1695
1.2094656650167015 0.002464296654265977 0.004769013942139885 3.9428746468255633e-07 0.002344114937877319 8242 7695 1903
1.9521917203447126 0.002694480352157229 0.008206020366907445 4.311168563451567e-07 0.002563072766574061 6675 6418 1477
1.8991717539373583 0.002198003280689235 0.006906377310356934 3.516805249102776e-07 0.002090808472611302 6932 3503 2372
1.7157123775722298 0.0021520549071874524 0.006147394376085513 3.443287851499924e-07 0.0020471009634077165 7067 3334 2321
1.9303004743832353 0.002761865612356709 0.00825974307123809 4.418984979770734e-07 0.002627171703182568 6659 6502 1460
1.9908789811106566 0.003298769995672614 0.009695661833950365 5.278031993076182e-07 0.003137891702320619 6917 6915 958
1.9522965357690372 0.0024669576492512713 0.00770397443317727 3.9471322388020346e-07 0.0023466461583307686 6292 5218 2140
1.165833269103984 0.002053979507567607 0.004043218462014999 3.2863672121081716e-07 0.001953808620178997 7778 3643 2386
1.9190057159713991 0.002509020498408563 0.007664486102864798 4.014432797453701e-07 0.002386657637009117 6324 5493 1993
1.0744190318744877 0.0021318823955314347 0.0038243287468535084 3.411011832850296e-07 0.0020279122485159784 8032 5070 2507
1.9042249356680547 0.003922985618632274 0.010543861519387248 6.276776989811639e-07 0.003731664843919913 7547 7547 678
1.6391820244649025 0.0017104619500729525 0.005012324192526939 2.736739120116724e-07 0.001627044130785084 9486 625 634
1.6184156560351681 0.0008735184433327214 0.0032228433529574605 1.3976295093323545e-07 0.000830917668935231 10021 40 12
1.9973391481492828 0.0027274674519325998 0.008469699834047552 4.36394792309216e-07 0.002594451112686262 6429 6227 1517
1.7811613507172077 0.0022046029590065282 0.006490894608980478 3.5273647344104453e-07 0.0020970862900574977 6949 3741 2414
1.325077357576073 0.003527495456292308 0.006780077396353611 5.643992730067693e-07 0.0033554624107754415 9353 9353 126
1.9691259244883388 0.004187504379095058 0.01144898182709178 6.700007006552094e-07 0.003983283242490639 7291 7291 777
1.9443946799112464 0.0029111708995895914 0.00864317852838461 4.6578734393433466e-07 0.002769195494636731 6733 6685 1226
1.6806585694228158 0.001817420638359595 0.005356179088495103 2.907873021375352e-07 0.001728786532015249 9038 1045 1025
1.979436335738893 0.0014589246166863594 0.005440576284546993 2.3342793866981754e-07 0.001387774065793266 9932 113 98
1.844403223541662 0.0021560293196676707 0.006617046380598321 3.4496469114682735e-07 0.002050881547067577 7174 3248 2265
1.2903608853480684 0.002560836956295155 0.005229550478360395 4.0973391300722483e-07 0.0024359470489594124 8324 8016 1596
1.9529476598201922 0.0022525808775398118 0.00722560598630155 3.604129404063699e-07 0.0021427243650544506 6641 3779 2388
1.9691383300296874 0.00221511745092729 0.007199970562832592 3.544187921483664e-07 0.002107087998874892 6864 3548 2402
1.4134991462239999 0.0020394134230647034 0.004877912580208733 3.2630614769035257e-07 0.0019399529116097664 7687 2997 2240
1.2751748312157587 0.0023482888792534574 0.00485875386546061 3.757262206805532e-07 0.0022337647664212945 7787 6605 2255
1.9512381869278501 0.002129308230738094 0.006939441349398182 3.4068931691809506e-07 0.002025463623617599 7248 2817 2190
1.987148135908368 0.0020296975861592305 0.006834797604494294 3.247516137854769e-07 0.0019307109080609352 7735 1965 1862
1.993843437347457 0.0028862823648067508 0.00880795889891972 4.6180517836908016e-07 0.0027455207531784176 6623 6554 1330
1.772255703207023 0.004299545622753447 0.010510808989441792 6.879272996405516e-07 0.004089860327056868 8203 8203 348
1.5178711188949974 0.0023216324026104963 0.005736930672368828 3.7146118441767944e-07 0.002208408304169977 6965 5338 2347
1.4989374977711203 0.0031177311409281007 0.0070041122456580744 4.988369825484962e-07 0.0029656819632828406 8429 8428 564
#acc_paschen_factor density_factor volt density pressure N_not_eqm N_less_eqm N_eqm
1.833736775970143 0.002410794834736991 0.007118493737786587 3.857271735579186e-07 0.0022932223579826033 6641 5300 2176
1.966091457361021 0.002648755858043779 0.008163358727266003 4.2380093728700465e-07 0.0025195782183455935 6501 6147 1681
1.9303004743832353 0.00406039685516982 0.010966889445245922 6.496634968271713e-07 0.003862374647726305 7508 7508 682
1.8857938430707797 0.0029056185911702924 0.008371083241785914 4.648989745872468e-07 0.002763913967722003 6942 6904 1244
1.1764989159941823 0.0025765986814595804 0.004789085471510242 4.122557890335329e-07 0.0024509400877807275 8576 8346 1520
1.9676738519635164 0.004306087562493846 0.011683140031230171 6.889740099990154e-07 0.004096083221788968 7379 7379 790
1.8781026841615391 0.002704941563290807 0.007916641104731902 4.327906501265292e-07 0.0025730237930643414 6545 6325 1516
1.927955872455604 0.002420401541321674 0.0075054380156997095 3.872642466114679e-07 0.002302360553406428 6451 5101 2202
1.9251691978289358 0.0027410184975840525 0.0081928831074813 4.3856295961344844e-07 0.0026073412850120808 6634 6464 1453
1.5359296811380687 0.0024529013517368883 0.006036322820812157 3.9246421627790214e-07 0.0023332753748588706 7067 6197 2054
1.9678964079777965 0.002702394327501097 0.008289517437888345 4.3238309240017553e-07 0.0025706007838642844 6523 6280 1535
1.5012517771305398 0.0027274674519325998 0.006366045515809308 4.36394792309216e-07 0.002594451112686262 7781 7686 1293
1.8691035730870083 0.0026757794768831806 0.007817489179960304 4.2812471630130895e-07 0.0025452839175710844 6589 6333 1527
1.8958237631125927 0.0014591241921207585 0.0052112346580013135 2.3345987073932138e-07 0.0013879639080982488 9955 149 113
1.7548467770944787 0.004187504379095058 0.01020311022795853 6.700007006552094e-07 0.003983283242490639 8127 8127 360
1.7501368571941116 0.0022250153964523535 0.0064193194552951945 3.560024634323766e-07 0.0021165032297560575 6803 3950 2474
1.915791766891923 0.002482161193461907 0.00759310791932867 3.9714579095390517e-07 0.0023611082382232742 6441 5479 2080
1.9602110510250736 0.0026195367050940647 0.008074381634016203 4.191258728150504e-07 0.0024917840593984644 6449 6022 1717
1.8914029303956847 0.0021560293196676707 0.006785664194836579 3.4496469114682735e-07 0.002050881547067577 7106 3162 2340
1.9716325953259761 0.002426247015331835 0.007688647567500056 3.8819952245309365e-07 0.0023079209484678223 6350 5022 2205
1.927725743155798 0.0023248492768202325 0.0072931553612695516 3.719758842912372e-07 0.002211468294076331 6632 4488 2277
1.9691383300296874 0.0018091580802152224 0.006255999761766857 2.894652928344356e-07 0.0017209269320203478 9076 783 880
1.9657799651325354 0.0022594635631284212 0.0072887450450149225 3.615141701005474e-07 0.002149271387740637 6673 3845 2402
1.9430126301648376 0.00291381998651979 0.008642738220095807 4.6621119784316645e-07 0.002771715387781116 6716 6673 1241
1.7487482810610113 0.002645403839594852 0.007254331690411347 4.232646143351764e-07 0.002516389675073189 6978 6690 1571
1.5700813614380844 0.0034847927825696927 0.007961714300656635 5.575668452111509e-07 0.0033148423112483822 8608 8608 293
1.953159733695525 0.0028862823648067508 0.008628235464817608 4.6180517836908016e-07 0.0027455207531784176 6802 6738 1306
1.9351809257244335 0.002556536242086486 0.007833436961536181 4.090457987338378e-07 0.0024318560770374116 6434 5814 1888
1.9431160864527603 0.0015283975914221295 0.005508346177406417 2.4454361462754074e-07 0.0014538589008211331 9888 181 185
1.950634463511133 0.002703507858205573 0.00821924125319362 4.325612573128917e-07 0.0025716600085942403 6493 6264 1524
1.918863618712995 0.002342390128363482 0.007298363416321828 3.7478242053815716e-07 0.002228153692749595 6557 4590 2319
1.9628733423848923 0.0025075293168074714 0.007836365772716592 4.0120469068919544e-07 0.0023852391791054565 6257 5382 2023
1.9299663880460407 0.002761865612356709 0.008258313517992126 4.418984979770734e-07 0.002627171703182568 6646 6490 1469
1.945231733539654 0.0017593930911683126 0.006063404918212638 2.8150289458693003e-07 0.0016735889404655491 9294 603 722
1.9519038318048376 0.0025976521944928357 0.007991932598568903 4.156243511188537e-07 0.0024709668383387884 6358 5856 1829
1.9380862536239518 0.004306087562493846 0.011507462515241441 6.889740099990154e-07 0.004096083221788968 7507 7507 693
1.9446356508295082 0.002439577602634215 0.007612990625902164 3.9033241642147444e-07 0.002320601414016519 6360 5120 2195
1.6474116111628545 0.002586804392296751 0.006725011297934956 4.1388870276748015e-07 0.0024606480745134342 7019 6639 1723
1.9492850172879783 0.0025075293168074714 0.007782117195694998 4.0120469068919544e-07 0.0023852391791054565 6359 5501 1997
1.9836688788470636 0.0024812542199888787 0.007860085342112405 3.970006751982206e-07 0.0023602454970988633 6411 5387 2067
1.9141173679523678 0.0022550898573732736 0.007087499926513799 3.608143771797238e-07 0.0021451109840097088 6620 3828 2397
1.9830965305746537 0.0028044665444471512 0.008579992612996941 4.4871464711154425e-07 0.0026676950229329852 6543 6430 1384
1.8891209409833163 0.002419272600804514 0.007351816318379892 3.8708361612872226e-07 0.0023012866703876486 6438 5106 2190
1.9622122312422294 0.0027266538489842396 0.0083189555535274 4.362646158374784e-07 0.0025936771884830004 6483 6293 1491
1.9790814862101784 0.0026223973317134348 0.008158498603330813 4.195835730741496e-07 0.0024945051756157617 6360 5911 1731
1.9822192083907697 0.002744122253470038 0.008442556264011752 4.3905956055520607e-07 0.002610293673282084 6516 6344 1492
1.9869883259170704 0.0024485465795624772 0.007799143369035498 3.917674527299964e-07 0.0023291329813335546 6342 5117 2131
#acc_paschen_factor density_factor volt density pressure N_not_eqm N_less_eqm N_eqm
1.3038827759105316 0.00265426500516302 0.005421906658208077 4.246824008260832e-07 0.002524818688901288 8386 8232 1336
1.946141780443131 0.0024104319306824363 0.007554037233045442 3.8566910890918984e-07 0.00229287715245963 6428 4998 2180
1.958591209335319 0.0022340920587832556 0.007204528335661357 3.5745472940532095e-07 0.0021251372307474173 6652 3575 2405
1.9543473900931168 0.0026014873224149736 0.008010405270536036 4.162379715863958e-07 0.0024746149302336466 6296 5806 1777
1.9691383300296874 0.0025093162438200645 0.00786537709980573 4.0149059901121035e-07 0.002386938959160697 6190 5311 1988
1.9469729383080026 0.0023474678670334314 0.007416644886622833 3.755948587253491e-07 0.002232983794290439 6620 4663 2284
1.0830981751262891 0.002686867433458768 0.004543532809689181 4.298987893534029e-07 0.0025558311236448237 9200 9129 1227
1.968803627058207 0.002428733710077632 0.007683212006275887 3.885973936124211e-07 0.0023102863691607705 6301 4988 2157
1.1484689727380968 0.0025703084426923007 0.004666810462905188 4.112493508307681e-07 0.0024449566187727777 8705 8462 1534
1.9715686775678907 0.002401428530146864 0.007632410920448612 3.8422856482349827e-07 0.0022843128403462346 6486 4963 2202
1.9592059392158188 0.002556536242086486 0.00793068803826141 4.090457987338378e-07 0.0024318560770374116 6365 5721 1858
1.7816274229722993 0.0027619946813451646 0.007623829169306032 4.419191490152264e-07 0.002627294477582855 6948 6825 1327
1.9515794839538612 0.002506144369402487 0.007788204774885556 4.00983099104398e-07 0.002383921774443734 6317 5441 1983
1.9562072394966137 0.0012858393952456283 0.004950425412062724 2.0573430323930054e-07 0.0012231300679196116 10005 69 40
1.9726890237428623 0.002494162223383677 0.007845563918818011 3.9906595574138833e-07 0.0023725239878087936 6174 5224 2034
1.9812283323405486 0.002647962468420536 0.008224437966885031 4.236739949472858e-07 0.0025188235216802466 6458 6092 1685
1.9808497176445576 0.002585428150553752 0.00808307914340399 4.136685040886004e-07 0.0024593389509457385 6290 5729 1820
1.0171764040563533 0.002670312624686786 0.004248068073319419 4.272500199498858e-07 0.0025400836792497158 9170 9091 1177
1.1090811062197345 0.0028030875744092204 0.004796803960013563 4.484940119054753e-07 0.0026663833041270517 9402 9376 869
1.9190057159713991 0.002356131234723376 0.007329216335702995 3.769809975557402e-07 0.0022412246566797813 6424 4592 2266
1.9713479688438191 0.0024781926336954517 0.007804391039682384 3.965108213912723e-07 0.0023573332218451517 6353 5323 2081
1.9784333660240332 0.0026407694633626445 0.008196805146701399 4.2252311413802314e-07 0.0025119813135494836 6312 5941 1737
1.960415752277212 0.0024812542199888787 0.007767947202900278 3.970006751982206e-07 0.0023602454970988633 6348 5331 2078
1.9678964079777965 0.0028353165737754287 0.008581867282832955 4.5365065180406865e-07 0.002697040521762106 6562 6457 1383
1.9546958904903184 0.002447314338744354 0.007669642711922424 3.915702941990967e-07 0.0023279608358843353 6351 5156 2135
1.9733608712361095 0.0013777493323475867 0.005223292001493758 2.2043989317561387e-07 0.00131055763315495 10032 138 48
1.987190495259384 0.002598279468036459 0.008137819753631802 4.157247148858335e-07 0.0024715635202687816 6295 5771 1786
1.9563216314856162 0.002317658373704607 0.0073851373683644006 3.7082533979273716e-07 0.002204628085377842 6557 4316 2294
1.9756714143124483 0.001416657945980644 0.005325900025433348 2.2666527135690308e-07 0.0013475687057753905 9949 94 83
1.9732285230360085 0.002331423461765967 0.007480241154664939 3.7302775388255476e-07 0.002217721861441683 6507 4365 2309
1.9602110510250736 0.0024971818208352425 0.007802671857719141 3.995490913336388e-07 0.002375396321981848 6276 5358 2026
1.423709134466125 0.0027365961756857845 0.00605178520808672 4.378553881097256e-07 0.0026031346361072563 8066 7977 1219
1.3049028040053399 0.0024997884958854835 0.005198069090914108 3.999661593416774e-07 0.0023778758716386976 7948 7479 1772
1.9786122123753556 0.002596465392085098 0.008098634829232045 4.154344627336157e-07 0.0024698379153061368 6347 5816 1805
1.9718176089543928 0.0024344151383180737 0.007707776113829862 3.8950642213089183e-07 0.0023156907188294044 6325 5032 2161
1.9719393393977 0.002424943413589529 0.007686904895538506 3.879909461743247e-07 0.0023066809223078666 6311 4961 2198
1.9672977140959533 0.002543273884912858 0.007933868819727779 4.0692382158605726e-07 0.002419240514090334 6332 5642 1895
1.9941433199504375 0.0026925990697430385 0.008378150908488584 4.308158511588862e-07 0.002561283232752378 6428 6153 1581
1.964764127855565 0.00148048135568897 0.005452972700759706 2.3687701691023523e-07 0.0014082795004049904 9919 139 131
1.9612153381964657 0.0025560765881717184 0.007937800520143196 4.08972254107475e-07 0.0024314188400651523 6365 5722 1888
1.9407649745006887 0.0025029980482096643 0.007738104376928907 4.0047968771354635e-07 0.0023809288967418193 6340 5480 2007
1.917915183990396 0.002358166382254808 0.007329535631068553 3.7730662116076935e-07 0.002243160551743777 6461 4623 2265
1.9920997285934385 0.002403212391701488 0.0077159609060723725 3.8451398267223816e-07 0.002286009704443364 6402 4868 2228
1.9725672932995553 0.0025036339481122206 0.00786633102362955 4.005814316979553e-07 0.002381533784330331 6232 5337 2014
1.9794051838986646 0.002494985815129229 0.007874129507337523 3.991977304206767e-07 0.0023733074136638417 6277 5332 2025
1.9945615411828108 0.002547176165164743 0.008052645609663704 4.075481864263589e-07 0.0024229524833511745 6202 5497 1911
1.9833039461710276 0.0024580241045768316 0.007806129418323209 3.9328385673229307e-07 0.0023381482952657445 6283 5135 2090
1.9641004853280029 0.002457291323416561 0.007728904370874693 3.9316661174664976e-07 0.0023374512512385932 6312 5175 2132
1.987807537829245 0.002516676521467872 0.007956573403072383 4.026682434348596e-07 0.002393940282135057 6164 5312 1968
1.9894535387102543 0.002509020498408563 0.007945853872572413 4.014432797453701e-07 0.002386657637009117 6205 5329 1957
1.9713479688438191 0.002631494972619542 0.008146843580241814 4.210391956191268e-07 0.002503159132074507 6428 6043 1788
1.9427022387002184 0.002424104658568068 0.007571071437167773 3.8785674537089093e-07 0.0023058830726773757 6362 5048 2150
1.9908540786271511 0.002512994011200035 0.007960437979094475 4.0207904179200564e-07 0.002390437364857309 6226 5354 1937
1.9842481372886205 0.0025995366806884257 0.008128588820944027 4.1592586891014816e-07 0.002472759419696093 6337 5819 1804
1.9546958904903184 0.0025219858140982433 0.007835825611253497 4.0351773025571896e-07 0.0023989906449405534 6276 5457 1968
1.2191800413334064 0.002514237490060429 0.004876618892308806 4.022779984096687e-07 0.0023916202002787425 8361 7980 1718
1.9914095697472471 0.002549886623460402 0.00804603889798313 4.079818597536644e-07 0.002425530754830117 6240 5549 1936
1.9490755630431278 0.0024922025187760046 0.007747304801093998 3.9875240300416076e-07 0.0023706598563793574 6370 5448 2054
1.978389257784081 0.002520461115961284 0.007927379893507842 4.0327377855380547e-07 0.0023975403050748505 6297 5447 2017
1.9946260066841293 0.0026850382773328076 0.008363239294401732 4.2960612437324927e-07 0.0025540911739552643 6459 6170 1599
1.9504799335953602 0.003155731905834311 0.009195137151787762 5.049171049334898e-07 0.0030018294622104593 6952 6946 961
1.9696193556917656 0.0024625367790768187 0.007762404705513453 3.9400588465229104e-07 0.0023424408903503853 6362 5270 2153
1.9772300934339633 0.0025463088342517503 0.007980729079809025 4.074094134802801e-07 0.002422127451451825 6248 5557 1961
1.984227932305508 0.0025258845302050755 0.00796299529218066 4.041415248328121e-07 0.0024026992238767564 6392 5564 1953
1.0853595424690061 0.0025407179710431015 0.0043739749657043595 4.0651487536689625e-07 0.002416809250033041 8667 8384 1595
1.9635824063567349 0.002507789439628849 0.00783977718164931 4.0124631034061585e-07 0.0023854866159512675 6219 5344 2034
1.982110624235065 0.0026180158445959978 0.008161187653308836 4.1888253513535966e-07 0.0024903373700131686 6193 5744 1747
1.673173212297134 0.002663240737070895 0.006974420142096204 4.2611851793134325e-07 0.0025333566817631495 7032 6791 1521
1.978326804217039 0.002611658670708747 0.008131413893164234 4.1786538731339956e-07 0.0024842902302558713 6167 5702 1771
1.2058982186159242 0.0025351243244477856 0.004852091159313911 4.056198919116457e-07 0.002411488400971063 8449 8084 1590
1.9610876213232784 0.002403729492463601 0.007597003486810938 3.845967187941762e-07 0.0022865015866275805 6430 4961 2228
1.9726961680774737 0.0025665598094551105 0.008007690852353757 4.1064956951281774e-07 0.002441390803288384 6376 5766 1865
1.9600828069019811 0.002506144369402487 0.007822139144933744 4.00983099104398e-07 0.002383921774443734 6222 5348 2043
1.9925465303022114 0.0023520265236306043 0.007600690588324201 3.7632424378089673e-07 0.0022373201289632907 6426 4453 2274
1.9691383300296874 0.0025219098922178293 0.007893551507502527 4.0350558275485274e-07 0.002398918425707661 6276 5435 1978
#acc_paschen_factor density_factor volt density pressure N_not_eqm N_less_eqm N_eqm
4.65743687932602 0.014112264972381713 0.07003634474191159 2.2579623955810742e-06 0.013424021443106803 1560 1560 4482
3.588984379455089 0.015912072435324782 0.05948565135336297 2.5459315896519653e-06 0.01513605377975119 3786 3786 3310
4.400981512772134 0.009200034720177929 0.046992372023249344 1.4720055552284687e-06 0.008751356610912074 1373 1373 4576
4.002943949212694 6.309178160432763e-05 -0.0075534683073338466 1.0094685056692422e-08 6.0014847425116575e-05 10020 0 0
3.762749751248632 0.01522342455914533 0.06016473270987653 2.435747929463253e-06 0.014480990692806985 3354 3354 3627
3.616872135430661 0.0008231590214302104 0.006956416904084898 1.317054434288337e-07 0.0007830142345251785 10009 15 20
3.358455278532855 0.003264128985739357 0.016229497195639257 5.222606377182972e-07 0.0031049401058855343 2831 2808 3648
3.4291696050958196 0.002164957543361835 0.012338314490387381 3.4639320693789365e-07 0.002059374348652147 7749 1392 1637
3.0950264084622843 0.01665536638557105 0.05324000321823459 2.664858621691368e-06 0.015843097896777396 5773 5773 1806
3.931650102811167 0.0052739698357262945 0.027224168115571164 8.438351737162072e-07 0.005016762674428424 1451 1451 4799
4.5128586761042575 0.0034565201783173325 0.022746999108471697 5.530432285307732e-07 0.003287948538598923 1389 1346 4366
3.4952757125202174 0.0056805331155563256 0.025619562825176 9.088852984890122e-07 0.00540349819825108 2122 2122 4471
4.280046849104295 0.011756826962560798 0.055561126880090544 1.881092314009728e-06 0.011183456203322449 1832 1832 4503
4.087454684042592 0.016784705083562772 0.07075600787818455 2.6855528133700437e-06 0.015966128853088256 2805 2805 4071
3.287203394033193 0.010170195191962262 0.03800667776083289 1.627231230713962e-06 0.00967420315623807 3958 3958 3240
4.8112756465079105 0.012085640978116619 0.06385466053998044 1.933702556498659e-06 0.011496234230397038 1272 1272 4256
4.7944349725571325 0.006000538163856217 0.03665612041378662 9.60086106216995e-07 0.005707896864141151 1044 1044 4039
4.381310323931105 0.006797713408766908 0.03689434576143227 1.0876341454027054e-06 0.006466194529507973 1249 1249 4554
4.588194352767833 0.01945131240089596 0.08959477591296269 3.112209984143354e-06 0.018502687929769543 1945 1945 4405
3.0387023718082764 0.00789987968722197 0.028775101184524473 1.2639807499555155e-06 0.007514609067132188 4284 4284 2969
4.173975935686746 0.009665927257493366 0.04634806526858396 1.5465483611989387e-06 0.009194527953240574 1792 1792 4542
4.226145360669559 0.0013584780307533493 0.011083607048907276 2.173564849205359e-07 0.0012922261770531899 9972 18 45
3.9605804054215854 0.017638817435849854 0.07139200188070714 2.8222107897359767e-06 0.016778586850040755 3132 3132 3776
4.998673725458581 0.013888496947091513 0.07420285076131439 2.2221595115346424e-06 0.013211166399947115 1161 1161 3972
4.881814462016218 0.019166384073466245 0.09418261493741367 3.0666214517545996e-06 0.018231655321988262 1564 1564 4323
3.170633900471209 0.008153532229883173 0.030779003602280024 1.3045651567813078e-06 0.007755891184385963 3871 3871 3227
4.711867307224434 0.004078181711991802 0.02685794892799938 6.525090739186883e-07 0.003879292151742003 1095 1095 4350
3.6703967294027544 0.011274944173136306 0.046076564597785814 1.803991067701809e-06 0.010725074440298708 3096 3096 3857
3.8593522622780525 0.01294702201079961 0.05413624273616708 2.0715235217279377e-06 0.012315606420194466 2776 2776 4003
3.260693863808274 0.018580168887332316 0.061327502174685126 2.9728270219731708e-06 0.017674029367236322 5355 5355 2147
4.675766950714436 0.00771888386165673 0.043479904427421626 1.2350214178650768e-06 0.007342440258776079 1021 1021 4186
4.714542964774737 0.015912072435324782 0.07814123145769172 2.5459315896519653e-06 0.01513605377975119 1472 1472 4404
3.785929609796661 0.004303862820695405 0.022470366900258852 6.886180513112649e-07 0.004093966978814075 1467 1467 4827
3.799190547393082 0.002773573339434594 0.016306426564752802 4.4377173430953506e-07 0.0026383084540621145 4246 3226 2905
4.8123708766856295 0.01522342455914533 0.07694771819478712 2.435747929463253e-06 0.014480990692806985 1434 1434 4330
4.448066229501162 0.0023397428997369903 0.016904596288284474 3.743588639579185e-07 0.0022256355672809784 7397 1370 1732
3.358455278532855 0.00688126415133487 0.02855102500212719 1.1010022642135792e-06 0.006545670571235846 2925 2925 3948
3.4291696050958196 0.014801194750685184 0.05359460240884409 2.3681911601096295e-06 0.014079352684040822 4270 4270 2907
4.583153860093202 0.009796230258817085 0.051435513838010094 1.5673968414107338e-06 0.009318476184604851 1235 1235 4485
4.999389922067708 0.0018879381477517783 0.01635490334591442 3.0207010364028455e-07 0.001795864960605397 9760 212 257
3.9866533890060962 0.012577398340790212 0.054633410336577745 2.012383734526434e-06 0.011964008991872612 2507 2507 4226
4.510405332505139 0.0034077217241249283 0.022497466910981537 5.452354758599886e-07 0.0032415299447905365 1484 1421 4265
4.280046849104295 0.012043588297081374 0.05664555442622034 1.9269741275330202e-06 0.01145623242394981 1777 1777 4509
4.087454684042592 0.006699623363533369 0.03403324199971503 1.0719397381653391e-06 0.006372888254920065 1506 1506 4642
3.863944048211202 0.007479952556726462 0.03505712568794831 1.196792409076234e-06 0.007115161436624535 1983 1983 4517
3.877231038384934 0.005319288102409849 0.027023510900734942 8.510860963855759e-07 0.005059870806603878 1542 1542 4628
4.6343540458265595 0.0075838283952327275 0.042503153537045174 1.2134125432372365e-06 0.007213971336116769 1153 1153 4281
4.745650657427901 0.01026796764479541 0.05528871834447866 1.6428748231672655e-06 0.009767207327145144 1166 1166 4236
4.676369011586376 0.009443760291454738 0.050977782463487595 1.5110016466327582e-06 0.008983195886992586 1196 1196 4358
4.198875123241372 0.00789987968722197 0.03976139869879838 1.2639807499555155e-06 0.007514609067132188 1479 1479 4706
4.877397418109728 0.001348525342441665 0.012730348326649018 2.1576405479066643e-07 0.0012827588731459806 9970 20 34
4.710719076011015 0.01011847962090361 0.054244899798254365 1.6189567393445776e-06 0.00962500971094828 1276 1276 4309
4.99002324901509 0.008049832522400026 0.04795596821494418 1.2879732035840043e-06 0.0076572488261520445 880 880 3833
4.262457019055843 0.0064669033070634 0.034530104478674016 1.0347045291301441e-06 0.006151517763761649 1351 1351 4639
4.923224152343707 0.009049028868723646 0.051884913404648084 1.4478446189957834e-06 0.008607715190351731 906 906 3854
3.170633900471209 0.007620876414349772 0.02919005563445519 1.2193402262959636e-06 0.007249212553881964 3776 3776 3472
4.066289588198105 0.008833530984601361 0.042045325011562266 1.413364957536218e-06 0.008402726960392676 1902 1902 4536
4.936275892015491 0.011274944173136306 0.061967861182122025 1.803991067701809e-06 0.010725074440298708 1027 1027 4020
4.752278484952628 0.011582533703472946 0.06095739490222051 1.8532053925556714e-06 0.011017663082801879 1296 1296 4365
4.6282052040917785 0.006088271826701717 0.03578368036003708 9.741234922722747e-07 0.005791351828572811 1114 1114 4253
3.9659091389121874 0.012489993736386554 0.05404520951452235 1.998398997821849e-06 0.011880867037973844 2539 2539 4147
3.4082948035658522 0.011421868268154216 0.04323184811003861 1.8274989229046746e-06 0.01086483316831929 3772 3772 3445
4.053420564184305 0.0040555384159854935 0.023008641115213436 6.488861465576791e-07 0.0038577531506159496 1181 1181 4833
4.599722450300237 0.012315311047458222 0.06197689438985685 1.9704497675933157e-06 0.011714703479785088 1453 1453 4445
3.9452497613316595 0.006502244377837186 0.032095709993001445 1.0403591004539498e-06 0.0061851352796471635 1622 1622 4631
4.1734574795868395 0.013583388278176933 0.06085145306334257 2.1733421245083095e-06 0.012920937629299543 2120 2120 4369
3.7942177449037517 0.013588614554070415 0.05533909615358534 2.1741783286512667e-06 0.012925909024025975 3032 3032 3833
4.347441697564308 0.003589503497043103 0.022533442139317666 5.743205595268965e-07 0.0034144463704950715 1200 1191 4576
4.491457040869269 0.0038917437614246313 0.02472165720356356 6.226790018279411e-07 0.0037019466263341003 1116 1115 4624
4.064940574788517 0.006799121340512096 0.03423575627219125 1.0878594144819354e-06 0.006467533797582575 1546 1546 4691
4.907506880647709 0.0034565201783173325 0.02473621769500615 5.530432285307732e-07 0.003287948538598923 1436 1355 4181
4.331776671594997 0.004694648208177634 0.02745344571677554 7.511437133084215e-07 0.004465694085092245 1080 1080 4692
3.0769654036034373 0.007871315396293137 0.029054742911387398 1.259410463406902e-06 0.007487437833125016 4031 4031 3161
4.087454684042592 0.006432256190596877 0.03297487288034188 1.0291609904955003e-06 0.006118560358603888 1548 1548 4743
4.961930560498121 0.014191593761217248 0.07495418222725016 2.27065500179476e-06 0.013499481432305418 1224 1224 4138
4.237651473020204 0.010326662974833279 0.049594922525111745 1.6522660759733246e-06 0.009823040134322489 1760 1760 4459
4.826871620926341 0.0075838283952327275 0.04426879422226956 1.2134125432372365e-06 0.007213971336116769 1056 1056 3961
4.95184691691424 0.002977693965838574 0.022376150395968273 4.764310345341719e-07 0.0028324742857829583 3250 2203 3446
4.066247139384771 0.009443760291454738 0.044326754710919763 1.5110016466327582e-06 0.008983195886992586 1890 1890 4538
4.676747917859531 0.0019080712835828038 0.015411684435320303 3.0529140537324863e-07 0.001815016219998669 9607 222 362
3.3345500543615962 0.01339938571383033 0.04808755104386559 2.143901714212853e-06 0.012745908718333835 4398 4398 2845
3.3063228386066283 0.01152980331841105 0.04225542950244363 1.844768530945768e-06 0.01096750431515122 4245 4245 2988
4.561819499688074 0.013930689050358845 0.06788414920866033 2.2289102480574156e-06 0.013251300829119106 1656 1656 4469
4.998673725458581 0.004632375054595896 0.03136136514125979 7.411800087353434e-07 0.0044064579418758906 1045 1045 3858
3.018047307670143 0.0060672701656536675 0.023272349812176817 9.70763226504587e-07 0.005771374401221383 3682 3682 3436
3.170633900471209 0.013525815363129393 0.046071489328374474 2.1641304581007032e-06 0.01286617249785871 5048 5048 2366
4.532541407665254 0.008989401603179197 0.047518551905131434 1.4383042565086717e-06 0.008550995897394222 1358 1358 4456
4.331100010687466 0.0011049209857343575 0.00995178400578802 1.767873577174972e-07 0.0010510349001003386 9996 20 30
4.38492918984757 0.011582533703472946 0.056245411772512466 1.8532053925556714e-06 0.011017663082801879 1619 1619 4492
4.6282052040917785 0.008640647332300638 0.0470288994175751 1.3825035731681022e-06 0.00821925008481126 1190 1190 4392
4.4361553230155 0.009428054696461428 0.048295422581693295 1.5084887514338287e-06 0.008968256240920213 1416 1416 4550
4.759278064731581 0.009860779321070226 0.05369148020071219 1.5777246913712364e-06 0.009379877242302848 1164 1164 4207
4.178463931349903 0.0018109869019311223 0.013284265463851 2.897579043089796e-07 0.0017226665636087505 9697 173 294
3.1727075183198057 0.012315311047458222 0.04274922257102198 1.9704497675933157e-06 0.011714703479785088 4847 4847 2572
4.139972788888344 0.015351438485232998 0.06664770705772399 2.45623015763728e-06 0.014602761485247482 2525 2525 4227
4.567246330174576 0.002940794214454585 0.020452010492431713 4.7052707431273366e-07 0.0027973741048557023 3269 2388 3370
4.024807164522762 0.011194527250595273 0.050237236068412766 1.7911243600952437e-06 0.010648579384778412 2188 2188 4348
4.929489841157097 0.018368686839051913 0.09185032148719893 2.9389898942483066e-06 0.017472861124115592 1372 1372 4303
4.930594960287809 0.004449178483586205 0.030005459269380405 7.118685573737928e-07 0.004232195716616476 1016 1016 3959
4.761828114180755 0.009840765885466913 0.05363361282616868 1.5745225416747063e-06 0.009360839845455857 1115 1115 4231
4.974024575255302 0.008472313118795285 0.04976507626463167 1.3555700990072458e-06 0.008059125392132464 980 980 3832
4.808059264612756 0.004694648208177634 0.030471975826833957 7.511437133084215e-07 0.004465694085092245 1089 1089 4091
3.5485600991203343 0.009565499736049707 0.039078245215684496 1.5304799577679533e-06 0.00909899819923042 2956 2956 3871
4.3054432437829036 0.0019060591218023077 0.014177771691596648 3.0496945948836924e-07 0.0018131021896894849 9522 262 432
4.338853241823701 0.014191593761217248 0.06554206927722521 2.27065500179476e-06 0.013499481432305418 2025 2025 4356
3.446505285138791 0.012423667398075398 0.04676645634625583 1.987786783692064e-06 0.01181777538050609 3875 3875 3262
3.479381286602717 0.0030000081953090963 0.015808095332696746 4.800013112494555e-07 0.0028537002686769113 3386 3151 3233
3.9605848039138944 0.01207793318820852 0.05253748438997497 1.9324693101133635e-06 0.011488902343048852 2419 2419 4169
3.7921476688840734 0.004063011782072108 0.021555252414380447 6.500818851315373e-07 0.0038648620467991797 1391 1391 4856
4.765901494080518 0.00789987968722197 0.0451308752709579 1.2639807499555155e-06 0.007514609067132188 1076 1076 4184
4.6318180331561045 0.009665927257493366 0.05143196985815938 1.5465483611989387e-06 0.009194527953240574 1290 1290 4402
4.928068070152942 0.012495061582154549 0.06717888518966159 1.9992098531447278e-06 0.011885687729081405 1089 1089 4113
3.5449871967517437 0.00771888386165673 0.032964796179084134 1.2350214178650768e-06 0.007342440258776079 2668 2668 4165
4.7176954740051045 0.0053516216828340245 0.03303412621367528 8.56259469253444e-07 0.005090627504964913 1060 1060 4166
3.5485600991203343 0.009565499736049707 0.039078245215684496 1.5304799577679533e-06 0.00909899819923042 2956 2956 3871
4.359253844001146 0.009531027669099565 0.04786868639863933 1.5249644270559305e-06 0.009066207306568428 1560 1560 4576
4.9780628896395624 0.013705907302055374 0.0731111620004824 2.19294516832886e-06 0.013037481501381835 1200 1200 4038
4.829709074132144 0.010497030580498844 0.057265755415612796 1.6795248928798153e-06 0.00998509905230207 1157 1157 4209
4.712698009474204 0.01685697202703256 0.08186538021836337 2.6971155243252102e-06 0.016034871397298187 1591 1591 4390
4.649834532318345 0.005059018803538 0.031190996188236297 8.094430085660801e-07 0.004812294626885335 1086 1086 4233
4.5241924822249615 0.008650542910501675 0.0460135103532036 1.3840868656802682e-06 0.008228663063820838 1270 1270 4449
4.759278064731581 0.011961094166776274 0.0626416324795616 1.9137750666842038e-06 0.011377761464375752 1253 1253 4383
4.8908482276631595 0.006663499301010815 0.040551886435413145 1.0661598881617306e-06 0.006338525933147911 968 968 3979
4.944019319094091 0.006371789424270042 0.03959438478304787 1.019486307883207e-06 0.006061042506625111 932 932 3798
4.006464782328283 0.0056712053796902605 0.0293294119356109 9.073928607504418e-07 0.005394625368373896 1476 1476 4771
3.8009135534019505 0.01094245689521831 0.04658685989918675 1.7507931032349298e-06 0.010408802292839298 2671 2671 4161
4.94552690832949 0.009548732562938405 0.0543865027487041 1.527797210070145e-06 0.009083048747329757 987 987 3897
4.795004029485479 0.0061874342134143325 0.03753878135150401 9.899894741462934e-07 0.005885678147429844 1009 1009 4113
3.7470581034991532 0.009553951493537317 0.04122467118736486 1.528632238965971e-06 0.009088013154985579 2609 2609 4193
4.726690247910272 0.007832759436240021 0.04446096180523719 1.2532415097984036e-06 0.007450762215460133 1084 1084 4180
4.819505577930687 0.010026308754108869 0.05509513481228337 1.6042094006574192e-06 0.00953733394134618 1097 1097 4204
4.748142567940644 0.009167790004132717 0.0505585718412721 1.4668464006612348e-06 0.008720684443087495 1172 1172 4258
4.280046849104295 0.010805288381115241 0.05193370020084236 1.7288461409784388e-06 0.010278323374094343 1722 1722 4569
4.599277188168817 0.007247414095136056 0.040711610683731046 1.159586255221769e-06 0.0068939636841131 1094 1094 4341
4.89094848869375 0.014191593761217248 0.07388193764824531 2.27065500179476e-06 0.013499481432305418 1270 1270 4192
4.528345890187308 0.008792660083773862 0.04665182820704722 1.406825613403818e-06 0.008363849299706657 1271 1271 4496
3.426252719566085 0.008712717761613604 0.035044312695542965 1.3940348418581767e-06 0.0082878056986978 3255 3255 3768
4.676427740412651 0.013661362224736835 0.06850085422016079 2.185817955957894e-06 0.012995108850763444 1499 1499 4455
4.285948310151438 0.009345912709888573 0.04633773893085475 1.4953460335821718e-06 0.00889012025131887 1610 1610 4559
4.859454617755653 0.00868172805566545 0.04956380997491509 1.389076488906472e-06 0.008258327335162413 1030 1030 4025
4.838002297725282 0.0073466974877727555 0.043282194757398286 1.175471598043641e-06 0.006988405107535048 1000 1000 3987
4.592085860153525 0.003718072106877128 0.024430967783538222 5.948915371003405e-07 0.003536744795212865 1068 1065 4485
4.872175340978648 0.00771888386165673 0.04530630384540948 1.2350214178650768e-06 0.007342440258776079 984 984 4012
4.850888593049321 0.004777560414912716 0.031154104403075877 7.644096663860347e-07 0.004544562731853432 1187 1187 3997
3.1557246980626408 0.004460264151201112 0.01924045491678069 7.136422641921779e-07 0.0042427407453602605 2591 2591 4247
4.964543105331095 0.009531027669099565 0.05451532889020692 1.5249644270559305e-06 0.009066207306568428 1018 1018 3827
4.738595803191391 0.004078181711991802 0.027010303086721563 6.525090739186883e-07 0.003879292151742003 1002 1002 4361
3.0996060880173086 0.004517711623786144 0.019081739806119456 7.228338598057831e-07 0.0042973865520640735 2940 2940 4021
4.98269600637853 0.008205934053957593 0.04861389520267031 1.3129494486332151e-06 0.007805737414697652 956 956 3762
4.867381454495307 0.01502184248167224 0.07699040031118648 2.4034947970675585e-06 0.014289239607078324 1405 1405 4264
4.997843730232052 0.005883586176412774 0.03763610356125663 9.413737882260439e-07 0.005596648528716098 958 958 3740
4.774012172792256 0.008922704264964023 0.04975638185645971 1.4276326823942437e-06 0.008487551333381933 1076 1076 4059
4.875600552950994 0.006391115260333868 0.039138117205587034 1.022578441653419e-06 0.006079425837595331 982 982 3863
4.944019319094091 0.003651936442042073 0.02595520680256129 5.843098307267317e-07 0.003473834512232962 1235 1211 4167
3.6469713959230576 0.008491285769062632 0.036552284557503395 1.3586057230500212e-06 0.008077172761886351 2586 2586 4192
4.75653696212307 0.013583388278176933 0.06935309323514181 2.1733421245083095e-06 0.012920937629299543 1294 1294 4365
4.637151157892644 0.008631034703248282 0.04707845297872279 1.3809655525197252e-06 0.008210106255753627 1256 1256 4415
4.578376384033854 0.009090167783196022 0.04842403295464605 1.4544268453113637e-06 0.008646847793878101 1339 1339 4440
3.488031197892653 0.004449178483586205 0.02122664280510823 7.118685573737928e-07 0.004232195716616476 1807 1807 4699
4.727379434576248 0.007832759436240021 0.04446744454483414 1.2532415097984036e-06 0.007450762215460133 1079 1079 4216
4.974024575255302 0.012584582573413616 0.06819573566244788 2.0135332117461786e-06 0.011970842855393286 1104 1104 3994
3.609245225261529 0.0069532592258988 0.030932618814588225 1.1125214761438081e-06 0.0066141545053623445 2348 2348 4266
3.8764370522717497 0.005065186690413586 0.02602721023173253 8.104298704661738e-07 0.004818161711002487 1458 1458 4754
4.864749013336109 0.013108398573009796 0.06892361859976963 2.0973437716815675e-06 0.012469112780496233 1261 1261 4196
4.251865620379892 0.005240566440504203 0.029298891956321422 8.384906304806726e-07 0.0049849883352552655 1177 1177 4576
4.528345890187308 0.011293486033354023 0.05692166332539165 1.8069577653366437e-06 0.010742712029278565 1454 1454 4504
4.68243223845938 0.007529161541827516 0.04270165077474717 1.2046658466924027e-06 0.007161970540087577 1035 1035 4243
4.975220526325582 0.009978649236696566 0.05666016467798268 1.5965838778714507e-06 0.00949199873931001 1031 1031 3893
4.93585157491586 0.009443760291454738 0.053806439832849315 1.5110016466327582e-06 0.008983195886992586 953 953 3986
4.859454617755653 0.008202904865868318 0.04739772113003331 1.3124647785389311e-06 0.007802855957614384 1041 1041 3936
3.753257835612798 0.003914389247524336 0.020748120952323913 6.263022796038938e-07 0.0037234877107445007 1483 1483 4794
4.98249390540674 0.00773418545831158 0.04640411350076944 1.2374696733298528e-06 0.007356995609175925 1018 1018 3789
4.938056200378186 0.006027751871915272 0.03788616819824691 9.644402995064435e-07 0.005733783382091751 981 981 3835
4.5008775847690226 0.00501186454545044 0.029977250631789843 8.018983272720704e-07 0.00476744004309315 1175 1175 4364
3.890253685687622 0.011013777727206636 0.047930004442315266 1.7622044363530618e-06 0.010476644866644791 2400 2400 4233
4.537132504059188 0.0053859554341093505 0.031925625273032755 8.617528694574961e-07 0.005123286827493526 1171 1171 4324
4.876723381184381 0.009963877709322394 0.05547306680719846 1.5942204334915832e-06 0.009477947607148986 1133 1133 4046
4.117574120435889 0.0066266482364293385 0.03399370904952675 1.0602637178286943e-06 0.006303472064607943 1422 1422 4714
4.97470003551371 0.007707078647017211 0.046204235240816426 1.2331325835227538e-06 0.007331210774722915 1006 1006 3749
4.649834532318345 0.007896760178931733 0.04401813142161488 1.2634816286290775e-06 0.007511641694689704 1159 1159 4325
4.460912007449612 0.004763647801540807 0.028586240829837503 7.621836482465292e-07 0.004531328625166826 1075 1075 4575
4.845865420377638 0.011127388862742067 0.06019537420673683 1.7803822180387308e-06 0.010584715280755356 1227 1227 4108
4.256560116926479 0.006309540781161223 0.033830802764334686 1.0095265249857957e-06 0.006001829678526116 1302 1302 4614
3.494956968977041 0.010326461893578547 0.04090223871049912 1.6522339029725677e-06 0.00982284885963479 3361 3361 3648
4.8123708766856295 0.00976186552331951 0.0538574482369165 1.561898483731122e-06 0.009285787388928967 1202 1202 4160
3.463677618669297 0.0077196922854143295 0.032211342580968055 1.235150765666293e-06 0.007343209256373444 2786 2786 4072
4.801656739287683 0.011930485454931593 0.06306963761056673 1.908877672789055e-06 0.011348645514175486 1191 1191 4279
4.955695577350056 0.005929103904434047 0.03754089946804351 9.486566247094477e-07 0.005639946394664257 938 938 3850
4.17569240990864 0.007053181553470834 0.03618724566730894 1.1285090485553335e-06 0.006709203703389536 1412 1412 4700
4.727379434576248 0.005261104486125558 0.032673055840000416 8.417767177800894e-07 0.00500452475732218 1112 1112 4032
3.1793075688594366 0.006986571727326325 0.02734948674997832 1.117851476372212e-06 0.006645842383556367 3466 3466 3620
4.432714306265641 0.006147748785821057 0.03453043824716661 9.836398057313692e-07 0.005847928145425658 1154 1154 4468
4.802633821266998 0.007950637368564526 0.04570788210030297 1.2721019789703244e-06 0.007562891338197699 1006 1006 4043
4.9557384083364635 0.007818253996050234 0.0465477586718771 1.2509206393680377e-06 0.007436964193630861 1006 1006 3822
4.692762238490814 0.008513849697968404 0.0471323321385056 1.3622159516749447e-06 0.008098636266579935 1148 1148 4242
3.4203211687608936 0.00812549664250441 0.03311307605803993 1.3000794628007058e-06 0.00772922286949256 2895 2895 3932
4.68243223845938 0.010619697322837353 0.056036184266051135 1.6991515716539767e-06 0.01010178343873691 1413 1413 4372
4.975220526325582 0.010255502516753442 0.057907269811484446 1.6408804026805508e-06 0.009755350113122169 1000 1000 3786
4.911519677464012 0.011788722916199285 0.0638971836965896 1.8861956665918856e-06 0.011213796617595376 1041 1041 4134
3.636023337631026 0.006723041316485137 0.030356677101310525 1.075686610637622e-06 0.006395164133610937 2271 2271 4410
4.1060367942750435 0.0073466974877727555 0.036733815586324714 1.175471598043641e-06 0.006988405107535048 1613 1613 4608
3.536487018321356 0.007389522323500531 0.03178246993873246 1.182323571760085e-06 0.007029141411326983 2574 2574 4255
4.340385144931732 0.007242448813703575 0.0383994175962295 1.158791810192572e-06 0.006889240555362958 1336 1336 4628
4.998673725458581 0.009426656932218242 0.054413039105015465 1.508265109154919e-06 0.008966926644486922 913 913 3809
4.923224152343707 0.0078071880832415955 0.0461910308222394 1.2491500933186554e-06 0.007426437956267728 984 984 3857
3.9016883342128565 0.008928987680281483 0.04068735169829743 1.4286380288450374e-06 0.008493528311714087 2208 2208 4401
4.375134269349944 0.007506094686803807 0.03980356971031383 1.2009751498886093e-06 0.0071400286365682405 1274 1274 4517
4.986013606354332 0.004240063363632018 0.02926272915431021 6.784101381811229e-07 0.0040332789686786654 1059 1059 3988
4.672955700522131 0.009896425236411446 0.052869001789455985 1.5834280378258316e-06 0.009413784735737543 1254 1254 4430
3.0748587775321066 0.007985706688722645 0.02936549809426293 1.2777130701956234e-06 0.007596250356521057 4086 4086 3091
4.8643209407689 0.006624549201359322 0.040148798707282406 1.0599278722174917e-06 0.006301475397747954 994 994 3955
4.426557090489047 0.008922704264964023 0.0461350865754017 1.4276326823942437e-06 0.008487551333381933 1385 1385 4593
3.477745374336307 0.008110681382289422 0.03362075954531748 1.2977090211663076e-06 0.007715130137305315 2866 2866 3979
4.864018162483555 0.005919077265996572 0.036798399634221164 9.470523625594516e-07 0.00563040874711793 1000 1000 3924
3.3753247420561516 0.009730581618646202 0.03767865743629488 1.5568930589833924e-06 0.00925602917449773 3657 3657 3450
4.985651361303969 0.008430855719088087 0.049689025556334594 1.348936915054094e-06 0.008019689835633627 1019 1019 3757
3.5917568977224414 0.006459938181051082 0.029072483943647053 1.0335901089681733e-06 0.006144892321203257 2188 2188 4409
3.274752780988117 0.007992569154248699 0.031295624910641896 1.2788110646797918e-06 0.00760277814526047 3426 3426 3607
4.996745423354655 0.008563867399841227 0.05041767027104751 1.3702187839745964e-06 0.00814621464636445 1018 1018 3777
4.824537907083512 0.006504529128366271 0.03925965615951639 1.0407246605386034e-06 0.0061873086047763756 939 939 4021
4.838164385196283 0.008472313118795285 0.04840579614501798 1.3555700990072458e-06 0.008059125392132464 1018 1018 4068
3.1878839400162984 0.004694648208177634 0.020203811353550913 7.511437133084215e-07 0.004465694085092245 2665 2665 4156
4.831244061634894 0.007781060964224791 0.04520907310534321 1.2449697542759666e-06 0.0074015850353075134 990 990 3972
3.3483494618403427 0.007818253996050234 0.03145003829029227 1.2509206393680377e-06 0.007436964193630861 3223 3223 3766
4.759345533633661 0.007294709892664725 0.04234298850811682 1.167153582826356e-06 0.006938952904584528 1142 1142 4163
4.971999162626819 0.008792660083773862 0.05122242346439985 1.406825613403818e-06 0.008363849299706657 950 950 3777
4.68243223845938 0.007368989760753083 0.04198969867437012 1.1790383617204934e-06 0.007009610204738735 1076 1076 4292
4.948132949667935 0.006950754827385044 0.04239550878247922 1.112120772381607e-06 0.006611772244299605 926 926 3841
4.986097293751115 0.007602027455519805 0.045814985002236776 1.216324392883169e-06 0.007231282843236019 942 942 3725
4.919808236382567 0.00746878714375482 0.04458474415562049 1.1950059430007713e-06 0.0071045405516393266 985 985 3863
4.838002297725282 0.007149618810466091 0.042373181438214426 1.1439390096745746e-06 0.006800937794859068 971 971 4051
4.492925966389713 0.00773418545831158 0.04184455625096899 1.2374696733298528e-06 0.007356995609175925 1248 1248 4479
4.976870340218548 0.008814428865185043 0.051372809439374736 1.4103086184296068e-06 0.008384556435593483 949 949 3809
4.902265168927303 0.009366620632526261 0.053094093606350035 1.4986593012042019e-06 0.008909818265640069 1026 1026 4008
4.823721125586305 0.006122518302865532 0.03745719563004561 9.796029284584851e-07 0.005823928132325157 1015 1015 4002
4.970425967247788 0.007713644093253874 0.04619534890660281 1.23418305492062e-06 0.007337456029558834 993 993 3786
3.29537885150378 0.008179863583832936 0.03207116150313564 1.30877817341327e-06 0.007780938379909816 3403 3403 3658
4.922948624988923 0.006897305589960236 0.04192705004446706 1.103568894393638e-06 0.006560929682123192 974 974 3947
4.1571775832772255 0.008205934053957593 0.0405596879909226 1.3129494486332151e-06 0.007805737414697652 1659 1659 4535
4.649834532318345 0.006955107530254728 0.0398591165047849 1.1128172048407565e-06 0.00661591266943848 1100 1100 4282
4.831244807146357 0.0072583035838151835 0.04281507948629747 1.1613285734104294e-06 0.006904322101406083 1012 1012 4012
4.993720093669503 0.008922704264964023 0.05204625268468243 1.4276326823942437e-06 0.008487551333381933 987 987 3789
4.8908482276631595 0.008383423254760759 0.048528084701227214 1.3413477207617216e-06 0.007974570613490651 1026 1026 3885
4.964052513961154 0.007603284548678783 0.04561833029892133 1.2165255277886053e-06 0.007232478628997916 980 980 3746
4.955630807909237 0.00976186552331951 0.05546073579060013 1.561898483731122e-06 0.009285787388928967 1022 1022 3894
4.97554257528892 0.008463414182697974 0.0497390657434308 1.354146269231676e-06 0.00805066044981279 1006 1006 3822
4.998774735464446 0.007818730040407963 0.04695422777955402 1.2509968064652742e-06 0.007437417021697688 920 920 3771
3.592815481264677 0.010768951756101264 0.04347783861588275 1.7230322809762024e-06 0.010243758856328243 3134 3134 3845
4.118800057564087 0.00764810851339098 0.03802529575808455 1.223697362142557e-06 0.0072751165659016796 1614 1614 4619
4.824537907083512 0.007791779792262176 0.045195069551163675 1.2466847667619483e-06 0.007411781114937568 1013 1013 4000
3.833693993975654 0.008472313118795285 0.038356077879986426 1.3555700990072458e-06 0.008059125392132464 2145 2145 4440
4.946996957246578 0.008129199266096933 0.047910399177360535 1.3006718825755093e-06 0.007732744919184729 964 964 3854
4.84530284367356 0.007721603939713127 0.045068857833014384 1.2354566303541005e-06 0.00734502768086796 1016 1016 3908
4.9557384083364635 0.010250540454357216 0.05765829554771647 1.6400864726971547e-06 0.009750630046418537 1025 1025 3962
4.982658048997922 0.0076969599220658245 0.04623053760292172 1.231513587530532e-06 0.0073215855316460495 933 933 3744
4.9011467074939015 0.007425338515807566 0.044213473160935046 1.1880541625292106e-06 0.007063210877460237 1004 1004 3885
4.972086803222657 0.007546061546288941 0.045422786462755785 1.2073698474062307e-06 0.007178046345262917 969 969 3821
4.976346711517395 0.007686910667579093 0.0461247458408687 1.2299057068126549e-06 0.007312026371016547 971 971 3786
3.790931471285595 0.007531572121583193 0.03458022955649082 1.205051539453311e-06 0.007164263557855729 2093 2093 4578
3.047339179914486 0.008261898648905388 0.02989087599728755 1.3219037838248621e-06 0.007858972662484188 4365 4365 2895
4.838002297725282 0.008711204450351367 0.0494771521661135 1.393792712056219e-06 0.008286366190378328 1134 1134 4094
4.799714063256723 0.008261898648905388 0.04707964864326978 1.3219037838248621e-06 0.007858972662484188 1097 1097 4038
3.159845439198917 0.007624349545785181 0.0291011132266682 1.219895927325629e-06 0.007252516303560339 3799 3799 3367
4.915617261588413 0.007326301216631679 0.04388115824392981 1.1722081946610688e-06 0.006969003545723883 979 979 3890
4.630624594750554 0.008585676006192608 0.046817256370710325 1.3737081609908172e-06 0.008166959664961972 1194 1194 4430
4.90164812465064 0.007449486401059991 0.04433038445843984 1.1919178241695987e-06 0.007086181090255181 1011 1011 3937
4.903508673893562 0.007119141492959677 0.04280407916932286 1.1390626388735485e-06 0.006771946831003504 1003 1003 3900
4.999024896411515 0.006837758398596799 0.04228873550413567 1.0940413437754879e-06 0.006504286558194897 922 922 3710
3.139511930870102 0.009561316344747972 0.03456163999243663 1.5298106151596757e-06 0.009095018828473897 4388 4388 2917
4.649834532318345 0.008798242727395999 0.047927437768959746 1.40771883638336e-06 0.008369159682401388 1193 1193 4320
3.0012040963032014 0.0060895468370860744 0.02320802185030685 9.74327493933772e-07 0.005792564657751777 3710 3710 3457
3.3532408644474847 0.009284623299138725 0.0360652917195931 1.4855397278621961e-06 0.008831819874607443 3567 3567 3462
4.96622652872315 0.00831464495227173 0.04895749054013593 1.3303431923634768e-06 0.007909146572116704 985 985 3783
3.9870269282293025 0.006371789424270042 0.031930271333488705 1.019486307883207e-06 0.006061042506625111 1526 1526 4674
4.976082423331983 0.00984462113145892 0.05606425247329221 1.5751393810334273e-06 0.009364507074278902 964 964 3843
3.1239787515862583 0.00908386193300825 0.03302320025541007 1.45341790928132e-06 0.008640849474805767 4219 4219 2964
4.55693752898579 0.008427948179879192 0.045403952614343594 1.3484717087806708e-06 0.008016924094715125 1234 1234 4420
4.955695577350056 0.00850727378205556 0.04974283683254759 1.3611638051288897e-06 0.008092381052665312 1017 1017 3860
3.6019490094971935 0.008860371687414846 0.03733340472930558 1.4176594699863754e-06 0.008428258664256047 2677 2677 4112
4.96100451634842 0.008707144789775861 0.05071640978239894 1.393143166364138e-06 0.008282504516102514 1046 1046 3822
4.974024575255302 0.007896868279975497 0.04708761520165027 1.2634989247960796e-06 0.007511744523734675 954 954 3818
4.946996957246578 0.00705770860419872 0.04289294140942326 1.1292333766717952e-06 0.006713509973585292 962 962 3817
3.034876496702115 0.007781060964224791 0.028399300812524866 1.2449697542759666e-06 0.0074015850353075134 4260 4260 3056
4.806746188432039 0.005374978530590915 0.033770004086698745 8.599965648945465e-07 0.0051128452585108885 992 992 3992
4.982658048997922 0.00899459094220505 0.05226135044858483 1.4391345507528082e-06 0.00855593215663361 964 964 3778
4.98995553314145 0.00912776706262175 0.05294979107640733 1.46044273001948e-06 0.008682613387441156 998 998 3710
4.972086803222657 0.007275379951039588 0.044144151664895374 1.164060792166334e-06 0.006920565668277836 903 903 3801
3.7164942856303957 0.008583187853605406 0.03756648888538719 1.3733100565768651e-06 0.008164592857525344 2484 2484 4241
4.986097293751115 0.006034068488620807 0.03828567221691312 9.654509581793292e-07 0.0057397919426076536 929 929 3776
4.98192984605797 0.009298630740059268 0.053646426339859915 1.487780918409483e-06 0.008845144184181308 919 919 3852
4.328426674712483 0.00797408109729921 0.0412900592054194 1.2758529755678737e-06 0.007585191735607799 1391 1391 4618
3.780676851209928 0.008478378794572526 0.03784697655722001 1.3565406071316042e-06 0.008064895249902278 2275 2275 4354
4.631655238279163 0.0099444834514379 0.05260386925134063 1.591117352230064e-06 0.009459499191233886 1240 1240 4398
4.722765811547308 0.007988217043214303 0.04511446225938952 1.2781147269142886e-06 0.007598638283093565 1110 1110 4208
4.991402805219842 0.009355582233486431 0.05400902144968571 1.4968931573578291e-06 0.00889931820022192 955 955 3771
3.4989877419930373 0.008757973354002312 0.03593488937635092 1.4012757366403701e-06 0.008330854213152102 2915 2915 3905
4.873049303511761 0.007826439691529487 0.04580866141719999 1.252230350644718e-06 0.007444750679489458 1005 1005 3943
3.0712129860683772 0.0096764261816075 0.0341323180753665 1.5482281890572e-06 0.009204514853480436 4712 4712 2712
4.96457241664668 0.008664367842467272 0.05055605855954731 1.3862988547947636e-06 0.00824181376525104 985 985 3794
3.6838486321835084 0.009433218042859274 0.04012263636128444 1.509314886857484e-06 0.008973167775170635 2596 2596 4125
4.975767767363148 0.007590898685785769 0.045667667947519926 1.2145437897257231e-06 0.007220696814427924 930 930 3794
4.838517414154648 0.007089019360281798 0.042097360852808796 1.1342430976450876e-06 0.006743293729905181 1000 1000 3927
4.070602328886494 0.006663499301010815 0.033750915113471815 1.0661598881617306e-06 0.006338525933147911 1448 1448 4737
4.944019319094091 0.00820822649739992 0.04824714148798633 1.3133162395839874e-06 0.00780791805756307 967 967 3853
4.976698857897428 0.006338449066691693 0.03969457314568341 1.014151850670671e-06 0.0060293281308017735 980 980 3714
4.996861816122465 0.008377473720482049 0.04955226885500978 1.340395795277128e-06 0.007968911233094223 1029 1029 3776
4.988193087245238 0.008913322322788544 0.05194545094012499 1.4261315716461672e-06 0.00847862694079236 962 962 3773
4.828180040283794 0.008663942291486952 0.0491652200643487 1.3862307666379123e-06 0.008241408968041226 1033 1033 4072
4.98819551517943 0.00795677291577344 0.04750267567837192 1.2730836665237505e-06 0.007568727659827065 986 986 3732
4.824537907083512 0.007383076021841127 0.04332864336640041 1.1812921634945803e-06 0.007023009490485507 994 994 3997
4.974024575255302 0.007085121716437614 0.04325778772944163 1.1336194746300184e-06 0.006739586170938261 897 897 3785
4.993205583804663 0.007368302624458305 0.04477329528432379 1.1789284199133289e-06 0.007008956579514614 884 884 3829
4.060459909524271 0.008097027969626512 0.03920215723736359 1.295524475140242e-06 0.007702142590322802 1803 1803 4556
4.920166510369391 0.007382555550318389 0.044185038988997644 1.1812088880509423e-06 0.007022514401929882 1036 1036 3886
4.987127400098643 0.0076969599220658245 0.04627200553070057 1.231513587530532e-06 0.0073215855316460495 981 981 3837
4.303667525935042 0.010455373542113143 0.050867030702944266 1.672859766738103e-06 0.00994547359333851 1677 1677 4548
4.9904123820183255 0.007494851623915879 0.04534796896197877 1.1991762598265407e-06 0.007129333888589152 931 931 3769
4.948132949667935 0.008060265486442855 0.04760179551596482 1.2896424778308569e-06 0.007667172983138904 995 995 3846
3.085096513460474 0.009142466596510962 0.032778512737514406 1.4627946554417541e-06 0.008696596037180137 4391 4391 2853
4.995411665740919 0.008522461165548934 0.0502120184553165 1.3635937864878296e-06 0.008106827759985417 1024 1024 3769
3.852626351587472 0.0070208819707573075 0.033268310254802765 1.1233411153211693e-06 0.006678479344698828 1920 1920 4569
4.9864129468600815 0.0073721746975767034 0.044730745831506026 1.1795479516122726e-06 0.007012639814818965 951 951 3766
4.915127643369034 0.006887690283265119 0.0418150247084082 1.102030445322419e-06 0.00655178330600923 956 956 3964
4.989653394574207 0.008863321499672469 0.051730252795014295 1.418131439947595e-06 0.008431064616601537 1014 1014 3783
4.920937502936012 0.008082590611308707 0.04744315696828412 1.2932144978093933e-06 0.007688409330068738 1056 1056 3833
4.775738339613052 0.006926727741437719 0.0408082813034511 1.108276438630035e-06 0.006588916939527233 1041 1041 4038
4.9990484065013305 0.008173317707342509 0.04862093630145374 1.3077308331748015e-06 0.0077747117404197395 941 941 3788
4.82536705155681 0.0070207743863916 0.04166765139405184 1.123323901822656e-06 0.006678377007133949 977 977 4067
4.978770944823197 0.009053783907544195 0.052492112807228715 1.4486054252070715e-06 0.008612238329848813 985 985 3738
4.898930781324707 0.005059018803538 0.03286192879868934 8.094430085660801e-07 0.004812294626885335 1012 1012 3936
4.881782861260416 0.00792865409850375 0.04636030290836547 1.2685846557606002e-06 0.0075419801740959054 1050 1050 3897
3.8290602447310533 0.008922704264964023 0.039907770820951774 1.4276326823942437e-06 0.008487551333381933 2246 2246 4415
4.8908482276631595 0.009735147344435816 0.054616741759088004 1.5576235751097308e-06 0.009260372233604335 1041 1041 3951
4.934058117958637 0.006581472825731632 0.04051874290655537 1.0530356521170613e-06 0.0062604998214496705 931 931 3901
4.685056386852366 0.008170008996504066 0.04555253433865268 1.3072014394406507e-06 0.007771564392681357 1171 1171 4158
4.962460682773905 0.007702494858484999 0.04606907913266753 1.2323991773575999e-06 0.007326850533778779 1022 1022 3820
4.904786858833477 0.007818730040407963 0.04607138580299172 1.2509968064652742e-06 0.007437417021697688 1003 1003 3817
4.993842120858127 0.00822901059655934 0.04883037074884816 1.3166416954494945e-06 0.007827688533339832 938 938 3791
3.0715400072816617 0.00795677291577344 0.02925033077693959 1.2730836665237505e-06 0.007568727659827065 4193 4193 3014
4.692951339759743 0.006928711255582256 0.04010981153773107 1.108593800893161e-06 0.006590803719322047 1091 1091 4163
4.9926127860432645 0.007825846838663008 0.04692981910843434 1.2521354941860813e-06 0.007444186739568558 927 927 3806
4.9959772591530465 0.008471782132452728 0.04998224455562756 1.3554851411924365e-06 0.008058620301556114 1040 1040 3723
4.990092909804812 0.006940937852613949 0.04270800191135062 1.110550056418232e-06 0.006602434035295487 1008 1008 3745
4.75332481383466 0.008200646167559875 0.04635252217889152 1.31210338680958e-06 0.007800707414160488 1086 1086 4086
3.3460180695878137 0.008892963804032391 0.03478147057708237 1.4228742086451827e-06 0.008459261290213425 3477 3477 3589
3.067500114448821 0.007457290663376688 0.027765118348114567 1.1931665061402703e-06 0.007093604745132126 4059 4059 3192
4.896216509857077 0.008094312457494804 0.04725860344432752 1.2950899931991687e-06 0.007699559511479228 984 984 3847
4.997494811798344 0.006348101083359498 0.03990741486196548 1.0156961733375198e-06 0.00603850942657332 987 987 3736
4.931614430105744 0.006808534781478215 0.04157976392158398 1.0893655650365146e-06 0.006476488152792734 1005 1005 3869
4.992778798327866 0.009821690350559319 0.056148259113556025 1.571470456089491e-06 0.009342694608660811 969 969 3805
4.997652104801837 0.008895157875986204 0.05196014076662198 1.4232252601577928e-06 0.008461348359086731 983 983 3748
4.990462231999517 0.008643413292375628 0.050722729765804817 1.3829461267801006e-06 0.008221881151293508 931 931 3848
3.452160261111886 0.007457290663376688 0.031246824655343886 1.1931665061402703e-06 0.007093604745132126 2785 2785 4084
4.915403810659615 0.009426656932218242 0.0535066048428329 1.508265109154919e-06 0.008966926644486922 1054 1054 3980
4.9909389320978805 0.008291907154281044 0.0490951938067128 1.3267051446849671e-06 0.007887517677790147 1028 1028 3819
4.000282195175965 0.008340601245474703 0.0395319906678905 1.3344961992759525e-06 0.007933836998297205 1868 1868 4530
4.986691169294771 0.007223884747867947 0.04402900600817699 1.1558215596588715e-06 0.006871581843714869 966 966 3742
4.991586473196806 0.008523368886243556 0.05017778070420225 1.363739021798969e-06 0.008107691211890039 960 960 3848
4.963841425071362 0.008682018351307299 0.050629834583679895 1.389122936209168e-06 0.008258603473325113 1020 1020 3811
4.898930781324707 0.008929202990200946 0.0510877088541534 1.4286724784321514e-06 0.008493733121146268 985 985 3960
4.99002324901509 0.009912443280852105 0.05652885130529018 1.585990924936337e-06 0.009429021593355286 916 916 3794
4.9806797931299425 0.008922704264964023 0.05191034222830212 1.4276326823942437e-06 0.008487551333381933 1012 1012 3826
4.980877230470616 0.006762305589336558 0.041773282086682365 1.0819688942938495e-06 0.00643251352024285 964 964 3696
4.993968187284297 0.009534812465165217 0.054855712689377396 1.525569994426435e-06 0.009069807521249952 1010 1010 3797
4.876792130532324 0.007923066822845689 0.04628729245230264 1.2676906916553104e-06 0.007536665385265825 1028 1028 3901
4.803067299863148 0.00869764109108738 0.04905952220797326 1.391622574573981e-06 0.008273464304964707 1139 1139 4068
4.998774735464446 0.008668580168453002 0.050923875339288494 1.3869728269524804e-06 0.008245820659570871 955 955 3759
4.98489504143825 0.007087262121764019 0.0433625338715681 1.1339619394822431e-06 0.006741622190461338 967 967 3773
4.496623468235253 0.00795677291577344 0.042821426227045496 1.2730836665237505e-06 0.007568727659827065 1252 1252 4441
4.824537907083512 0.009530317147048044 0.05297480878329815 1.524850743527687e-06 0.009065531436091644 1154 1154 4036
3.5966042843336465 0.007864877725178635 0.03393972551587961 1.2583804360285817e-06 0.007481314121923881 2493 2493 4242
4.99410404492107 0.009587205436430303 0.05509615710071977 1.5339528698288487e-06 0.009119645330496522 1001 1001 3765
4.864321762900056 0.007101714898632192 0.042380944751173974 1.136274383781151e-06 0.006755370117315779 932 932 3927
4.066570779620124 0.009285453561225293 0.04374050451890997 1.485672569796047e-06 0.008832609645496474 1914 1914 4488
3.555687801758436 0.008846460824871352 0.03680821018994116 1.4154337319794165e-06 0.008415026223011397 2903 2903 3938
4.990293559054193 0.007145622978200211 0.04368795738164598 1.1432996765120338e-06 0.006797136836038836 947 947 3782
4.99572643069758 0.009646747344506192 0.05538545838325548 1.5434795751209909e-06 0.009176283428798846 1008 1008 3779
4.984542067619387 0.008814783762648375 0.051453635207456945 1.4103654020237402e-06 0.008384894025000087 986 986 3784
3.600979625986491 0.006856697777434624 0.03052772399324293 1.09707164438954e-06 0.006522302279139456 2358 2358 4320
4.972741971468948 0.007815634845291032 0.046695197455935276 1.2505015752465652e-06 0.0074344727766950894 970 970 3795
4.838002297725282 0.00839915531378089 0.04807465455940849 1.3438648502049425e-06 0.007989535432961074 1080 1080 4025
4.9806797931299425 0.006506491723198642 0.040539740545358194 1.0410386757117828e-06 0.0061891754854766345 940 940 3710
4.998917421101677 0.008487023262176163 0.05008253554676558 1.3579237219481862e-06 0.008073118133946943 1060 1060 3709
4.84709707147369 0.009426656932218242 0.05276305215774164 1.508265109154919e-06 0.008966926644486922 1046 1046 4057
4.965054905127138 0.006731408793603214 0.041492663991404624 1.0770254069765143e-06 0.006403123535767684 940 940 3831
4.9953029552187616 0.008911569500995066 0.05201140801465051 1.4258511201592108e-06 0.008476959602672815 1013 1013 3767
4.9990484065013305 0.007253380922879433 0.0442787181865349 1.1605409476607093e-06 0.006899639514586181 860 860 3726
4.999024896411515 0.007519901024288752 0.04554495600185635 1.2031841638862004e-06 0.007153161650355282 904 904 3765
4.995204346392625 0.008457698212492764 0.049909048288822616 1.3532317139988424e-06 0.008045223242762535 1062 1062 3720
4.9872511245140245 0.007940591229062651 0.047417849118658345 1.2704945966500243e-06 0.007553335140637808 974 974 3738
3.685696123448615 0.007728606047558305 0.03430706950738913 1.236576967609329e-06 0.007351688301685707 2287 2287 4346
4.019789001401628 0.009482506245991782 0.043962767932509986 1.5172009993586854e-06 0.009020052233267038 1967 1967 4504
3.301429456442296 0.007774094307746121 0.03087192322038823 1.2438550892393794e-06 0.007394958136922354 3302 3302 3731
4.823401257507566 0.006581472825731632 0.03961002299035816 1.0530356521170613e-06 0.0062604998214496705 919 919 4041
3.21300964245078 0.007345952647667759 0.028742254675567527 1.1753524236268415e-06 0.006987696592667966 3476 3476 3604
4.3956872382751815 0.007170326720586205 0.03858615609731335 1.147252275293793e-06 0.006820635797273164 1274 1274 4545
4.480722003190706 0.0074853229715756255 0.04067590861352167 1.1976516754521002e-06 0.0071202699407685996 1230 1230 4484
4.620329926575498 0.00822901059655934 0.04517812494599076 1.3166416954494945e-06 0.007827688533339832 1254 1254 4288
4.394904590596148 0.007241277644708104 0.03887684367150402 1.1586044231532967e-06 0.006888126503313945 1237 1237 4581
4.993266317486962 0.006504529128366271 0.040632682862665595 1.0407246605386034e-06 0.0061873086047763756 947 947 3768
4.995022081569023 0.00659621687848703 0.04109066472056208 1.0553947005579249e-06 0.006274524818906429 938 938 3729
4.993205583804663 0.006076623939580296 0.03854871863585792 9.722598303328475e-07 0.005780271999304382 911 911 3779
4.8653127454290575 0.006317476374951114 0.03870674579213133 1.0107962199921783e-06 0.006009378259948571 1001 1001 3940
3.9618189234448 0.008462065386311883 0.03960018987069172 1.3539304618099015e-06 0.00804937743311457 1884 1884 4522
4.975759965070094 0.0063221254100589855 0.039607965124222974 1.0115400656094378e-06 0.006013800565446658 922 922 3692
4.990293559054193 0.006304617243007116 0.03963851032678028 1.0087387588811387e-06 0.0059971462572690724 990 990 3771
4.555870633803362 0.007351959917277067 0.04078096885465043 1.1763135867643308e-06 0.006993410892690513 1141 1141 4465
4.948132949667935 0.008315395934404928 0.04878258981965697 1.3304633495047886e-06 0.007909860929470337 974 974 3876
4.985431528900401 0.006849769201980878 0.04223135168007047 1.0959630723169405e-06 0.006515711604599026 910 910 3730
4.908902582591419 0.006505630250280059 0.039951415796572624 1.0409008400448095e-06 0.0061883560258821375 973 973 3851
3.8939430315029133 0.007149618810466091 0.0341047284457724 1.1439390096745746e-06 0.006800937794859068 1879 1879 4443
4.99612078111207 0.008643413292375628 0.05078024288666608 1.3829461267801006e-06 0.008221881151293508 970 970 3848
4.976870340218548 0.006303376657290662 0.03952586970253379 1.0085402651665061e-06 0.005995966173895334 959 959 3719
4.964056503199981 0.008278724639700207 0.04876966038712397 1.3245959423520333e-06 0.007874978063578428 967 967 3783
4.923224152343707 0.006217987014581785 0.03868958374995972 9.948779223330857e-07 0.005914740913670525 975 975 3858
4.273780651848409 0.007713644093253874 0.03972069791671104 1.23418305492062e-06 0.007337456029558834 1415 1415 4601
3.1338589154990713 0.008100124560442639 0.03026527818048609 1.2960199296708223e-06 0.007705088162957498 3936 3936 3221
3.8374077805710742 0.008184636435699881 0.0373634077901297 1.309541829711981e-06 0.007785478463725704 2041 2041 4570
4.996522164640627 0.006593138111947011 0.041088117712199 1.0549020979115217e-06 0.006271596201272589 944 944 3681
4.912409328984047 0.007153891562510104 0.043044921443615505 1.1446226500016168e-06 0.006805002168308134 945 945 3850
4.992574954869536 0.006196804584145848 0.039131242623897486 9.914887334633358e-07 0.005894591532905237 989 989 3684
4.952577401866636 0.009665486811979367 0.05499171130811624 1.5464778899166987e-06 0.009194108987891213 938 938 3913
3.7912264115756424 0.007587415071741736 0.03478342980969509 1.2139864114786779e-06 0.007217383093369106 2119 2119 4473
4.973730181881203 0.007660510665690221 0.04597642798737091 1.2256817065104355e-06 0.007286913875456986 1018 1018 3784
4.85279494476743 0.005572364514560068 0.03504873796112938 8.915783223296109e-07 0.005300604890756757 1048 1048 3945
4.994598454841642 0.005666797628321181 0.03654123667171027 9.06687620531389e-07 0.005390432579405561 1005 1005 3759
4.868532762400857 0.006571518203068167 0.039933722698516666 1.0514429124909067e-06 0.006251030677527421 978 978 3955
4.987842279728964 0.00822901059655934 0.0487717036024545 1.3166416954494945e-06 0.007827688533339832 953 953 3733
4.98819551517943 0.006770420429979551 0.041873672083313176 1.0832672687967282e-06 0.006440232606797141 889 889 3736
3.597945970588852 0.008917330907655839 0.037481174487737204 1.4267729452249343e-06 0.008482440030280149 2748 2748 4040
4.223893055058465 0.005288519097550113 0.029309405417822718 8.461630556080182e-07 0.005030602380746761 1225 1225 4665
4.173107788353587 0.0054381576434835745 0.029581796920075752 8.701052229573719e-07 0.0051729431781493964 1336 1336 4660
3.0947640258424487 0.007916340423537596 0.02935388589316451 1.2666144677660155e-06 0.007530267026907087 4054 4054 3209
4.937145729889054 0.008740081766239138 0.050623112699679895 1.3984130825982622e-06 0.00831383518337523 959 959 3872
4.4849477665340665 0.007928201179198461 0.04258981216758764 1.2685121886717538e-06 0.0075415493432917724 1230 1230 4497
4.9905699110263875 0.005589430938103029 0.036128468320338225 8.943089500964847e-07 0.005316838998892213 981 981 3775
4.9897798155502056 0.004903784097390912 0.032686933513962985 7.846054555825459e-07 0.004664630589389501 1047 1047 3810
4.986911179565096 0.008222421904482446 0.048731888754424975 1.3155875047171914e-06 0.007821421166344145 948 948 3734
4.864337862516833 0.006849769201980878 0.04120557303249941 1.0959630723169405e-06 0.006515711604599026 933 933 3971
4.962851821789635 0.006793196326386421 0.04176982638859171 1.0869114122218274e-06 0.00646189774151153 998 998 3829
4.978335446589202 0.006797509053371922 0.04192082341405594 1.0876014485395076e-06 0.0064660001403571395 922 922 3790
4.998117306337463 0.008643413292375628 0.050800535437690475 1.3829461267801006e-06 0.008221881151293508 997 997 3767
4.120486745535434 0.007916340423537596 0.039082882165731074 1.2666144677660155e-06 0.007530267026907087 1690 1690 4634
4.989030625662251 0.009426656932218242 0.054308069187967496 1.508265109154919e-06 0.008966926644486922 981 981 3816
4.963857254940292 0.006725135117635381 0.04145261373184562 1.076021618821661e-06 0.006397155821805105 966 966 3852
3.2898191758733937 0.008337488795815154 0.032501431571394644 1.3339982073304248e-06 0.007930876340241809 3568 3568 3516
3.8491585070986956 0.008049832522400026 0.03699183627193333 1.2879732035840043e-06 0.0076572488261520445 2142 2142 4510
3.085525887259471 0.009324606020919805 0.033299055507023695 1.491936963347169e-06 0.008869852672006967 4483 4483 2853
3.8887299550616232 0.007923518475566493 0.03691090957021195 1.2677629560906391e-06 0.0075370950112557565 1935 1935 4590
4.848434148676756 0.007153891562510104 0.042484339776607316 1.1446226500016168e-06 0.006805002168308134 989 989 3999
4.9990484065013305 0.0068008166713628 0.042111164318763064 1.088130667418048e-06 0.006469146448545233 952 952 3737
4.994842028932 0.007336115603161003 0.044635040392793375 1.1737784965057606e-06 0.006978339292712649 932 932 3724
3.929343252744996 0.006937864852487025 0.033617922616402264 1.110058376397924e-06 0.006599510902851527 1717 1717 4619
4.999318147689056 0.005688791351667355 0.036684764955913586 9.102066162667769e-07 0.00541135368699464 1074 1074 3800
4.993779811124872 0.0072475388692297745 0.04420423979421224 1.159606219076764e-06 0.006894082373077126 911 911 3790
4.996538576360583 0.007180009413894638 0.043906738114270226 1.1488015062231422e-06 0.00682984627361086 952 952 3729
4.998774735464446 0.007584734581267235 0.045849660955905654 1.2135575330027576e-06 0.007214833328205388 997 997 3688
3.7884696367504995 0.006183072032044868 0.02964273961784434 9.892915251271789e-07 0.0058815287060498085 1806 1806 4604
4.534035600448481 0.008916328943858921 0.04722858352980418 1.4266126310174275e-06 0.00848148693143164 1264 1264 4437
4.878898939340519 0.006847236723358923 0.04131703345944157 1.0955578757374276e-06 0.006513302632871818 954 954 3922
4.974024575255302 0.0067395602927153315 0.041606729818527824 1.0783296468344531e-06 0.006410877492987781 862 862 3793
4.9933572268249735 0.005411049384360549 0.03526109511825088 8.657679014976879e-07 0.005147156966477141 958 958 3890
4.185405937984582 0.007444801964566039 0.03783409534897797 1.1911683143305664e-06 0.007081725109867429 1511 1511 4688
4.0176124201285575 0.008361376350202007 0.03978108304600484 1.337820216032321e-06 0.007953598918292889 1863 1863 4509
4.975759965070094 0.008624006897486117 0.05048371948696442 1.3798411035977787e-06 0.00820342119028512 983 983 3805
4.981240123191256 0.006111447436268019 0.03862634867534355 9.778315898028832e-07 0.00581339718276535 912 912 3735
3.106561233710319 0.00741842638128606 0.028004038395828785 1.1869482210057697e-06 0.007056635842041335 3910 3910 3343
4.903874406979625 0.007619516624552352 0.045140616248576716 1.2191226599283765e-06 0.0072479190799120225 1000 1000 3866
3.787568160684006 0.0078109264952513306 0.0355493388895757 1.249748239240213e-06 0.0074299940490055024 2100 2100 4496
3.4919937358553437 0.006917821440576288 0.02980892491500104 1.1068514304922061e-06 0.0065804449916169174 2556 2556 4242
4.978335446589202 0.007308774396120308 0.04435797541950082 1.1694039033792493e-06 0.006952331493800639 917 917 3794
4.982190598482835 0.008643413292375628 0.05063865742699456 1.3829461267801006e-06 0.008221881151293508 989 989 3748
4.976870340218548 0.00787530360546079 0.047013581244427546 1.2600485768737264e-06 0.007491231540619238 914 914 3770
4.984153612979013 0.007101386183500694 0.04342342606272254 1.1362217893601112e-06 0.006755057433350269 990 990 3720
4.532998230453742 0.009049028868723646 0.047772397390955866 1.4478446189957834e-06 0.008607715190351731 1293 1293 4446
4.986424850459672 0.006024270333119677 0.03824022112095246 9.638832532991484e-07 0.005730471635073215 953 953 3725
4.99002324901509 0.00680073538177124 0.04203474722948908 1.0881176610833985e-06 0.006469069123380043 877 877 3846
3.3862484394244956 0.007519901024288752 0.0308513238843145 1.2031841638862004e-06 0.007153161650355282 2988 2988 3928
3.9724104120725467 0.008807411346134648 0.04097868132154803 1.4091858153815438e-06 0.008377881155162293 1961 1961 4495
3.0212442950718303 0.005634784606721701 0.02200792671767841 9.015655370754722e-07 0.005359980806479593 3477 3477 3556
4.997148414709599 0.0052541707282711325 0.03450277144054481 8.406673165233813e-07 0.00499792915312248 931 931 3830
3.7040239659470453 0.007336115603161003 0.033099997633212815 1.1737784965057606e-06 0.006978339292712649 2172 2172 4423
4.964686998224637 0.006762305589336558 0.04163749894902083 1.0819688942938495e-06 0.00643251352024285 1020 1020 3742
4.977304264059175 0.006581472825731632 0.04087388251651845 1.0530356521170613e-06 0.0062604998214496705 977 977 3776
3.576841411472312 0.007617859313710099 0.03291954774619914 1.218857490193616e-06 0.007246342594753345 2546 2546 4195
3.4219617751234974 0.009322262568758111 0.03692252651854901 1.4915620110012979e-06 0.008867623508075378 3351 3351 3700
4.859604784212919 0.007603170073045317 0.044657956883750016 1.216507211687251e-06 0.007232369736246727 1043 1043 3939
4.98095010931638 0.005368754018740392 0.034962869137317096 8.590006429984628e-07 0.005106924310972148 1022 1022 3767
3.8189587451577838 0.007571969560325725 0.0349820251737107 1.211515129652116e-06 0.0072026908468123645 1971 1971 4519
4.824537907083512 0.006187638858645362 0.03777095931361503 9.90022217383258e-07 0.005885872812281654 976 976 4003
4.974024575255302 0.008022915663421525 0.047676622850864124 1.283666506147444e-06 0.007631644680197043 898 898 3865
3.283883562333271 0.007542253054062881 0.0299882595557185 1.2067604886500612e-06 0.007174423590063196 3337 3337 3680
4.862659346046842 0.007517478284487707 0.04429139409213498 1.2027965255180332e-06 0.007150857065577152 973 973 3887
3.8453560034003957 0.008404714037591896 0.03823075916417434 1.3447542460147033e-06 0.007994823062394144 2150 2150 4495
3.0090296091490103 0.005218508761086094 0.020668036806427495 8.349614017737751e-07 0.0049640063906791565 3279 3279 3709
4.946196865178424 0.006111447436268019 0.03835461049985955 9.778315898028832e-07 0.00581339718276535 959 959 3819
4.981560960247818 0.008394333522208596 0.04947880094953958 1.3430933635533756e-06 0.007984948796188922 1025 1025 3797
4.997472756146701 0.006589408996627597 0.041077897942517524 1.0543054394604157e-06 0.006268048951833213 959 959 3671
4.987889792722521 0.006242414335437594 0.03931675338541108 9.987862936700151e-07 0.005937976934224827 920 920 3859
4.975056252993454 0.007272957060662753 0.04415903015643539 1.1636731297060405e-06 0.0069182609402673725 953 953 3756
4.957483689880734 0.006910462336296556 0.04228383667103315 1.105673973807449e-06 0.0065734447847864376 928 928 3781
4.379069757694047 0.007571969560325725 0.040112695298246605 1.211515129652116e-06 0.0072026908468123645 1281 1281 4587
4.997538710437664 0.00739229416248528 0.04492613266656699 1.182767065997645e-06 0.007031778070009408 869 869 3827
4.998673725458581 0.006934792285433143 0.04275195076106415 1.109566765669303e-06 0.006596588182359997 958 958 3638
3.8752407527068113 0.00804337084882556 0.03721901143995258 1.2869393358120896e-06 0.007651102283071131 1990 1990 4536
4.986424850459672 0.006987463812786401 0.042899190769691814 1.1179942100458242e-06 0.006646690962743945 950 950 3759
4.796954417320367 0.00719328890824819 0.04221371861548448 1.1509262253197105e-06 0.006842478137971726 1012 1012 4021
4.864481378291222 0.007415695380399005 0.04383815724560649 1.1865112608638408e-06 0.007054038029816244 981 981 3949
4.401942506914942 0.006593138111947011 0.03619868499061533 1.0549020979115217e-06 0.006271596201272589 1158 1158 4560
3.838687720182725 0.007806763817011512 0.03601407975150056 1.249082210721842e-06 0.007426034381151941 2005 2005 4533
4.994657650767746 0.005298304786111222 0.03470671290605062 8.477287657777956e-07 0.005039910829343564 973 973 3892
4.954722206126804 0.006857237624284996 0.04200680686555463 1.0971580198855993e-06 0.006522815798103956 903 903 3814
4.5228157663576365 0.008731530195687601 0.046338958385148156 1.3970448313100162e-06 0.008305700665870015 1284 1284 4466
4.823401257507566 0.0089493445552244 0.050389702854653835 1.431895128835904e-06 0.008512892398647201 1117 1117 4055
4.982766558710837 0.006573676238054651 0.04088112749618669 1.0517881980887443e-06 0.006253083466926588 968 968 3752
4.349266735325223 0.007180009413894638 0.038218881455354646 1.1488015062231422e-06 0.00682984627361086 1378 1378 4496
4.998774735464446 0.00885874157701149 0.051803665309137166 1.4173986523218386e-06 0.008426708052993283 898 898 3850
4.993842120858127 0.007356487165799341 0.04472288827607562 1.1770379465278948e-06 0.006997717351034389 954 954 3830
4.98819551517943 0.009325405829771233 0.05383636060615117 1.4920649327633973e-06 0.008870613474840031 959 959 3806
4.308937828224023 0.007915793524527176 0.04086812787792522 1.2665269639243484e-06 0.007529746799710571 1389 1389 4633
3.8233528476258725 0.0067395602927153315 0.031981588857329615 1.0783296468344531e-06 0.006410877492987781 1904 1904 4596
4.993205583804663 0.005181356015987635 0.03411014338739661 8.290169625580216e-07 0.0049286655543323305 993 993 3835
4.951213540303597 0.007340110609369737 0.044263987499836975 1.174417697499158e-06 0.006982139465761861 978 978 3848
4.997491437527269 0.0076278980229840644 0.04604198646055063 1.2204636836774505e-06 0.007255891724451418 970 970 3708
4.36228019495292 0.007162777944666526 0.03826145234976105 1.1460444711466442e-06 0.006813455168932264 1312 1312 4542
4.418637041420608 0.00745538992695341 0.03998680472981376 1.1928623883125456e-06 0.007091796706057341 1358 1358 4505
4.841705622923406 0.0052102452762824115 0.03321587235874413 8.336392442051859e-07 0.004956145909217356 1023 1023 4003
4.489631008053055 0.007464247799998302 0.040667012963162476 1.1942796479997285e-06 0.007100222587935812 1244 1244 4494
4.985431528900401 0.00745538992695341 0.04511605618910599 1.1928623883125456e-06 0.007091796706057341 914 914 3748
4.987743810581985 0.006775685242128626 0.041895185456772566 1.0841096387405803e-06 0.006445240658397748 918 918 3756
4.674575514942864 0.007627999328317519 0.043067403608813705 1.220479892530803e-06 0.00725598808920727 1089 1089 4176
4.959279521071142 0.006897966352656246 0.042239616412021765 1.1036746164249996e-06 0.006561558219967218 1000 1000 3826
4.1814761440347485 0.00739229416248528 0.03759001437980623 1.182767065997645e-06 0.007031778070009408 1581 1581 4674
4.998673725458581 0.006531822620096002 0.04080896426894509 1.0450916192153604e-06 0.006213271015413804 955 955 3678
3.989614539961824 0.006797574984517864 0.03359540344412926 1.0876119975228584e-06 0.006466062856095445 1619 1619 4649
4.721195287136941 0.0073598409483249146 0.042296230086495454 1.1775745517319865e-06 0.0070009075723508766 1040 1040 4193
4.747806279210351 0.00680073538177124 0.03999437014257979 1.0881176610833985e-06 0.006469069123380043 1044 1044 4121
4.997118054363264 0.007519901024288752 0.04552758320636329 1.2031841638862004e-06 0.007153161650355282 974 974 3711
4.95191396457659 0.006593138111947011 0.04072128916330727 1.0549020979115217e-06 0.006271596201272589 969 969 3765
4.433248649962549 0.007628532732547566 0.040846267751933604 1.2205652372076108e-06 0.0072564954797527306 1306 1306 4541
3.0098751896293745 0.0077440844401353345 0.02806037937181649 1.2390535104216537e-06 0.007366411825816348 4331 4331 2924
4.954722206126804 0.006980832378466181 0.04259493763328654 1.116933180554589e-06 0.006640382938008906 969 969 3753
4.980877230470616 0.0074518951806236446 0.04505831937794906 1.1923032288997833e-06 0.007088472395625189 922 922 3850
3.9131751932530277 0.0075583809106701105 0.03579470188404612 1.2093409457072179e-06 0.007189764904398669 1905 1905 4573
4.970294358611202 0.009053909472412459 0.05240331730026783 1.4486255155859936e-06 0.008612357771021959 956 956 3815
3.082393057971709 0.007180009413894638 0.027086316395496895 1.1488015062231422e-06 0.00682984627361086 3776 3776 3364
3.157053346322626 0.007633944914916429 0.029104047760849724 1.2214311863866287e-06 0.007261643714448987 3791 3791 3353
4.993842120858127 0.007113168590081704 0.04356410519619341 1.1381069744130728e-06 0.006766265221675134 928 928 3756
4.0580759772009785 0.008785872979725239 0.04178154350541414 1.4057396767560382e-06 0.008357393197127545 1903 1903 4507
3.2479735339270164 0.007857158142292034 0.030626234533384415 1.2571453027667256e-06 0.007473971016731032 3506 3506 3597
4.96235276339905 0.008558465960312045 0.05004574717325837 1.3693545536499273e-06 0.008141076630588438 935 935 3871
4.489731538344438 0.008103720441645524 0.04337475885653307 1.296595270663284e-06 0.007708508675998378 1284 1284 4518
3.0567477070491424 0.006866140797508427 0.025941693292566393 1.0985825276013485e-06 0.006531284770908602 3738 3738 3394
4.985692051807878 0.00760682448097515 0.045833891231206694 1.2170919169560241e-06 0.007235845921714328 1059 1059 3693
4.987501378508808 0.007399038571879896 0.04486786816103104 1.1838461715007835e-06 0.007038193560117594 954 954 3762
4.981706694123481 0.006559922526305171 0.04080607905796682 1.0495876042088273e-06 0.006240000512361274 915 915 3784
4.972086803222657 0.007549579669473571 0.045439357228777004 1.2079327471157714e-06 0.007181392892479992 977 977 3781
4.180392358091332 0.007499293934598931 0.038004912928422487 1.199887029535829e-06 0.0071335595514422055 1578 1578 4623
4.963240053141071 0.007214527627330302 0.0437776449352289 1.1543244203728484e-06 0.006862681062232315 902 902 3857
4.987743810581985 0.005645975142073263 0.03638806920330742 9.033560227317221e-07 0.005370625588646963 1016 1016 3775
4.952874341267829 0.007350353711364364 0.044327100957596975 1.1760565938182982e-06 0.0069918830201161 990 990 3837
4.648032339726995 0.007182363356960642 0.04085470991401922 1.1491781371137029e-06 0.006832085416814008 1029 1029 4260
4.999036185532059 0.006816367851341764 0.042185914832198454 1.0906188562146824e-06 0.00648393921029622 981 981 3661
4.934532712420932 0.007179296279762571 0.04335850593344923 1.1486874047620113e-06 0.006829167918442543 931 931 3834
4.652459947164242 0.005851323096961891 0.03488719136569883 9.362116955139026e-07 0.005565958893054005 1064 1064 4204
3.934639057545094 0.006987463812786401 0.033850471350018896 1.1179942100458242e-06 0.006646690962743945 1697 1697 4637
4.996885442254357 0.008144969130759811 0.04846733233596937 1.3031950609215699e-06 0.0077477457005478674 944 944 3727
3.337440439820586 0.00709879384351869 0.029068496708908546 1.1358070149629905e-06 0.006752591519652193 2991 2991 3853
4.99452366333509 0.008343103016484528 0.04936903695274126 1.3348964826375247e-06 0.007936216759997212 991 991 3757
4.974122543616109 0.007153891562510104 0.04358568266646325 1.1446226500016168e-06 0.006805002168308134 931 931 3800
3.958132294688353 0.0069017555677646295 0.03372696692048897 1.104280890842341e-06 0.006565162638178401 1683 1683 4630
4.954722206126804 0.005910534651677093 0.03744293265254717 9.456855442683349e-07 0.005622282749056719 1009 1009 3888
4.792352590537533 0.007273154993719413 0.04253824047106052 1.1637047989951062e-06 0.006918449220292025 1012 1012 3988
3.2516138849374836 0.008022128531681027 0.03116470799091806 1.2835405650689645e-06 0.0076308959362226605 3625 3625 3511
4.455359538336449 0.0072475388692297745 0.039438218914520415 1.159606219076764e-06 0.006894082373077126 1209 1209 4480
4.83599422112091 0.00674141602080418 0.040460788042368794 1.0786265633286687e-06 0.006412642718747504 984 984 3987
3.1765213387355224 0.006979190265807785 0.027303032482428255 1.1166704425292456e-06 0.006638820909831188 3444 3444 3598
4.991038779359048 0.005672293348329144 0.03654239097949798 9.075669357326632e-07 0.005395660277679126 1017 1017 3790
4.858074054352199 0.007849097161170066 0.04577154597287831 1.2558555457872107e-06 0.007466303163013323 1027 1027 3953
4.5549294365362165 0.007304868786500664 0.04056840354766045 1.1687790058401062e-06 0.00694861635754256 1219 1219 4436
3.4243531392572324 0.007348553191630192 0.03064131792930431 1.1757685106608307e-06 0.006990170310245106 2774 2774 4037
4.986852349226776 0.007368302624458305 0.04471632682128095 1.1789284199133289e-06 0.007008956579514614 941 941 3815
4.864321762900056 0.0072323021780828795 0.04298762240215405 1.1571683484932608e-06 0.006879588762797117 943 943 3981
4.994317499859561 0.007228097674538454 0.04411641046863509 1.1564956279261528e-06 0.006875589309424578 934 934 3737
4.999732015452308 0.007303986739017212 0.044525831102930666 1.168637878242754e-06 0.006947777326787762 930 930 3771
3.079127331452329 0.006111447436268019 0.023876673876195555 9.778315898028832e-07 0.00581339718276535 3568 3568 3619
4.234208718548465 0.006663146391478475 0.035105994302663694 1.066103422636556e-06 0.006338190234722542 1381 1381 4663
3.11125200078002 0.007724207372538031 0.0289471316766126 1.235873179606085e-06 0.007347504146420128 3963 3963 3226
4.401302445229199 0.007655932785005483 0.04066594684665634 1.2249492456008775e-06 0.007282559254239473 1333 1333 4531
4.9969713890570056 0.008218779197989544 0.04881318184701045 1.315004671678327e-06 0.007817956111644044 936 936 3774
3.3902016438366345 0.007308774396120308 0.030207382125583358 1.1694039033792493e-06 0.006952331493800639 2966 2966 3945
4.905604413802794 0.007500221041108052 0.044602296023761055 1.2000353665772884e-06 0.007134441443731135 1030 1030 3922
3.215672231530757 0.00739229416248528 0.02890777353744488 1.182767065997645e-06 0.007031778070009408 3473 3473 3614
4.99697214487129 0.007748833888811714 0.04660802174082274 1.2398134222098742e-06 0.007370929647795982 948 948 3731
4.923224152343707 0.007093483555056579 0.04285537497988952 1.1349573688090527e-06 0.006747540209580848 937 937 3841
3.9407477404642908 0.007576940932739943 0.03611617239756237 1.2123105492383911e-06 0.007207419769492087 1865 1865 4536
4.758725046778185 0.007349066510753006 0.04258368183011819 1.1758506417204812e-06 0.006990658595217456 1044 1044 4136
4.9108031661638325 0.007519901024288752 0.04474118828599188 1.2031841638862004e-06 0.007153161650355282 961 961 3972
4.998841207586285 0.008468814567521495 0.04999709470477042 1.3550103308034393e-06 0.008055797462320267 1041 1041 3707
4.974122543616109 0.007394754773598203 0.04472726169880363 1.1831607637757126e-06 0.007034118679146754 980 980 3772
4.991103161892809 0.005326319388930514 0.03482212842639987 8.522111022288823e-07 0.005066559183077162 1055 1055 3794
4.965866493926404 0.006857237624284996 0.04210128964900373 1.0971580198855993e-06 0.006522815798103956 985 985 3734
4.9022094790131465 0.007042151159835246 0.04243158268845924 1.1267441855736393e-06 0.006698711252958665 1017 1017 3825
4.823401257507566 0.006840548209633495 0.04081601281620787 1.0944877135413592e-06 0.00650694031244711 1043 1043 4026
4.500459557445839 0.008886528507626695 0.046755010188720435 1.4218445612202714e-06 0.008453139837908508 1270 1270 4509
4.987821488867982 0.007297894649232299 0.044390823951385806 1.167663143877168e-06 0.006941982343199653 914 914 3760
4.46403539979096 0.007513634829735521 0.04064427497064213 1.2021815727576834e-06 0.007147201052944883 1261 1261 4533
4.993842120858127 0.007617673118622586 0.04596006900079073 1.218827698979614e-06 0.0072461654802467605 942 942 3736
4.9871706542499235 0.006170608126649433 0.038961142521043955 9.872973002639094e-07 0.005869672655045905 926 926 3818
4.288703220879682 0.007640423633808768 0.03956270426637121 1.222467781409403e-06 0.007267806471561671 1426 1426 4587
4.150972020339111 0.007120682579090683 0.03624109517008155 1.1393092126545093e-06 0.0067734127596342925 1462 1462 4719
3.7981743003956403 0.007302816171811248 0.03382095277243275 1.1684505874897997e-06 0.006946663847179476 2021 2021 4520
3.507838624687396 0.007737561971018589 0.03268119019235456 1.2380099153629743e-06 0.007360207452141637 2731 2731 4097
4.517650283557103 0.007600210953111015 0.04150287267640348 1.2160337524977624e-06 0.007229554930152273 1247 1247 4463
3.4156361113366023 0.00808348261902491 0.032933279827190756 1.293357219043986e-06 0.007689257835303949 2917 2917 3918
4.9979680585544966 0.007160620115297556 0.04382675360282629 1.145699218447609e-06 0.006811402575122815 963 963 3733
4.992663719714134 0.00675231925912812 0.04182406796704032 1.0803710814604993e-06 0.006423014215126457 957 957 3689
4.983279184506133 0.006950754827385044 0.04269664105255169 1.112120772381607e-06 0.006611772244299605 957 957 3697
3.5632344091599255 0.007245472146710544 0.03153423108018122 1.159275543473687e-06 0.006892116442911458 2558 2558 4260
4.58842156316156 0.009093933964172785 0.04854618116621779 1.4550294342676458e-06 0.008650430301313275 1302 1302 4408
4.992256590408528 0.006801324436057985 0.042056392342517915 1.0882119097692778e-06 0.006469629449974809 873 873 3744
4.2602919760128195 0.008749653185820175 0.043720733507016524 1.399944509731228e-06 0.008322939812713488 1519 1519 4643
4.997538710437664 0.007471742706128921 0.04530317551967543 1.1954788329806275e-06 0.007107351973672856 934 934 3769
4.998673725458581 0.008932194798307489 0.05214166318702751 1.4291511677291984e-06 0.008496579021237748 923 923 3786
4.923224152343707 0.007064325476121842 0.04271800521462329 1.1302920761794948e-06 0.006719804146119334 1006 1006 3829
4.765830207362776 0.007695817067746578 0.044213602467030946 1.2313307308394527e-06 0.007320498413389843 1061 1061 4092
4.677512277281656 0.007450387233800213 0.04230730523773688 1.1920619574080341e-06 0.007087037990125262 1053 1053 4234
4.869437514220877 0.007519901024288752 0.044364315428430716 1.2031841638862004e-06 0.007153161650355282 984 984 3915
4.193986799240351 0.005964068548561494 0.031915009538937514 9.542509677698393e-07 0.00567320584192067 1369 1369 4645
4.113678950298712 0.007090696588307799 0.035797528588728436 1.1345114541292479e-06 0.006744889160902974 1554 1554 4644
4.857569030581518 0.006639204266385571 0.04016190145132858 1.0622726826216915e-06 0.006315415747333758 932 932 3929
4.212157840270791 0.0071219947130252426 0.03678057711698593 1.1395191540840389e-06 0.00677466090187852 1319 1319 4738
4.986165209441522 0.007611094090600638 0.045858382783667065 1.217775054496102e-06 0.0072399073059980276 1005 1005 3721
4.823401257507566 0.005452688415421925 0.03426146606405953 8.724301464675081e-07 0.005186765296318738 991 991 3970
4.056398837627468 0.007495444240067645 0.03686285046842597 1.1992710784108233e-06 0.007129897603339719 1677 1677 4559
3.1550998945189823 0.00783657881847106 0.02968936234655296 1.2538526109553697e-06 0.007454395329568265 3887 3887 3346
4.4336157264219835 0.007478865650749855 0.0402211205943417 1.196618504119977e-06 0.007114127538156418 1243 1243 4505
3.9696626904983905 0.006862567193713183 0.03367568521994106 1.0980107509941094e-06 0.006527885448824554 1641 1641 4652
4.965244958011969 0.006770420429979551 0.04168101241268977 1.0832672687967282e-06 0.006440232606797141 994 994 3783
4.25749049148543 0.006316771216050021 0.03386819668348239 1.0106833945680036e-06 0.006008707491065788 1316 1316 4599
4.871621941469103 0.007109932939475984 0.04248283647058452 1.1375892703161575e-06 0.00676318737108215 967 967 3957
4.523552954487323 0.007421515158026457 0.0407907555373854 1.1874424252842332e-06 0.0070595739816863325 1206 1206 4485
4.977376230836199 0.004317068795779648 0.029610050463534696 6.907310073247438e-07 0.004106528909379788 1064 1064 3971
4.932256880675295 0.009084346391251802 0.05214048823148883 1.4534954226002885e-06 0.008641310306420144 1013 1013 3947
4.9744670616691975 0.007061251174944933 0.043147991802463176 1.1298001879911894e-06 0.006716879776076526 969 969 3748
4.981240123191256 0.007475676896748152 0.04517402064696382 1.1961083034797044e-06 0.007111094297058733 985 985 3803
3.057899777413455 0.007275379951039588 0.027149242741035143 1.164060792166334e-06 0.006920565668277836 4042 4042 3274
4.203951465810764 0.006804149747530892 0.035426891601666406 1.0886639596049427e-06 0.006472316973336225 1343 1343 4694
4.122124415043109 0.009276369404205662 0.04430369291388813 1.484219104672906e-06 0.008823968515326177 1775 1775 4493
4.987743810581985 0.009345645748761292 0.053924014926829925 1.4953033198018069e-06 0.008889866309665699 916 916 3810
4.988356351402837 0.006801324436057985 0.04202353546128948 1.0882119097692778e-06 0.006469629449974809 930 930 3771
4.988356351402837 0.009232276140238438 0.05341189127316405 1.4771641824381501e-06 0.008782025643494408 917 917 3806
4.9680783782932725 0.00677939491691029 0.041747761488883206 1.0847031867056465e-06 0.0064487694153983754 1062 1062 3793
4.998673725458581 0.007449729510931044 0.045209035163835995 1.1919567217489673e-06 0.007086412343858232 991 991 3732
3.847653663193583 0.007790194469706458 0.036038111515885755 1.2464311151530334e-06 0.007410273107256033 2083 2083 4494
4.986424850459672 0.006750495154239261 0.04176303463313618 1.0800792246782818e-06 0.006421279070329329 919 919 3792
4.963547827118264 0.007306264448617189 0.0442143526774316 1.1690023117787504e-06 0.006949943954368176 984 984 3837
4.999024896411515 0.007152422305762902 0.043796872236630806 1.1443875689220644e-06 0.006803604566001312 935 935 3750
3.0422988190997087 0.005513098578713082 0.021793206649428732 8.820957725940931e-07 0.005244229305745227 3366 3366 3625
4.997373685451619 0.007234535300480556 0.04417408910091527 1.157525648076889e-06 0.006881712977656331 819 819 3770
4.993830217512687 0.006838087990134857 0.042246375363738334 1.0940940784215773e-06 0.006504600075825344 944 944 3706
4.954722206126804 0.006040180985417661 0.03807448586313345 9.664289576668257e-07 0.005745606337974553 932 932 3872
4.461340323559687 0.007413373542354426 0.04019525529713761 1.1861397667767083e-06 0.007051829425899095 1220 1220 4529
4.980299477235304 0.007156104337613737 0.04365033585689577 1.144976694018198e-06 0.006807107028194061 912 912 3819
4.993779811124872 0.007102929685181291 0.04351466450408184 1.1364687496290067e-06 0.006756525659726286 972 972 3728
4.998673624308131 0.007297894649232299 0.04448740624385465 1.167663143877168e-06 0.006941982343199653 929 929 3750
3.8589138655632014 0.007101363599751064 0.033619919947601606 1.1362181759601703e-06 0.00675503595099149 1884 1884 4528
4.980299477235304 0.007156104337613737 0.04365033585689577 1.144976694018198e-06 0.006807107028194061 912 912 3819
4.9923797140168205 0.005765698971777742 0.037013934057937084 9.225118354844388e-07 0.005484510585870945 981 981 3811
3.606069730496574 0.006504529128366271 0.02934437669122139 1.0407246605386034e-06 0.0061873086047763756 2228 2228 4373
4.3512507345750056 0.008696379209508257 0.04443948654455018 1.3914206735213213e-06 0.008272263964309965 1488 1488 4588
4.954976003033064 0.008776488243409099 0.05097291125049819 1.4042381189454559e-06 0.008348466146665248 957 957 3823
4.13195804809006 0.007525151341087489 0.03766587301541623 1.2040242145739982e-06 0.007158155913531835 1587 1587 4608
4.994317499859561 0.006234686259910683 0.039329734401226224 9.975498015857094e-07 0.005930625750570733 950 950 3812
4.888773125369526 0.007069530960946485 0.042443438354868926 1.1311249537514377e-06 0.006724755763740213 950 950 3864
4.991335002352626 0.00675208878601569 0.04181182805620558 1.0803342057625104e-06 0.00642279498199773 1008 1008 3723
4.981934410962509 0.007275379951039588 0.04423158261829761 1.164060792166334e-06 0.006920565668277836 890 890 3728
4.948132949667935 0.005405213943707149 0.03491288877853313 8.648342309931438e-07 0.005141606115453968 988 988 3908
4.99735791389606 0.007413328177055743 0.04502438768517687 1.186132508328919e-06 0.007051786273028632 963 963 3784
4.987743810581985 0.006744816503512581 0.041746770739273895 1.0791706405620131e-06 0.0064158773627174 912 912 3734
4.993424386363948 0.007219431495424911 0.04406724327794705 1.1551090392679858e-06 0.006867345772722447 931 931 3773
4.85739640389653 0.007275969281628851 0.043128612473450546 1.1641550850606162e-06 0.0069211262577000745 946 946 4002
3.0606774622740724 0.00739229416248528 0.027514424537124698 1.182767065997645e-06 0.007031778070009408 4118 4118 3177
4.993013939927117 0.007373800267155716 0.044797677441921244 1.1798080427449145e-06 0.007014186106709645 918 918 3793
4.993652108989864 0.007705063893573727 0.0463707592214645 1.2328102229717963e-06 0.00732929427914401 941 941 3677
4.986424850459672 0.008656171101307852 0.05074069171269358 1.3849873762092563e-06 0.00823401677240099 979 979 3783
4.911549630517539 0.007436049837715815 0.044357278363597936 1.1897679740345305e-06 0.0070733998170288866 1015 1015 3858
3.5535905400879124 0.0069586261492740244 0.030473937989154543 1.113380183883844e-06 0.006619259688308774 2419 2419 4291
4.996522164640627 0.00733769402635704 0.04465755893622207 1.1740310442171266e-06 0.0069798407375105875 920 920 3724
4.9990484065013305 0.007096778225337067 0.043531160451479096 1.135484516053931e-06 0.006750674201507717 1000 1000 3734
4.289156538305824 0.00689355808639807 0.03651381661661849 1.1029692938236914e-06 0.006557364941220505 1317 1317 4606
4.9624814307996115 0.005554318562833654 0.03575186761490619 8.886909700533847e-07 0.005283439025219883 955 955 3819
4.910634281864153 0.00746911172743872 0.04450311951632478 1.1950578763901953e-06 0.007104849305644532 998 998 3973
3.692397533240246 0.0076682843912497835 0.03415910404961405 1.2269255025999655e-06 0.00729430848282927 2308 2308 4373
4.993779811124872 0.00961580905176439 0.0552229417318671 1.5385294482823026e-06 0.00914685397109012 929 929 3825
3.0222650479393494 0.007297894649232299 0.026897681879138564 1.167663143877168e-06 0.006941982343199653 4178 4178 3071
3.5639640059905995 0.00885874157701149 0.03693433057310888 1.4173986523218386e-06 0.008426708052993283 2909 2909 3984
4.995789345278648 0.007156104337613737 0.04378609836386177 1.144976694018198e-06 0.006807107028194061 965 965 3703
4.980646109689008 0.004053585249992984 0.02826170676838069 6.485736399988775e-07 0.0038558952389188043 1069 1069 4107
4.980286602489447 0.006504529128366271 0.04052706048853049 1.0407246605386034e-06 0.0061873086047763756 951 951 3712
4.99773319265118 0.005149272682816555 0.03397965778551271 8.238836292506489e-07 0.0048981468988721485 1041 1041 3805
4.985875162045284 0.006828962362569892 0.04213529398158156 1.0926339780111827e-06 0.006495919497594021 891 891 3725
4.997928040820496 0.007518347197784632 0.04552760166291174 1.2029355516455412e-06 0.007151683602688873 897 897 3734
3.0168286470214305 0.007469153752571549 0.027340434836830668 1.195064600411448e-06 0.007104889281246278 4170 4170 3070
4.934879211983624 0.0070587091820139124 0.042792601766068285 1.129393469122226e-06 0.0067144617540452626 956 956 3882
4.995766787301097 0.007216452888616567 0.044073719177770365 1.1546324621786508e-06 0.006864512430112735 935 935 3729
4.526109822786849 0.007275379951039588 0.040184591777354776 1.164060792166334e-06 0.006920565668277836 1235 1235 4430
4.9913661436056955 0.007719044956950911 0.04641541682775824 1.235047193112146e-06 0.007342593497585562 974 974 3815
4.963240053141071 0.007344111533256751 0.04439039807279035 1.1750578453210802e-06 0.006985945267889063 935 935 3814
#acc_paschen_factor density_factor volt density pressure N_not_eqm N_less_eqm N_eqm
4.9201179048309385 0.006744816503512581 0.04118075065270989 1.0791706405620131e-06 0.0064158773627174 934 934 3943
3.3006435576135886 0.007634210133177697 0.030428596093520686 1.2214736213084316e-06 0.007261895998234286 3302 3302 3751
4.990351776838477 0.007888411667906322 0.04720248081143475 1.2621458668650115e-06 0.007503700333664916 956 956 3798
4.997538710437664 0.007170774458940538 0.04387145658629895 1.1473239134304861e-06 0.006821061699797048 930 930 3665
4.998673725458581 0.006894123285148089 0.04255668892466339 1.1030597256236945e-06 0.006557902575693407 916 916 3720
4.335135221132618 0.009049028868723646 0.04568715715266153 1.4478446189957834e-06 0.008607715190351731 1489 1489 4615
4.975050937940342 0.006085267236060724 0.03845071868729307 9.736427577697159e-07 0.005788493769340548 914 914 3762
4.987319822020906 0.004685871137258105 0.0315633032919899 7.49739381961297e-07 0.004457345064686095 1050 1050 3853
4.322252728929598 0.0071784780387598186 0.037975177863763324 1.148556486201571e-06 0.006828389582378979 1348 1348 4594
4.717948078775785 0.007924576153002702 0.044786344127923025 1.2679321844804325e-06 0.0075381011066352945 1125 1125 4139
4.97372277721207 0.007253380922879433 0.04405439821381021 1.1605409476607093e-06 0.006899639514586181 932 932 3767
4.877885020066687 0.007034587402277987 0.04218570146014509 1.125533984364478e-06 0.006691516373622299 975 975 3919
4.996954126923345 0.006160827216962381 0.03898976312892871 9.85732354713981e-07 0.005860368752261409 959 959 3679
4.994420601386711 0.006632030145619049 0.041258735499724634 1.0611248232990478e-06 0.00630859150252304 900 900 3691
4.994105034027132 0.007156104337613737 0.04377133604843229 1.144976694018198e-06 0.006807107028194061 945 945 3724
4.30703376972916 0.007185687714770477 0.03787111175390051 1.1497100343632763e-06 0.006835247648433884 1343 1343 4570
4.987821488867982 0.008148392929011608 0.04839540196536412 1.3037428686418574e-06 0.007751002522981328 908 908 3822
4.990286344447933 0.005597142634673399 0.03616465747340196 8.95542821547744e-07 0.005324174602377973 970 970 3808
4.999773705454247 0.00753632297910829 0.04562959019478845 1.2058116766573265e-06 0.0071687827199756905 963 963 3693
3.131380909643588 0.00750382460200601 0.028481560173725818 1.2006119363209618e-06 0.007137869261934692 3848 3848 3348
4.99432218262736 0.008351245241791157 0.049404966898450385 1.3361992386865852e-06 0.007943961895687671 1030 1030 3697
4.677902317543762 0.006001326700181393 0.03576878761296963 9.60212272029023e-07 0.005708646944199777 1014 1014 4204
3.633453208765928 0.007017530732596501 0.03136403219619251 1.1228049172154403e-06 0.006675291543660534 2286 2286 4353
4.9977643255971005 0.007889420473065388 0.04727733741569654 1.2623072756904623e-06 0.007504659940227982 941 941 3765
4.430771948767166 0.007489215747625355 0.04023882289709679 1.198274519620057e-06 0.00712397286933939 1268 1268 4548
4.991031974159692 0.007182252474589397 0.043869038053036165 1.1491603959343038e-06 0.0068319799420846015 833 833 3784
4.064966512038235 0.006880040858410697 0.03455246463735177 1.1008065373457116e-06 0.006544506937299164 1552 1552 4668
4.998591263519881 0.007139282079864506 0.04373031257088976 1.1422851327783211e-06 0.006791105178087851 936 936 3719
4.987674052468023 0.007101643391146673 0.04345532417951179 1.1362629425834677e-06 0.00675530209719138 969 969 3714
4.4580783240270145 0.007478280851113858 0.04044056844309182 1.1965249361782174e-06 0.00711357125871659 1238 1238 4533
4.9965242568510275 0.0073126946608722074 0.04453869044414541 1.1700311457395534e-06 0.006956060570472254 967 967 3766
4.901789400137825 0.006801324436057985 0.04129426732365173 1.0882119097692778e-06 0.006469629449974809 916 916 4014
4.988356351402837 0.008073128911607151 0.04804890823790754 1.2917006258571443e-06 0.007679409069661887 1050 1050 3740
4.017040105679098 0.006213612765443243 0.03155109123263218 9.941780424709189e-07 0.005910579993056561 1457 1457 4771
4.997029040125461 0.0058349692493382165 0.037390360441024076 9.335950798941147e-07 0.005550402609097663 984 984 3748
3.8642456413944934 0.008026999948871023 0.03705406687888454 1.284319991819364e-06 0.007635529778412049 2119 2119 4489
4.975050937940342 0.008299586918605741 0.04897456960280876 1.3279339069769187e-06 0.007894822906339534 1073 1073 3707
3.9258236237534856 0.007645272359498863 0.03623318624320616 1.2232435775198182e-06 0.007272418728896901 1913 1913 4589
4.990406355983148 0.007261138614172437 0.044239073359080276 1.16178217826759e-06 0.006907018869669867 928 928 3765
4.972013624270341 0.00699960255508646 0.042833074031750705 1.1199364088138337e-06 0.006658237708588587 918 918 3779
4.987644690676188 0.007154433850358044 0.04370675423816695 1.1447094160572873e-06 0.006805518009224764 955 955 3821
3.7180282754981815 0.0073193845256923785 0.03316593935282016 1.1711015241107806e-06 0.006962424176099927 2139 2139 4480
3.555931639218132 0.0059917975694235796 0.02715653322317197 9.586876111077727e-07 0.005699582541293694 2137 2137 4513
4.942362114787083 0.00834428330498549 0.048858879375988186 1.3350853287976783e-06 0.007937339486800952 970 970 3931
4.980299477235304 0.005931363213237303 0.03773835766428102 9.490181141179686e-07 0.005642095518839636 966 966 3790
4.979411524208373 0.005696562389980729 0.036577033821256606 9.114499823969167e-07 0.005418745738175517 970 970 3810
4.990267355452999 0.006457410118426119 0.040380090852230405 1.033185618948179e-06 0.006142487550108508 960 960 3673
4.998774735464446 0.007884080589599399 0.04726178251761252 1.261452894335904e-06 0.007499580478476702 921 921 3764
4.980299477235304 0.008995943780255079 0.05224282299295599 1.4393510048408126e-06 0.008557219017887146 930 930 3777
4.992444598336121 0.006770420429979551 0.04190934123746252 1.0832672687967282e-06 0.006440232606797141 930 930 3752
4.992643212132985 0.005741387049392902 0.036895819173904734 9.186219279028644e-07 0.005461384335899312 1027 1027 3825
4.9964301954689105 0.0067395602927153315 0.04179414839126302 1.0783296468344531e-06 0.006410877492987781 948 948 3750
4.992855896424663 0.007368302624458305 0.04477015969215576 1.1789284199133289e-06 0.007008956579514614 888 888 3785
4.9931012022961125 0.0066009555682578405 0.041097758724585834 1.0561528909212546e-06 0.006279032406683451 895 895 3710
3.9460572028023635 0.0072519468998751635 0.03494652862483829 1.1603115039800263e-06 0.006898275427701694 1779 1779 4528
4.969444790075054 0.007182252474589397 0.043679295930571335 1.1491603959343038e-06 0.0068319799420846015 957 957 3773
4.8681126702566395 0.0076634251915464555 0.04501352435933335 1.226148030647433e-06 0.007289686262289797 1002 1002 3973
3.6967236601005338 0.007715456100195896 0.03436382970603765 1.2344729760313434e-06 0.007339179666416018 2302 2302 4348
4.948132949667935 0.007446308427411563 0.044735864326819745 1.1914093483858502e-06 0.007083158103761828 955 955 3903
4.988765635499618 0.007214527627330302 0.04400279017690429 1.1543244203728484e-06 0.006862681062232315 890 890 3788
4.683373124809996 0.007749809036613466 0.04368731296361169 1.2399694458581545e-06 0.007371857238443305 1098 1098 4198
4.992256590408528 0.00786811503270327 0.04712515283700042 1.2588984052325234e-06 0.00748439354862921 974 974 3787
4.596299740695725 0.00586076578295929 0.03450887528736528 9.377225252734864e-07 0.005574941067039377 1029 1029 4282
4.255998394534778 0.005347434876371006 0.029783406932091656 8.55589580219361e-07 0.005086644885601707 1232 1232 4628
3.126836962165755 0.005480424602923051 0.022296975250581434 8.768679364676883e-07 0.005213148812819726 3013 3013 3840
4.966240182129318 0.007066528385318037 0.04310172041796993 1.130644541650886e-06 0.0067218996212499976 904 904 3853
4.9942870266291735 0.006085267236060724 0.03859938881028166 9.736427577697159e-07 0.005788493769340548 859 859 3746
4.968637829017094 0.006965387627696223 0.042640958130743825 1.1144620204313957e-06 0.006625691415002139 996 996 3872
3.3020347677028705 0.009031394490631279 0.03474587436750655 1.4450231185010047e-06 0.00859094082634205 3626 3626 3505
4.7108257151956625 0.008882364303239344 0.048922374151196706 1.421178288518295e-06 0.00844917871833637 1127 1127 4252
4.9990484065013305 0.0072250981010185174 0.04414389755781739 1.1560156961629628e-06 0.006872736022632513 912 912 3806
4.997373685451619 0.00706131288879864 0.04334697663340227 1.1298100622077825e-06 0.006716938480196462 977 977 3773
4.964281629062888 0.007037846113352748 0.042948385677283575 1.1260553781364397e-06 0.006694616160044258 936 936 3806
3.880667368219948 0.008506402883869984 0.038949089555783176 1.3610244614191975e-06 0.008091552627466324 1967 1967 4510
4.997744230173347 0.0075231788938290595 0.045548815467121306 1.2037086230126496e-06 0.007156279660900217 955 955 3691
3.6433316673378044 0.008701963593618373 0.03722833477789688 1.3923141749789399e-06 0.008277576002610513 2606 2606 4199
4.997373685451619 0.007234535300480556 0.04417408910091527 1.157525648076889e-06 0.006881712977656331 819 819 3770
4.99843629634539 0.007312057443475446 0.044552701886699825 1.1699291909560715e-06 0.006955454429642643 920 920 3766
4.995892184354421 0.007198191314044667 0.043987769133171206 1.1517106102471467e-06 0.006847141457478799 937 937 3770
4.99843629634539 0.006770420429979551 0.04195963886450999 1.0832672687967282e-06 0.006440232606797141 977 977 3759
4.2891932684893055 0.007741710942175146 0.03997756431931374 1.2386737507480234e-06 0.007364154081395088 1398 1398 4650
4.098498363885257 0.0067395602927153315 0.03428312657242946 1.0783296468344531e-06 0.006410877492987781 1487 1487 4717
4.985187982659442 0.007368302624458305 0.0447014027059947 1.1789284199133289e-06 0.007008956579514614 992 992 3785
4.9931012022961125 0.005700590368704033 0.03669751903495919 9.120944589926454e-07 0.005422577275696945 1012 1012 3776
4.994317499859561 0.005877249213831298 0.037578352822463204 9.403598742130078e-07 0.005590620614575853 955 955 3769
4.7525850735803665 0.007310522670886848 0.04235440479810392 1.1696836273418957e-06 0.006953994506648001 1108 1108 4112
4.280677629584577 0.0068357495006434905 0.03620367627275133 1.0937199201029586e-06 0.0065023756325387405 1347 1347 4671
3.3185361780476232 0.009133746739878278 0.035232150733255294 1.4613994783805246e-06 0.008688301440767224 3638 3638 3444
4.948132949667935 0.006165892807179803 0.03863334679341524 9.865428491487685e-07 0.00586518729781974 982 982 3777
3.2814015542736987 0.0074312244876083644 0.029620019115029508 1.1889959180173383e-06 0.007068809795268404 3303 3303 3746
4.989596838852133 0.006744816503512581 0.04176228034628361 1.0791706405620131e-06 0.0064158773627174 979 979 3777
3.61330198732559 0.007025441473266816 0.03121747470369464 1.1240706357226907e-06 0.006682816484029568 2313 2313 4261
4.998284285668358 0.008290173981397538 0.04915936212453109 1.3264278370236062e-06 0.007885869030319431 1010 1010 3814
4.967356440507112 0.007054278739746098 0.0430531563142075 1.1286845983593759e-06 0.006710247380794621 935 935 3765
4.980545649581555 0.007371799343365421 0.044676335544638034 1.1794878949384674e-06 0.007012282766323145 916 916 3790
4.983226942447531 0.007066528385318037 0.04324914755946771 1.130644541650886e-06 0.0067218996212499976 958 958 3772
3.050732724629566 0.007251530053686644 0.02701626692841755 1.160244808589863e-06 0.006897878910758161 4072 4072 3236
4.926342454517642 0.007721653665543943 0.04582288357900315 1.235464586487031e-06 0.007345074981610997 1032 1032 3869
4.983667998327687 0.007493632427125158 0.04528092024495361 1.1989811883400253e-06 0.007128174151020872 968 968 3775
4.99640775186073 0.007151598335381587 0.043770010008932415 1.144255733661054e-06 0.006802820779976255 961 961 3740
4.997746899482133 0.007156045952720916 0.043802976795780935 1.1449673524353466e-06 0.006807051490684332 977 977 3732
4.991433639787942 0.007524678286026426 0.04549839485764868 1.2039485257642283e-06 0.007157705928976139 892 892 3767
4.954722206126804 0.009748201966694915 0.055388931744205394 1.5597123146711864e-06 0.009272790192697418 1023 1023 3926
4.966806455280496 0.006632030145619049 0.04103061599574639 1.0611248232990478e-06 0.00630859150252304 903 903 3802
4.980299477235304 0.007568629063770187 0.04560426393179217 1.2109806502032301e-06 0.007199513263520108 1031 1031 3757
4.459311496040809 0.007602941840182461 0.04097844771290373 1.2164706944291938e-06 0.007232152634112449 1246 1246 4564
4.488123989381777 0.007775107392097065 0.04197308328852039 1.2440171827355305e-06 0.007395921813984637 1215 1215 4512
3.459748192870208 0.008863787927084501 0.03587044504830282 1.4182060683335203e-06 0.008431508296733187 3058 3058 3858
4.984365666228668 0.007156104337613737 0.04368597437944431 1.144976694018198e-06 0.006807107028194061 945 945 3770
4.742427310811804 0.008782735912275998 0.048813791813768125 1.4052377459641597e-06 0.008354409121871766 1087 1087 4219
4.989330246960946 0.008723222163173224 0.05108028955939659 1.395715546107716e-06 0.008297797809252648 996 996 3808
3.924567393776346 0.00765731711496374 0.03626627620961894 1.2251707383941986e-06 0.0072838760715668366 1886 1886 4564
4.9932200433758505 0.007368302624458305 0.04477342494104222 1.1789284199133289e-06 0.007008956579514614 876 876 3826
3.150095130010082 0.008079413864255192 0.030360943135421908 1.2927062182808308e-06 0.007685387510350275 3837 3837 3306
4.994317499859561 0.00863676865826907 0.05073113281395302 1.3818829853230514e-06 0.00821556057051483 938 938 3783
3.745049211123641 0.005741453567133239 0.02767629957149133 9.186325707413183e-07 0.0054614476096242846 1747 1747 4644
4.981240123191256 0.007374497442731567 0.04469534380391444 1.179919590837051e-06 0.007014849281607381 908 908 3777
3.304619436954513 0.007275379951039588 0.029339717384887436 1.164060792166334e-06 0.006920565668277836 3156 3156 3827
4.948132949667935 0.00717553311429912 0.04346022794108738 1.1480852982878594e-06 0.006825588279456586 947 947 3850
4.99836624537879 0.007257912139575198 0.04429426506771244 1.1612659423320317e-06 0.006903949747578996 891 891 3769
4.969137251157724 0.006744816503512581 0.04159103624287026 1.0791706405620131e-06 0.0064158773627174 916 916 3797
4.983022686060128 0.007338805112543865 0.044542172394885636 1.1742088180070184e-06 0.006980897636940003 954 954 3774
4.9542699495846145 0.007744374241528159 0.046188882538473836 1.2390998786445056e-06 0.007366687493834142 1021 1021 3764
3.3130846661806372 0.007783705660072134 0.031010935171751984 1.2453929056115417e-06 0.007404100751518534 3342 3342 3723
4.61333855788941 0.007797882878875017 0.04324314448119886 1.2476612606200027e-06 0.007417586559047371 1173 1173 4319
4.9932200433758505 0.008084057344040692 0.048146902641443536 1.293449175046511e-06 0.007689804531454484 948 948 3744
4.987232675563843 0.007165750766150884 0.04375705601211226 1.1465201225841415e-06 0.006816283008363472 888 888 3810
4.581824390416595 0.007684311195914898 0.04245674785328701 1.2294897913463837e-06 0.007309553673442542 1125 1125 4393
4.9883785667911855 0.007501429764603985 0.045360605234747366 1.2002287623366377e-06 0.0071355912187785805 948 948 3704
4.5488202840056005 0.0071390266758599155 0.03979436857170282 1.1422442681375866e-06 0.0067908622299260235 1139 1139 4415
4.9990484065013305 0.007718515652266757 0.04648435745720706 1.2349625043626813e-06 0.007342090006654523 932 932 3712
4.987396857836568 0.006790560193789997 0.04196374554546312 1.0864896310063996e-06 0.006459390170928742 925 925 3767
4.980817828015957 0.0074173495798841044 0.04489439491417833 1.1867759327814569e-06 0.007055611555356093 960 960 3797
4.994420601386711 0.006935756197507787 0.04272019707818497 1.1097209916012462e-06 0.006597505085237361 920 920 3727
4.996597252061278 0.007418730055055391 0.045043174187012654 1.1869968088088626e-06 0.007056924705891267 906 906 3799
3.5586925772843303 0.006854686568282009 0.030162346713506132 1.0967498509251216e-06 0.006520389154999275 2302 2302 4304
3.218106299511414 0.006941538613024163 0.02754420672337863 1.1106461780838662e-06 0.006603005497115732 3369 3369 3715
4.784801568504788 0.007802102895750812 0.04486938336649537 1.24833646332013e-06 0.007421600769178901 1123 1123 4074
4.50922871829141 0.007280892143759895 0.040058395976633035 1.1649427430015833e-06 0.006925809035903142 1171 1171 4514
4.994658979317145 0.006680665378729625 0.041495441389536966 1.06890646059674e-06 0.006354854835407209 911 911 3690
4.53816570750082 0.006504529128366271 0.03692930363544278 1.0407246605386034e-06 0.0061873086047763756 1118 1118 4389
3.658935696083126 0.007252927920481786 0.03240718445706918 1.1604684672770859e-06 0.006899208604742035 2327 2327 4351
4.984515234655375 0.007368302624458305 0.04469537027962402 1.1789284199133289e-06 0.007008956579514614 943 943 3784
4.617795127158541 0.007633318157510746 0.04256750668994685 1.2213309052017195e-06 0.007261047523485312 1134 1134 4356
4.992669650957905 0.006836293948280779 0.042227938665273086 1.0938070317249247e-06 0.006502893527913572 953 953 3753
4.994783673103353 0.007182252474589397 0.04390201388340053 1.1491603959343038e-06 0.0068319799420846015 902 902 3817
4.7962296947856595 0.007632776652680333 0.04420988646174294 1.2212442644288535e-06 0.007260532427399091 1070 1070 4089
4.99678462086135 0.007800359120961644 0.0468490387409879 1.2480574593538632e-06 0.0074199420368487225 925 925 3780
4.999626978567797 0.006950754827385044 0.04283670864042076 1.112120772381607e-06 0.006611772244299605 890 890 3695
4.988765635499618 0.007644730551410491 0.0460409992022982 1.2231568882256787e-06 0.007271903344342361 926 926 3735
4.244260173851352 0.008733550874669259 0.04349293137097134 1.3973681399470814e-06 0.008307622798003482 1640 1640 4613
4.992256590408528 0.00534233482688171 0.0349102413487511 8.547735723010736e-07 0.005081793561321785 995 995 3870
4.998477332393337 0.006557695978938484 0.040932670545610776 1.0492313566301574e-06 0.00623788255187421 952 952 3712
3.7287160577798626 0.006908393831435938 0.031795906994967704 1.1053430130297502e-06 0.006571477159202703 2146 2146 4486
4.9932251848301075 0.009426656932218242 0.054353729041873626 1.508265109154919e-06 0.008966926644486922 902 902 3730
4.999293385053354 0.006828637765814416 0.04224712873028536 1.0925820425303066e-06 0.0064956107311547285 958 958 3757
4.996508223184527 0.007258837243179435 0.04428220551759764 1.1614139589087097e-06 0.006904829734643062 865 865 3829
4.650623798733471 0.007368201659497675 0.041700971379694335 1.178912265519628e-06 0.007008860538531882 1117 1117 4267
4.999024896411515 0.007770012602230258 0.04672702905824759 1.2432020163568413e-06 0.00739107549281975 950 950 3745
4.507439179299582 0.007275197381674313 0.04001804233951369 1.1640315810678902e-06 0.006920392002670005 1179 1179 4482
4.886547938988058 0.004999814121233194 0.03248635233589454 7.99970259397311e-07 0.004755977308131227 986 986 4001
4.959353372143934 0.004697325702770794 0.03144440854753375 7.515721124433272e-07 0.0044682410004812856 1011 1011 3870
4.983380389506089 0.007204062019528839 0.0439055258813897 1.1526499231246143e-06 0.006852725853496018 914 914 3775
4.9945915633733895 0.007065490132033742 0.043342816704213166 1.1304784211253988e-06 0.006720912002722493 971 971 3799
4.831757488930638 0.007418730055055391 0.04355718166268496 1.1869968088088626e-06 0.007056924705891267 961 961 4065
4.997214865437918 0.00480354090538134 0.03222618461676756 7.685665448610144e-07 0.004569276175218886 1022 1022 3807
4.997373685451619 0.0070082261552003745 0.04309285577925331 1.12131618483206e-06 0.0066664407428338 957 957 3784
3.3977106956826053 0.007349983899497772 0.030407544093700754 1.1759974239196437e-06 0.006991531243669387 2932 2932 3974
4.953603149177912 0.0068433579725298765 0.041931182883220265 1.0949372756047804e-06 0.00650961304552326 919 919 3865
4.109284430890824 0.007444073513390099 0.03714315098507093 1.191051762142416e-06 0.007081032184654842 1648 1648 4620
4.990628095735628 0.0072946247920172 0.04440026081037122 1.167139966722752e-06 0.00693887195422543 939 939 3759
4.813243231412853 0.0073248236276765195 0.04296050785394231 1.1719717804282432e-06 0.006967598017564019 993 993 4023
3.205272382499701 0.007368302624458305 0.02874117727373778 1.1789284199133289e-06 0.007008956579514614 3495 3495 3521
4.9893291703173155 0.005690025960734615 0.03661757063433388 9.104041537175385e-07 0.00541252808519544 1068 1068 3745
3.091399928360512 0.007228097674538454 0.027307328411959483 1.1564956279261528e-06 0.006875589309424578 3733 3733 3363
4.996606985270036 0.007416421027622141 0.04503230256491945 1.1866273644195426e-06 0.007054728287822494 930 930 3810
4.998864456276969 0.007097363448580521 0.04353235696698023 1.1355781517728833e-06 0.006751230883896014 947 947 3772
4.959353372143934 0.007275379951039588 0.044031099231380065 1.164060792166334e-06 0.006920565668277836 889 889 3863
4.552806343688368 0.007824922567147223 0.042791740016442245 1.2519876107435558e-06 0.0074433075440126775 1233 1233 4454
4.98919170222957 0.007079995392003613 0.043365219470215974 1.1327992627205782e-06 0.006734709853121026 975 975 3826
4.974317274882442 0.006745765197270522 0.04163894294719822 1.0793224315632836e-06 0.0064167797894628216 905 905 3754
4.992256590408528 0.007440768746072456 0.0451085286001222 1.1905229993715931e-06 0.007077888588115 942 942 3731
4.988356351402837 0.009476624716306266 0.054528759518074205 1.5162599546090027e-06 0.009014457540935855 1042 1042 3746
4.99993821797314 0.009339840725734372 0.05402925221493094 1.4943745161174997e-06 0.008884344392826439 911 911 3732
4.996444029003161 0.007260639798156672 0.0442902208323855 1.1617023677050675e-06 0.006906544380499993 872 872 3821
4.976550456952383 0.007628184930946369 0.04585040713688922 1.2205095889514192e-06 0.007256164640148912 1007 1007 3829
4.975880355023865 0.006989707064807648 0.04281917759499714 1.1183531303692238e-06 0.006648824813213337 980 980 3763
4.603075141580198 0.007479363536153463 0.04176060607193745 1.1966981657845542e-06 0.007114601142099324 1189 1189 4355
4.988310570827972 0.006776238478222238 0.04190260527193499 1.0841981565155583e-06 0.006445766913623135 891 891 3739
4.824056105710615 0.00699960255508646 0.04155844451040604 1.1199364088138337e-06 0.006658237708588587 979 979 4022
4.961519089177973 0.007253380922879433 0.04394630490897334 1.1605409476607093e-06 0.006899639514586181 966 966 3873
3.5808155044119956 0.007448655830313991 0.03238198363952389 1.1917849328502387e-06 0.007085391025759784 2526 2526 4234
4.993097133871581 0.006857237624284996 0.042332154707712386 1.0971580198855993e-06 0.006522815798103956 937 937 3657
4.997583387624696 0.0072389807518863855 0.0441971285917497 1.1582369203018218e-06 0.006885941628061701 837 837 3766
3.0451132230462097 0.007256644784899715 0.026981349279599106 1.1610631655839546e-06 0.006902744200746294 4108 4108 3176
4.993779811124872 0.007504847030522753 0.04542590116075088 1.2007755248836406e-06 0.007138841827455509 934 934 3725
3.0770366600367662 0.007570231381412994 0.028180884149437466 1.2112370210260792e-06 0.007201037437452343 4024 4024 3189
4.170200210467452 0.00740285087955167 0.03753048378710827 1.1844561407282673e-06 0.0070418199446868855 1520 1520 4643
4.990880493608532 0.006906192417092966 0.04254821599460374 1.1049907867348746e-06 0.006569383106022504 944 944 3734
4.98819551517943 0.007200660313255005 0.04393175567501814 1.1521056501208008e-06 0.006849490045632965 887 887 3820
4.970134353445715 0.007263798105030294 0.044071963389034796 1.1622076968048471e-06 0.006909548659350935 889 889 3787
4.999028826929393 0.008189883462663687 0.04869821264458998 1.31038135402619e-06 0.007790469597509864 946 946 3724
4.9932200433758505 0.007688458142687581 0.046288440036295335 1.230153302830013e-06 0.007313498377039652 909 909 3712
3.367035171558669 0.007290726500689317 0.029943094582687766 1.166516240110291e-06 0.006935163779352058 2972 2972 3853
4.8371403607794194 0.007228097674538454 0.04272801431958364 1.1564956279261528e-06 0.006875589309424578 1006 1006 4029
4.855528675131905 0.007182252474589397 0.04267802196415151 1.1491603959343038e-06 0.0068319799420846015 1003 1003 3962
3.081289247627587 0.007374497442731567 0.027647589531136545 1.179919590837051e-06 0.007014849281607381 3916 3916 3316
4.99837745588737 0.008398184154567083 0.04966376105038887 1.3437094647307334e-06 0.00798861163638155 1064 1064 3761
4.985814931180146 0.007334809993910348 0.044548177910883106 1.1735695990256558e-06 0.006977097356948873 898 898 3743
4.996988462903832 0.007248463780041013 0.04423704860506101 1.1597542048065621e-06 0.0068949621767505475 920 920 3766
3.6093777788772865 0.007214588792815461 0.03183628084744958 1.154334206850474e-06 0.006862739244727184 2449 2449 4288
4.991308177944884 0.007192678428534554 0.04392114425289139 1.1508285485655288e-06 0.006841897430850476 879 879 3795
4.998573525187846 0.009232276140238438 0.053521289747707756 1.4771641824381501e-06 0.008782025643494408 954 954 3813
4.986331782815355 0.00739229416248528 0.04482538628993705 1.182767065997645e-06 0.007031778070009408 958 958 3762
4.98452121452064 0.007260639798156672 0.04418453285043091 1.1617023677050675e-06 0.006906544380499993 904 904 3782
4.996369915015867 0.007066528385318037 0.04336321468234669 1.130644541650886e-06 0.0067218996212499976 959 959 3706
4.499073874078453 0.007208958028903355 0.039659615978058047 1.153433284624537e-06 0.006857383088529358 1210 1210 4495
4.6744599739578785 0.007602657746586056 0.04295427899728182 1.216425239453769e-06 0.0072318823955265475 1107 1107 4110
4.985807057840418 0.0071596417536263935 0.04371545538269356 1.145542680580223e-06 0.0068104719273438434 896 896 3801
4.982367025559126 0.007319989305239055 0.04444709257790171 1.1711982888382488e-06 0.006962999461046661 937 937 3773
4.989649742551618 0.007242833016128908 0.04414529387705811 1.1588532825806254e-06 0.006889606020552725 880 880 3746
3.643890477765065 0.00715653325419928 0.031938737768725974 1.1450453206718849e-06 0.006807515026871302 2246 2246 4369
4.998763160086399 0.006857237624284996 0.04238019204643678 1.0971580198855993e-06 0.006522815798103956 869 869 3820
4.993219822995663 0.007360506639832061 0.04473640397829226 1.1776810623731297e-06 0.00700154079863198 873 873 3788
4.923012450807067 0.007526707795548813 0.04488418471075287 1.2042732472878103e-06 0.007159636460992144 965 965 3927
4.993779811124872 0.008261501474929267 0.04898135682397403 1.3218402359886828e-06 0.007858594858355472 918 918 3801
4.726445631258968 0.007361919829795177 0.04235261165314248 1.1779071727672284e-06 0.007002885068485557 1111 1111 4249
4.983163903794248 0.006933303830541762 0.04261217948227329 1.109328612886682e-06 0.006595172318186664 939 939 3728
4.993449169520538 0.007200810587026601 0.04397874150079181 1.1521296939242563e-06 0.0068496329906766 853 853 3773
4.997049372010016 0.0072462614914018345 0.04422709584230552 1.1594018386242935e-06 0.006892867291912849 914 914 3748
4.997274148642083 0.007139381141244805 0.04371926283751305 1.1423009825991689e-06 0.006791199408326294 903 903 3721
4.997443082652911 0.006978540154720515 0.04295121557567473 1.1165664247552825e-06 0.0066382025041257274 966 966 3716
4.992189504939107 0.007374165896853171 0.04479201601996013 1.1798665434965074e-06 0.007014533904948162 906 906 3808
4.11419842573928 0.00728339091178805 0.03655888015355127 1.165342545886088e-06 0.006928185941074421 1571 1571 4609
4.893098906680338 0.007165860689720732 0.04293165746691928 1.1465377103553174e-06 0.006816387571051435 963 963 3952
4.994880081968433 0.007211512505444077 0.044042352953476374 1.1538420008710524e-06 0.006859812985354969 890 890 3779
4.437340459945623 0.007227549570453045 0.039194133649968155 1.1564079312724872e-06 0.006875067935923583 1212 1212 4525
3.144785748091679 0.006037417091545751 0.024157526194272097 9.659867346473203e-07 0.005742977236928364 3305 3305 3764
4.071452056641969 0.006950754827385044 0.03488412360391236 1.112120772381607e-06 0.006611772244299605 1533 1533 4662
4.994102460346155 0.007214527627330302 0.04404986298029717 1.1543244203728484e-06 0.006862681062232315 855 855 3793
4.974317274882442 0.007277437281445526 0.044173705310277735 1.1643899650312843e-06 0.006922522664375836 934 934 3739
4.983190851378142 0.006840830998906691 0.04216952116485062 1.0945329598250705e-06 0.00650720931032057 867 867 3773
4.149598221145993 0.008245729910924034 0.040640086632505824 1.3193167857478456e-06 0.007843592460525505 1699 1699 4609
4.9952741222046395 0.007219786103647787 0.04408525711774658 1.155165776583646e-06 0.006867683086994615 837 837 3762
4.996444029003161 0.006254875706687955 0.03944495813404211 1.000780113070073e-06 0.005949830574671823 937 937 3786
4.966240182129318 0.00792773018675638 0.047158046400892294 1.2684368298810209e-06 0.0075411013207628275 938 938 3832
4.997445365881367 0.007697369926991727 0.046369673654637164 1.2315791883186765e-06 0.007321975540969704 956 956 3679
4.994041505693962 0.0073936330442719595 0.04490104882451393 1.1829812870835136e-06 0.007033051655635056 892 892 3786
4.988310570827972 0.00748674288512973 0.0452905063683601 1.1978788616207569e-06 0.007121620606309174 983 983 3733
4.994880081968433 0.007211512505444077 0.044042352953476374 1.1538420008710524e-06 0.006859812985354969 890 890 3779
4.991096693350966 0.00866706840997591 0.05083866171788583 1.386730945596146e-06 0.008244382628308494 962 962 3821
4.99946181457754 0.007234535300480556 0.044192547036596794 1.157525648076889e-06 0.006881712977656331 946 946 3725
4.9909332321824325 0.006861195739870108 0.04233280746215907 1.0977913183792174e-06 0.006526580879654852 939 939 3728
4.501864320657715 0.007807831498100768 0.042240447480400574 1.249253039696123e-06 0.0074270499923146166 1273 1273 4429
4.9967955811766345 0.007418730055055391 0.04504496207833923 1.1869968088088626e-06 0.007056924705891267 906 906 3789
4.278889730987732 0.0072475388692297745 0.037876132884394884 1.159606219076764e-06 0.006894082373077126 1252 1252 4688
4.997373685451619 0.007375395596021548 0.044844373409583714 1.1800632953634477e-06 0.007015703632701798 885 885 3781
4.9894742081619885 0.0068403269210965114 0.042220273282844556 1.094452307375442e-06 0.006506729815969658 932 932 3664
4.977230210169609 0.007248386481493679 0.044061767104550655 1.1597418370389886e-06 0.006894888647989647 938 938 3761
4.989814319452892 0.007200660313255005 0.0439460127171912 1.1521056501208008e-06 0.006849490045632965 920 920 3741
4.996894423897119 0.007248664142824556 0.04423717060053331 1.159786262851929e-06 0.006895152768006308 932 932 3761
4.974024575255302 0.007215794412231101 0.043878780012671086 1.1545271059569762e-06 0.006863886067077774 954 954 3745
4.969657623457393 0.005707755712754895 0.03656049051004237 9.132409140407833e-07 0.005429393171825191 913 913 3764
4.998165656237059 0.0066009555682578405 0.04113944378116772 1.0561528909212546e-06 0.006279032406683451 912 912 3733
4.423043715141414 0.007358046719869028 0.039617602845463 1.1772874751790447e-06 0.006999200846937714 1342 1342 4542
4.991031974159692 0.007511082206147709 0.04543041029781755 1.2017731529836334e-06 0.007144772918705195 929 929 3749
4.143721604752362 0.007374497442731567 0.0371805127180784 1.179919590837051e-06 0.007014849281607381 1549 1549 4616
4.959353372143934 0.008646920392331666 0.050422672992580984 1.3835072627730667e-06 0.008225217212875764 1014 1014 3849
4.990047322004187 0.006950754827385044 0.04275463032560853 1.112120772381607e-06 0.006611772244299605 916 916 3722
4.994957316856322 0.007214527627330302 0.044057403136399234 1.1543244203728484e-06 0.006862681062232315 855 855 3770
4.500204110653023 0.0069705454748783735 0.03864311712787864 1.1152872759805398e-06 0.006630597718229081 1192 1192 4416
4.704441380518912 0.007005348581533564 0.04055389565899069 1.1208557730453704e-06 0.006663703506062597 1107 1107 4208
4.425568349521394 0.009232276140238438 0.04738594415776211 1.4771641824381501e-06 0.008782025643494408 1398 1398 4544
3.2778478879712027 0.007219786103647787 0.02892829570488047 1.155165776583646e-06 0.006867683086994615 3225 3225 3792
4.623734174261732 0.007210817588991523 0.04076670831498515 1.1537308142386437e-06 0.006859151959404951 1066 1066 4336
4.966240182129318 0.005651900708228204 0.036260385726270446 9.043041133165128e-07 0.005376262169825261 1013 1013 3783
4.9940562557482 0.007066481978069484 0.043342912721913304 1.1306371164911175e-06 0.006721855477244698 997 997 3836
4.987920896043739 0.007878197190530813 0.047131550835138335 1.2605115504849302e-06 0.007493984007930719 929 929 3772
4.993550623397893 0.004871823079372883 0.032549509962279906 7.794916926996613e-07 0.004634228283873187 1062 1062 3843
3.8214967747096273 0.007211512505444077 0.03369604615132313 1.1538420008710524e-06 0.006859812985354969 1961 1961 4564
4.972975053160811 0.0058758090351659666 0.037410707130605285 9.401294456265547e-07 0.00558925067223682 935 935 3877
4.994240353109496 0.006861858428139805 0.04236404105386462 1.097897348502369e-06 0.00652721124916392 908 908 3720
4.9929450720359085 0.006857237624284996 0.042330865506845616 1.0971580198855993e-06 0.006522815798103956 929 929 3707
4.995293781482522 0.007215332085896127 0.04406420478671696 1.1544531337433803e-06 0.006863446288017039 860 860 3772
4.993103349419378 0.00728841164491603 0.0443927339577612 1.166145863186565e-06 0.006932961817186585 940 940 3725
4.9840292602943475 0.0072475388692297745 0.04411792928326861 1.159606219076764e-06 0.006894082373077126 860 860 3836
4.997145417613655 0.008573559735952004 0.05046668967823389 1.3717695577523208e-06 0.008155434295232973 982 982 3759
3.6007637057767674 0.007183778638298621 0.031654420708907935 1.1494045821277794e-06 0.006833431676047817 2377 2377 4300
4.987623748356815 0.007200810587026601 0.04392743534290471 1.1521296939242563e-06 0.0068496329906766 920 920 3849
4.98819551517943 0.008913144607493031 0.05194465789897392 1.426103137198885e-06 0.00847845789252531 979 979 3758
3.404298395744624 0.007263798105030294 0.030187134510476703 1.1622076968048471e-06 0.006909548659350935 2801 2801 3969
3.86406705451508 0.0067395602927153315 0.032322155129205735 1.0783296468344531e-06 0.006410877492987781 1773 1773 4518
4.976791632991744 0.0072577574273947456 0.044102342363874336 1.1612411883831593e-06 0.006903802580584046 898 898 3821
4.997373685451619 0.007234535300480556 0.04417408910091527 1.157525648076889e-06 0.006881712977656331 819 819 3770
4.983235204940495 0.007422788522364972 0.04494192831257311 1.1876461635783955e-06 0.007060785245095754 907 907 3794
3.456573714617396 0.007321702071866867 0.03084131068742459 1.1714723314986987e-06 0.006964628697457952 2804 2804 4086
4.997336690335513 0.006749127026451071 0.04184783293920475 1.0798603242321714e-06 0.006419977665005554 935 935 3743
4.959353372143934 0.00887643438592787 0.051476194056689094 1.4202295017484594e-06 0.008443537998203859 945 945 3749
4.953394810729593 0.007728373465216976 0.046105931365255926 1.2365397544347163e-06 0.007351467062193436 978 978 3784
4.992512272769222 0.007214527627330302 0.04403583692748127 1.1543244203728484e-06 0.006862681062232315 930 930 3773
4.998357728601332 0.00691612499522244 0.042659650183159974 1.1065799992355905e-06 0.006578831280504513 860 860 3699
3.4445706441178086 0.0055515399209277215 0.02480665792708509 8.882463873484355e-07 0.005280795895389132 2219 2219 4289
4.988356351402837 0.007407374569758699 0.044915071518896066 1.185179931161392e-06 0.007046123018251617 940 940 3782
4.965486193525471 0.007264895716361111 0.04403594069726379 1.1623833146177779e-06 0.006910592741081963 921 921 3821
4.997025861815832 0.0056142071423982785 0.03629820493546975 8.982731427837247e-07 0.0053404068881282175 973 973 3764
3.985180891986264 0.007066528385318037 0.03458716178076207 1.130644541650886e-06 0.0067218996212499976 1650 1650 4620
4.997025861815832 0.0056142071423982785 0.03629820493546975 8.982731427837247e-07 0.0053404068881282175 973 973 3764
4.669070488289417 0.0076281886166945844 0.043017521008817484 1.2205101786711335e-06 0.007256168146146225 1104 1104 4217
4.988310570827972 0.007319004762117507 0.044495439247807335 1.1710407619388012e-06 0.006962062933281545 915 915 3800
4.994880081968433 0.0076116947214255794 0.04594137282269326 1.2178711554280929e-06 0.007240478644552768 988 988 3748
4.503967655416395 0.007253380922879433 0.039893575400488136 1.1605409476607093e-06 0.006899639514586181 1221 1221 4442
4.974591913645218 0.006971937582238875 0.042723313931391414 1.1155100131582202e-06 0.006631921933661194 889 889 3818
4.971952231318809 0.007290133403848853 0.044212837440139416 1.1664213446158166e-06 0.006934599607355585 924 924 3788
4.997583387624696 0.007259148121895032 0.04429321515097089 1.1614636995032053e-06 0.006905125452059973 899 899 3781
4.639932911496734 0.007094175754328042 0.04039247145150513 1.1350681206924868e-06 0.006748198650864458 1067 1067 4255
4.00564659483906 0.007262519964367621 0.035514625152113975 1.1620031942988195e-06 0.006908332852554747 1721 1721 4609
3.7494381350119443 0.007234535300480556 0.03314301164560984 1.157525648076889e-06 0.006881712977656331 2120 2120 4459
4.831583435043808 0.007557971781947103 0.04419371838883949 1.2092754851115366e-06 0.007189375728546217 1037 1037 3923
4.995294135290254 0.007200810587026601 0.04399499064440169 1.1521296939242563e-06 0.0068496329906766 898 898 3829
4.998538405509841 0.007200660313255005 0.04402284699844088 1.1521056501208008e-06 0.006849490045632965 992 992 3791
4.999175303484915 0.007249452803059405 0.044261121808900204 1.159912448489505e-06 0.006895902965931635 855 855 3793
4.974024575255302 0.005706060045543997 0.03658426295731221 9.129696072870396e-07 0.005427780200906346 989 989 3769
4.998897364538881 0.007019637199149596 0.043160660427784193 1.1231419518639354e-06 0.0066772952795762985 948 948 3743
4.489803700246459 0.007178825154629435 0.039448763552146916 1.1486120247407097e-06 0.0068287197696937805 1268 1268 4448
4.983235204940495 0.007603583260198448 0.045796022654262955 1.216573321631752e-06 0.007232762772603011 966 966 3769
4.986722203182976 0.0072071884459624005 0.0439498460158343 1.1531501513539841e-06 0.006855699806689679 882 882 3810
4.993555414581991 0.005885401095652707 0.037612742937939564 9.416641753044333e-07 0.005598374935840826 946 946 3742
4.993823652622295 0.007275379951039588 0.044337140004518216 1.164060792166334e-06 0.006920565668277836 942 942 3741
4.975726296837502 0.007120268019560706 0.04343984573794815 1.139242883129713e-06 0.006773018417830851 877 877 3842
4.994957316856322 0.0073514363007701955 0.04470887795294385 1.1762298081232314e-06 0.00699291281252904 948 948 3773
4.990530541939813 0.00691612499522244 0.04259284723246519 1.1065799992355905e-06 0.006578831280504513 912 912 3727
4.99290463292723 0.0075676671007827295 0.04571514047951678 1.210826736125237e-06 0.007198598214674555 934 934 3745
4.995258852615482 0.007248259983940899 0.04422076627095839 1.1597215974305439e-06 0.006894768319618239 895 895 3797
3.709957789289696 0.007219786103647787 0.03274183538993431 1.155165776583646e-06 0.006867683086994615 2077 2077 4517
4.998169216511803 0.006277918128086726 0.03957094779446849 1.0044669004938762e-06 0.005971749236173967 954 954 3774
3.107532339548157 0.0069703918184462615 0.0266838285371154 1.115262690951402e-06 0.006630451555494497 3658 3658 3424
4.995640537537108 0.007241453794553475 0.04419172700050474 1.1586326071285561e-06 0.006888294062476566 924 924 3770
4.99580827402591 0.007223538460411425 0.04410785348867865 1.155766153665828e-06 0.006871252444412139 847 847 3762
4.988310570827972 0.007022388875024249 0.04308240584329132 1.12358222000388e-06 0.006679912758486887 919 919 3785
4.975328039073521 0.007117470303340635 0.04342306054266369 1.1387952485345016e-06 0.006770357143924538 876 876 3858
4.009445376498155 0.007235962308640118 0.035446791736481485 1.157753969382419e-06 0.006883070391804304 1619 1619 4615
4.9933341452051785 0.007048281704367781 0.04324963736985451 1.127725072698845e-06 0.006704542815888055 950 950 3746
4.992419853346686 0.007224375826873075 0.04408192487188611 1.1559001322996922e-06 0.006872048973201738 923 923 3746
4.968501281011662 0.007540874791298124 0.04536561590884306 1.2065399666077e-06 0.007173112544037306 994 994 3794
4.996692600412306 0.00725365998127577 0.04425918099619555 1.1605855970041233e-06 0.006899904963534569 907 907 3788
4.996284490187437 0.007200752595340223 0.04400343646604201 1.1521204152544358e-06 0.006849577827196962 949 949 3755
4.997373685451619 0.007110423880883744 0.04358179699750121 1.137667820941399e-06 0.006763654369682159 905 905 3757
4.625341662327289 0.007259242704841263 0.04099448101083761 1.1614788327746022e-06 0.006905215422273885 1039 1039 4304
4.999938305235225 0.007200810587026601 0.04403589318342067 1.1521296939242563e-06 0.0068496329906766 967 967 3738
4.984557414377979 0.007052820153011016 0.04319527962660396 1.1284512244817627e-06 0.006708859928132224 944 944 3808
4.982195457569781 0.0071316961081079495 0.04355075172932213 1.141071377297272e-06 0.006783889167920376 904 904 3767
4.996355728347332 0.007510951177604218 0.0454782486332374 1.201752188416675e-06 0.007144648280315758 962 962 3712
4.998391642555904 0.006958119423356893 0.04286144923523353 1.113299107737103e-06 0.006618777674996902 891 891 3705
4.995770661871695 0.007098231213258064 0.04350956152898533 1.1357169941212903e-06 0.006752056328405574 939 939 3736
4.988154192853321 0.007486578271919992 0.045288307713836 1.197852523507199e-06 0.007121464021149977 973 973 3718
4.976114022958394 0.007101395070885325 0.04335342506642497 1.136223211341652e-06 0.006755065887304476 883 883 3801
4.075896362349551 0.007572346463020422 0.0373370527143454 1.2115754340832676e-06 0.007203049368273342 1649 1649 4533
4.3200178290191324 0.007526227829059524 0.03938458534573092 1.204196452649524e-06 0.007159179902072878 1345 1345 4586
4.975726296837502 0.00720646097528761 0.04384948095769785 1.1530337560460177e-06 0.00685500781416001 897 897 3753
4.913460757623381 0.00726940777797925 0.043595685436015746 1.1631052444766802e-06 0.006914884753174498 1020 1020 3832
4.282305917824508 0.0072250086240965485 0.037814366115265556 1.1560013798554479e-06 0.006872650909426268 1309 1309 4677
4.979658214247521 0.007244694774088036 0.044065734565089436 1.1591511638540858e-06 0.006891376982110923 896 896 3797
4.999788665912354 0.007248259983940899 0.04426086665833815 1.1597215974305439e-06 0.006894768319618239 856 856 3758
4.994923337084152 0.007243605001729676 0.044195627938228337 1.1589768002767483e-06 0.006890340357052129 912 912 3761
4.996806387655332 0.0074710659307843374 0.04529332827808176 1.1953705489254942e-06 0.00710670820410393 917 917 3719
4.966240182129318 0.0067369618527294735 0.041529169216122735 1.0779138964367159e-06 0.006408405776778013 912 912 3793
4.997765015834785 0.006085267236060724 0.038626269175168496 9.736427577697159e-07 0.005788493769340548 920 920 3703
4.999281704864238 0.007223538460411425 0.04413852031376811 1.155766153665828e-06 0.006871252444412139 979 979 3787
4.996284490187437 0.007200752595340223 0.04400343646604201 1.1521204152544358e-06 0.006849577827196962 949 949 3755
4.985695648191963 0.007361524539777845 0.0446738181921324 1.1778439263644553e-06 0.007002509056436513 963 963 3821
4.9896231355837966 0.006019791569522606 0.038242804597784494 9.63166651123617e-07 0.005726211297084711 976 976 3711
4.999052403660478 0.007248435185332405 0.044255183859546125 1.1597496296531848e-06 0.006894934976582307 852 852 3779
4.991398981337766 0.007083036209210203 0.043398928222727194 1.1332857934736325e-06 0.006737602372179144 932 932 3765
4.9990126207107 0.007250324983798751 0.04426383804776773 1.1600519974078002e-06 0.006896732611135303 878 878 3732
4.993483740393702 0.007198013231697755 0.0439657145820167 1.151682117071641e-06 0.006846972060061145 864 864 3733
4.9840292602943475 0.008625035548284966 0.05057237598256408 1.3800056877255946e-06 0.008204399674632476 938 938 3767
4.991716288957722 0.007187849370501353 0.0439017250561871 1.1500558992802165e-06 0.006837303881996724 876 876 3787
4.143090484679127 0.007206159390132514 0.036510536113839476 1.1529855024212023e-06 0.006854720937064317 1492 1492 4717
4.995694967242759 0.007220635415628706 0.04409301876735448 1.1553016665005932e-06 0.006868490978730354 881 881 3726
4.98819551517943 0.0075261881041597 0.045476016180162004 1.204190096665552e-06 0.00715914211452367 970 970 3746
4.969986572180476 0.006134530111742974 0.03865143258834721 9.81524817878876e-07 0.005835354135185568 995 995 3861
4.9992643197428865 0.0075166044724107595 0.045531515693143565 1.2026567155857215e-06 0.00715002586859487 944 944 3747
4.999434568399048 0.008370556209030638 0.04954554756157789 1.3392889934449022e-06 0.007962331082973853 999 999 3748
4.992284280880332 0.007234535300480556 0.04412910150840099 1.157525648076889e-06 0.006881712977656331 884 884 3786
4.98351658889242 0.007422788522364972 0.04494446600884384 1.1876461635783955e-06 0.007060785245095754 895 895 3743
4.995694967242759 0.007220635415628706 0.04409301876735448 1.1553016665005932e-06 0.006868490978730354 881 881 3726
4.9810830108768425 0.007374497442731567 0.044693934076871604 1.179919590837051e-06 0.007014849281607381 925 925 3776
4.99246164959101 0.007650162377943094 0.046100746044824996 1.2240259804708951e-06 0.007277070265172688 973 973 3694
4.998057327490727 0.007013326839831871 0.04312318389505478 1.1221322943730994e-06 0.006671292671280563 933 933 3783
4.986275641756063 0.007344239507637875 0.04459703166719062 1.17507832122206e-06 0.0069860670010651145 951 951 3806
4.683507583309726 0.007137299722595159 0.04096492153379247 1.1419679556152256e-06 0.006789219498748377 1058 1058 4230
3.461865351912576 0.006840830998906691 0.02929552742034093 1.0945329598250705e-06 0.00650720931032057 2674 2674 4103
3.0978119699929976 0.007151967036809851 0.027138840504981693 1.1443147258895762e-06 0.0068031715001398 3712 3712 3461
4.9952741222046395 0.008025323855942661 0.04789158945735585 1.2840518169508259e-06 0.0076339354271541164 925 925 3758
4.996444029003161 0.007243569239955668 0.044208912819756196 1.158971078392907e-06 0.006890306339350359 921 921 3774
4.977336249610716 0.007066528385318037 0.04319802256623154 1.130644541650886e-06 0.0067218996212499976 931 931 3793
4.992822237009987 0.007195124594580361 0.04394612484591857 1.1512199351328578e-06 0.006844224299394722 887 887 3766
4.99580827402591 0.006904562334111219 0.04258240270118338 1.1047299734577952e-06 0.0065678325208440224 919 919 3683
4.993483740393702 0.006776238478222238 0.0419460607222803 1.0841981565155583e-06 0.006445766913623135 930 930 3737
4.99467123284861 0.007209162407449975 0.044029311550012815 1.1534659851919961e-06 0.0068575774997027385 895 895 3755
4.80326099926994 0.007333999115052866 0.042913355072241505 1.1734398584084586e-06 0.006976326023984822 1047 1047 4003
4.9975403061262895 0.007112734986871993 0.0435942944968703 1.138037597899519e-06 0.0067658527649365205 926 926 3760
4.324614071337837 0.007319665039081066 0.03857802330130201 1.1711464062529707e-06 0.00696269100908189 1372 1372 4595
4.995616500708905 0.0072389807518863855 0.044179734033780366 1.1582369203018218e-06 0.006885941628061701 896 896 3761
4.993483740393702 0.007476064070484205 0.045286890170975785 1.196170251277473e-06 0.007111462588650846 975 975 3715
4.969572794458721 0.00726100482070338 0.04405375379080993 1.161760771312541e-06 0.006906891601198004 920 920 3831
4.991908492619296 0.007234535300480556 0.044125779742775505 1.157525648076889e-06 0.006881712977656331 873 873 3783
4.996985249915561 0.0072318065843123705 0.0441576517454726 1.1570890534899794e-06 0.006879117338726255 842 842 3777
4.986954014402881 0.007475539675418568 0.04522518971510444 1.196086348066971e-06 0.007110963767900274 967 967 3742
4.756531563255711 0.007367558050631573 0.042647708536978184 1.1788092881010517e-06 0.0070082483179396225 1064 1064 4152
4.989688887514298 0.007484272493115155 0.045291328314734064 1.197483598898425e-06 0.0071192706932766865 962 962 3753
4.974024575255302 0.0075432844016007 0.04542740246426492 1.206925504256112e-06 0.007175404639631786 936 936 3821
4.9932200433758505 0.0063850823021970576 0.04005298799909916 1.0216131683515293e-06 0.006073687101853593 932 932 3775
4.998618018585361 0.007243276601482813 0.04422675372006607 1.1589242562372503e-06 0.0068900279726145895 847 847 3778
4.997221189901163 0.007231302565458257 0.04415733459572232 1.1570084104733213e-06 0.006878637900456169 877 877 3729
4.991031974159692 0.007382988234522509 0.04482349173120004 1.1812781175236016e-06 0.007022925984482051 941 941 3784
4.997526181002074 0.007374497442731567 0.04484147427244497 1.179919590837051e-06 0.007014849281607381 919 919 3780
4.983099262461035 0.007163955154216769 0.043712244144205215 1.1462328246746831e-06 0.006814574966943173 859 859 3795
4.996063547699262 0.007223687283343614 0.04411081653105919 1.1557899653349784e-06 0.006871394009372608 861 861 3739
4.995590759524055 0.007223074068126216 0.04410372012218617 1.1556918509001947e-06 0.00687081070015586 846 846 3782
4.629302524320753 0.006998184299552181 0.0398743805544594 1.119709487928349e-06 0.0066568886202075786 1117 1117 4252
4.997029873597075 0.0072340893699937465 0.0441689249256892 1.1574542991989994e-06 0.0068812887948317605 829 829 3784
4.9802417024699945 0.0068713564325038005 0.042290780537384574 1.0994170292006082e-06 0.006536246043684753 935 935 3780
4.988470119420491 0.007219786103647787 0.04402520911941237 1.155165776583646e-06 0.006867683086994615 883 883 3789
4.977562152967465 0.007260639798156672 0.04412284530401046 1.1617023677050675e-06 0.006906544380499993 893 893 3778
4.994367279479526 0.007206777932896391 0.04401526852048829 1.1530844692634227e-06 0.006855309314007494 888 888 3758
4.994603174549393 0.007332135262454119 0.04461398790589989 1.173141641992659e-06 0.006974553069940851 921 921 3715
4.99654719380323 0.0074637326252355325 0.045256209714508555 1.1941972200376854e-06 0.007099732537821537 917 917 3738
4.999910915965419 0.006970889821197987 0.04293573598863165 1.115342371391678e-06 0.0066309252710625485 910 910 3680
4.998725652682857 0.007081428817556414 0.04345494342504841 1.1330286108090264e-06 0.0067360733716912615 939 939 3740
4.991751562245773 0.007470886301408931 0.04524665825078203 1.195341808225429e-06 0.007106537335105083 943 943 3724
4.997373685451619 0.007293731689252082 0.04445602367730685 1.1669970702803331e-06 0.00693802240734594 934 934 3785
4.9936449623980375 0.006857237624284996 0.04233679927226089 1.0971580198855993e-06 0.006522815798103956 946 946 3680
4.996723019255562 0.0072389807518863855 0.04418951975193704 1.1582369203018218e-06 0.006885941628061701 935 935 3728
4.993483740393702 0.007275740168988119 0.04433583597785237 1.1641184270380992e-06 0.0069209083186939635 898 898 3776
4.988542530005003 0.007111579176531763 0.04351029212507555 1.1378526682450822e-06 0.006764753322513793 958 958 3754
4.998056786966703 0.007208748737934462 0.04405718325700391 1.153399798069514e-06 0.00685718400450849 925 925 3834
4.997262146744552 0.007237988001983419 0.044189556934434215 1.1580780803173471e-06 0.00688499729375313 876 876 3722
4.9945398971430555 0.0073291677504071055 0.04459931762022991 1.172666840065137e-06 0.006971730281010107 959 959 3740
4.06469584988326 0.007669603738178866 0.0376083773481953 1.2271365981086187e-06 0.007295563486296223 1665 1665 4570
4.825179839711932 0.007641272115272458 0.04451549907089778 1.2226035384435934e-06 0.007268613573283822 1093 1093 4015
4.997141903547921 0.00738421465580685 0.044884189632699356 1.181474344929096e-06 0.007024092594211353 930 930 3769
3.2579871670000125 0.007213031461644771 0.0287320221104605 1.1540850338631635e-06 0.0068612578633139056 3231 3231 3746
4.987823905788181 0.0068185938614715395 0.042101984883785935 1.0909750178354463e-06 0.0064860566597469745 866 866 3694
4.997675885934616 0.007231302565458257 0.04416135246167733 1.1570084104733213e-06 0.006878637900456169 864 864 3754
4.987020279680779 0.0072556309521900515 0.044182876144456755 1.1609009523504083e-06 0.006901779811822128 938 938 3796
3.2553093670675946 0.007193330431972993 0.02864720416240117 1.150932869115679e-06 0.006842517636618701 3365 3365 3690
4.997292382164471 0.007241284199962825 0.0442055311998865 1.158605471994052e-06 0.006888132738874296 887 887 3740
4.996063547699262 0.007239036454818824 0.04418395295486385 1.158245832771012e-06 0.006885994614408043 929 929 3744
4.484440932931935 0.007130069811707296 0.03919277054337226 1.1408111698731674e-06 0.006782342184654546 1263 1263 4477
4.998223057424088 0.00691612499522244 0.042658500800578154 1.1065799992355905e-06 0.006578831280504513 854 854 3719
4.991799508208672 0.007188580238059085 0.043905939748842174 1.1501728380894536e-06 0.006837999105746156 871 871 3767
4.989608544879805 0.007248259983940899 0.04417074665333486 1.1597215974305439e-06 0.006894768319618239 944 944 3761
4.9977151088349565 0.007219786103647787 0.04410679978399189 1.155165776583646e-06 0.006867683086994615 934 934 3834
4.980709294387874 0.008141811362551715 0.04829570830832996 1.3026898180082744e-06 0.007744741934092177 962 962 3814
4.9989373989797175 0.006931716946573622 0.04273944599406179 1.1090747114517796e-06 0.006593662825241504 893 893 3680
3.9505296457656947 0.007229090237869938 0.03490003703212256 1.1566544380591902e-06 0.006876533466260604 1808 1808 4491
4.994585238894198 0.007556094748085232 0.045675790382519274 1.2089751596936372e-06 0.007187590236078459 953 953 3712
4.984826888518179 0.007172497432940244 0.04376806639520394 1.1475995892704391e-06 0.006822700645775121 889 889 3822
4.304447480198478 0.007287123413025076 0.03826474334256922 1.1659397460840122e-06 0.006931736411303 1337 1337 4542
3.086207148640457 0.007264471346398431 0.02736848555876881 1.1623154154237492e-06 0.006910189067292534 3930 3930 3295
4.994464081484426 0.006620346246026688 0.041202664089101664 1.0592553993642702e-06 0.0062974774170821935 910 910 3678
4.997373685451619 0.007234535300480556 0.04417408910091527 1.157525648076889e-06 0.006881712977656331 819 819 3770
4.99958755406339 0.007278762421437787 0.044404426493812876 1.164601987430046e-06 0.00692378317838305 878 878 3846
4.997373685451619 0.007198013231697755 0.04399996406054661 1.151682117071641e-06 0.006846972060061145 940 940 3827
3.3525363610246846 0.007257075668184724 0.029706661401521398 1.1611321069095558e-06 0.00690315407020869 2945 2945 3899
4.9982437329426705 0.007240647286731912 0.04421091126899022 1.158503565877106e-06 0.006887526887376616 813 813 3788
4.996985249915561 0.007240647286731912 0.044199779622672464 1.158503565877106e-06 0.006887526887376616 907 907 3756
4.997514049321779 0.006401984997236765 0.04016958556789838 1.0243175995578825e-06 0.006089765466389929 947 947 3778
4.996624795265153 0.007227602798325301 0.04413443309594783 1.1564164477320483e-06 0.006875118567916389 857 857 3736
4.17907703925118 0.007249452803059405 0.037000230368823404 1.159912448489505e-06 0.006895902965931635 1541 1541 4648
4.986094041292974 0.007346500214390513 0.0446061313852846 1.1754400343024822e-06 0.006988217455013037 918 918 3805
4.997894237112505 0.007240193984021072 0.04420565959546946 1.1584310374433716e-06 0.006887095691865305 836 836 3781
4.998312109808485 0.007234971395750318 0.044184462974024036 1.157595423320051e-06 0.0068821278049192814 835 835 3724
4.996911935695602 0.00722961992771325 0.0441465828818242 1.15673918843412e-06 0.006877037323566905 870 870 3726
3.4690199903666152 0.0069956585727613905 0.029871916264972306 1.1193053716418226e-06 0.006654486071030295 2597 2597 4124
4.996686176221177 0.0072221217433881876 0.04410885192715485 1.1555394789421101e-06 0.006869904819510257 920 920 3744
4.997773768325939 0.007213221129489644 0.04407601552796771 1.1541153807183432e-06 0.006861438281214337 977 977 3755
3.9498594590761806 0.00728979327634352 0.035122648748271486 1.1663669242149632e-06 0.006934276067588301 1754 1754 4537
4.9990207232003945 0.007243382239197641 0.04423082028233191 1.1589411582716228e-06 0.0068901284584651475 846 846 3748
4.997514049321779 0.006401984997236765 0.04016958556789838 1.0243175995578825e-06 0.006089765466389929 947 947 3778
4.99853087337312 0.00724266441611986 0.04422306500656333 1.1588263065791778e-06 0.006889445643027132 832 832 3787
4.985099906834272 0.007337570643341444 0.04455488463301803 1.1740113029346312e-06 0.006979723371782952 942 942 3802
4.9952741222046395 0.007279295947160461 0.04436865537317181 1.1646873515456739e-06 0.006924290684496041 896 896 3798
3.0753543356551494 0.007136854428710655 0.02689768665548416 1.141896708593705e-06 0.006788795921479544 3839 3839 3389
4.9849856375532315 0.007333083143721749 0.04453257646887628 1.1732933029954798e-06 0.0069754547238204435 900 900 3763
4.999141045527756 0.006085267236060724 0.038636904107612356 9.736427577697159e-07 0.005788493769340548 971 971 3688
4.99580827402591 0.007239415346066135 0.044183500333740154 1.1583064553705816e-06 0.0068863550274415606 898 898 3765
4.984826888518179 0.007229342005075661 0.04403849289866878 1.156694720812106e-06 0.006876772954987247 925 925 3781
4.975328039073521 0.007249798728484314 0.044051626436231235 1.1599677965574904e-06 0.006896232020858734 919 919 3777
4.273383315924551 0.007255733258562423 0.03786077326095797 1.1609173213699878e-06 0.006901877128797057 1421 1421 4552
4.9976693923279205 0.007240647286731912 0.04420583106015816 1.158503565877106e-06 0.006887526887376616 862 862 3702
4.995385650756865 0.007220028780111687 0.04408739784908955 1.15520460481787e-06 0.006867913928327419 870 870 3750
4.99493830725711 0.006453431466212637 0.040398589101311645 1.032549034594022e-06 0.00613870293348368 992 992 3685
4.99684863790751 0.007226058838705524 0.04412905165241922 1.1561694141928839e-06 0.006873649905934505 868 868 3737
4.997263110266112 0.0072544726327997515 0.04426810557204723 1.1607156212479604e-06 0.006900677982713635 905 905 3793
4.777589348361447 0.007060693361884102 0.041437744453146595 1.1297109379014564e-06 0.006716349167098841 1076 1076 4010
4.996006471616683 0.007224063866276963 0.04411210723183508 1.155850218604314e-06 0.006871752226666732 869 869 3727
4.993449169520538 0.007144160520038304 0.043708605466760836 1.1430656832061287e-06 0.00679574570075591 943 943 3742
4.997422927988696 0.007236212859822429 0.04418251916365978 1.1577940575715887e-06 0.006883308723811995 834 834 3777
4.999171823733979 0.007249452803059405 0.04426109100028265 1.159912448489505e-06 0.006895902965931635 858 858 3789
4.974024575255302 0.007250229377252436 0.04404212764146649 1.16003670036039e-06 0.006896641667241439 910 910 3769
4.99617752037609 0.007220743552474372 0.044097793266493754 1.1553189683958996e-06 0.006868593841831199 894 894 3740
4.813816328208745 0.007269434001706471 0.0427116901518381 1.1631094402730354e-06 0.006914909697992159 943 943 4031
4.998297999474769 0.007999006596843194 0.047797128695424705 1.2798410554949112e-06 0.007608901639086329 1015 1015 3757
4.996867357201992 0.007232819893130005 0.04416143888015194 1.157251182900801e-06 0.006880081229308173 835 835 3786
4.99962010868335 0.0072484746803338175 0.044260397841444775 1.1597559488534109e-06 0.006894972545445059 838 838 3745
4.998841177169884 0.007246573929048461 0.044244443524526465 1.1594518286477539e-06 0.006893164492233008 848 848 3795
4.998453927641473 0.007241467667569349 0.04421668053297707 1.158634826811096e-06 0.006888307258916893 830 830 3794
4.999234370577889 0.007250384602453094 0.04426608567188473 1.160061536392495e-06 0.00689678932223702 853 853 3780
4.997859757946719 0.007234328438059075 0.04417739976401818 1.1574925500894522e-06 0.00688151620374462 892 892 3743
4.191975002266982 0.00726345175083627 0.03717036166598063 1.1621522801338032e-06 0.006909219196565435 1486 1486 4657
3.803282142347802 0.007248259983940899 0.03366873582361244 1.1597215974305439e-06 0.006894768319618239 1997 1997 4476
4.997436908659637 0.007455653032617247 0.04522594780794605 1.1929044852187597e-06 0.007092046980274845 904 904 3751
4.997455769475403 0.007260639798156672 0.044299189252461964 1.1617023677050675e-06 0.006906544380499993 876 876 3786
4.996724714018429 0.007206777932896391 0.04403604454844995 1.1530844692634227e-06 0.006855309314007494 948 948 3775
4.9942870266291735 0.007225924591533591 0.044105789584313874 1.1561479346453746e-06 0.006873522205886482 959 959 3750
4.814512613267119 0.007223538460411425 0.04250719909918627 1.155766153665828e-06 0.006871252444412139 1030 1030 4078
4.9993428724933855 0.007252256235708137 0.04427596642655809 1.1603609977133021e-06 0.006898569677481095 912 912 3744
4.9994286795295535 0.007249600062882363 0.04426406698550223 1.159936010061178e-06 0.00689604304401442 888 888 3769
4.9990348174282 0.007268272328268002 0.044349549735422295 1.1629235725228805e-06 0.00691380467840966 954 954 3750
3.6086898841718567 0.007966194636474905 0.034397559429276636 1.2745911418359849e-06 0.007577689890976704 2439 2439 4253
4.998587838146081 0.00704243841802556 0.04326717075079957 1.1267901468840898e-06 0.00669898450180384 972 972 3708
4.997583387624696 0.007031024096698748 0.04320383728357965 1.1249638554717998e-06 0.006688126847518754 1016 1016 3706
4.997659090600272 0.007257063883092685 0.044283957637914664 1.1611302212948298e-06 0.006903142859865876 880 880 3799
4.999347889869078 0.0072475388692297745 0.044253527647764294 1.159606219076764e-06 0.006894082373077126 841 841 3748
4.992736824679476 0.0071991364845993356 0.04396449067398597 1.1518618375358937e-06 0.0068480405328446665 820 820 3789
4.997659090600272 0.007257063883092685 0.044283957637914664 1.1611302212948298e-06 0.006903142859865876 880 880 3799
4.996781880244318 0.007224594981033184 0.04412148511371732 1.1559351969653097e-06 0.006872257439394118 895 895 3765
4.997422927988696 0.00722347167031428 0.04412179083834104 1.1557554672502848e-06 0.006871188911612974 940 940 3742
4.998620674482028 0.0072438498210867525 0.044229509192647946 1.1590159713738804e-06 0.006890573236770977 835 835 3782
4.998402813134366 0.007237559300838088 0.04419760020089712 1.1580094881340943e-06 0.006884589500009257 871 871 3766
4.997894237112505 0.007226354181837624 0.0441396936709589 1.1562166690940199e-06 0.00687393084542552 930 930 3749
4.358630799792428 0.007279381223781028 0.038714263129516514 1.1647009958049646e-06 0.006924371802246121 1286 1286 4587
4.998274700589128 0.007231302565458257 0.044166643814222126 1.1570084104733213e-06 0.006878637900456169 869 869 3767
4.991031974159692 0.00727966166054322 0.04433271507139081 1.1647458656869152e-06 0.006924638562338599 954 954 3727
4.99962010868335 0.00724822103741102 0.04425918885947104 1.1597153659857632e-06 0.006894731272478516 836 836 3743
4.999762465842071 0.007249278465594011 0.044265489379305384 1.1598845544950418e-06 0.006895737130760714 833 833 3749
4.998453927641473 0.007449066842068398 0.045203902989336374 1.1918506947309437e-06 0.007085781992809744 956 956 3732
4.999918185117261 0.007257822903149544 0.04430759268724858 1.161251664503927e-06 0.006903864863140258 894 894 3771
3.7752039336555985 0.007288933342141953 0.03356649749282302 1.1662293347427126e-06 0.006933458071668862 2081 2081 4573
4.9986032650078815 0.00723740233798577 0.044198624481452925 1.1579843740777234e-06 0.006884440192105855 857 857 3729
4.996163016532657 0.007248259983940899 0.04422877042498358 1.1597215974305439e-06 0.006894768319618239 928 928 3784
4.683854743428132 0.007261661972786828 0.04152388366763348 1.1618659156458924e-06 0.006907516704516063 1074 1074 4206
4.063103483151526 0.0073201248371850425 0.03624697807908373 1.171219973949607e-06 0.006963128383211368 1658 1658 4602
4.994367279479526 0.007277628658159459 0.04435266713317748 1.1644205853055134e-06 0.0069227047078051895 942 942 3787
4.996480720705404 0.0072303000728603664 0.04414601435112255 1.1568480116576587e-06 0.006877684298595874 850 850 3792
4.9990831231394175 0.007244918838615801 0.044238696431688374 1.1591870141785282e-06 0.006891590119196377 824 824 3759
4.996269434647671 0.007229377150639886 0.044139749641079855 1.156700344102382e-06 0.006876806386531277 835 835 3803
4.999319826928483 0.007248206726548809 0.044256462403691334 1.1597130762478095e-06 0.0068947176595452585 852 852 3751
4.352666681254007 0.007551927167002764 0.03978822343359436 1.2083083467204423e-06 0.007183625904489843 1297 1297 4631
4.982616925423532 0.006909376454220618 0.042493008051773654 1.105500232675299e-06 0.006572411860284198 908 908 3749
4.999277706826224 0.00724574221981442 0.044244342985850615 1.1593187551703072e-06 0.006892373344772692 821 821 3748
4.996011520502351 0.0072389807518863855 0.04418322747035822 1.1582369203018218e-06 0.006885941628061701 921 921 3752
4.993483740393702 0.007261054585931879 0.044265953913999866 1.1617687337491007e-06 0.0069069389394173335 888 888 3765
4.98178235582354 0.006903142545543915 0.04245605564657718 1.1045028072870265e-06 0.006566481974194744 884 884 3761
4.998937955631475 0.007243905997944106 0.044232584359973355 1.159024959671057e-06 0.006890626673929306 833 833 3755
4.9982612678059635 0.007239965649760689 0.04420781768040703 1.1583945039617103e-06 0.006886878493278572 814 814 3786
4.993449169520538 0.007240029604611552 0.04416556092527888 1.1584047367378485e-06 0.0068869393291040824 828 828 3857
4.997646100395086 0.007237812785277081 0.04419211711608115 1.158050045644333e-06 0.00688483062222112 837 837 3780
4.726269772554456 0.007272186314808407 0.04194730875727286 1.1635498103693451e-06 0.006917527783052979 1129 1129 4239
4.974024575255302 0.007235419771153115 0.04397189099916262 1.1576671633844985e-06 0.006882554313423301 957 957 3791
4.996922398674172 0.007233104547589229 0.04416328184718917 1.1572967276142768e-06 0.006880352001404075 838 838 3785
3.663745280361802 0.007265090331210739 0.032492255092498756 1.1624144529937183e-06 0.006910777864725805 2416 2416 4281
4.99936456980849 0.007253260054898645 0.044280942558570145 1.1605216087837833e-06 0.006899524541237178 893 893 3770
4.999997291472267 0.007254305623849925 0.04429153023537364 1.1606888998159882e-06 0.006900519118652617 888 888 3770
4.996003993275858 0.007224542215598495 0.044114364933779994 1.1559267544957594e-06 0.006872207247286183 838 838 3748
4.99767527563469 0.007453749049948739 0.045219073255625054 1.1925998479917983e-06 0.007090235853271534 901 901 3748
4.9968385628758485 0.007230776124275197 0.04415144474140772 1.1569241798840316e-06 0.006878137133375635 853 853 3777
4.998826027709404 0.007244737842299406 0.04423555865815279 1.159158054767905e-06 0.006891417949921128 860 860 3778
4.998225205400868 0.007233955489741517 0.04417885234844595 1.1574328783586428e-06 0.006881161443809069 862 862 3740
4.99767527563469 0.007453749049948739 0.045219073255625054 1.1925998479917983e-06 0.007090235853271534 901 901 3748
4.997027513534354 0.007254483828462615 0.044266071874489575 1.1607174125540186e-06 0.00690068863237325 929 929 3772
4.998805509769613 0.00724350609884665 0.04422950643648684 1.158960975815464e-06 0.006890246277581177 829 829 3777
4.998384409485464 0.007260639798156672 0.04430742104108616 1.1617023677050675e-06 0.006906544380499993 948 948 3763
4.994367279479526 0.007235536114498568 0.04415228081546447 1.1576857783197708e-06 0.006882664982799704 903 903 3782
4.9828470276256525 0.006909674901134683 0.042496398962218074 1.1055479841815493e-06 0.006572695752188288 892 892 3742
4.997895344479896 0.007236860112070613 0.0441897806656654 1.1578976179312982e-06 0.006883924410101597 824 824 3749
4.996269434647671 0.007241103839927061 0.044195623073224236 1.1585766143883298e-06 0.006887961174848796 926 926 3776
4.999319826928483 0.007241318222743386 0.04422362795021523 1.1586109156389418e-06 0.006888165102391897 826 826 3741
4.982034630656798 0.006905285898653123 0.04246846451587229 1.1048457437844997e-06 0.006568520797739684 880 880 3762
4.9985027051461355 0.007239545633626238 0.04420795118420361 1.1583273013801982e-06 0.006886478960984759 844 844 3768
4.999237844010008 0.007246322096383443 0.04424675408765996 1.159411535421351e-06 0.0068929249412394665 826 826 3761
4.99852660233604 0.007242086773748586 0.044220274147664 1.1587338837997738e-06 0.006888896171798126 834 834 3796
4.997687760917877 0.0072371771938640125 0.04418945642897259 1.157948351018242e-06 0.006884226028077318 821 821 3789
4.998218938031377 0.0072475388692297745 0.04424353432414224 1.159606219076764e-06 0.006894082373077126 906 906 3731
4.997373685451619 0.007241922013016974 0.04420928959892336 1.158707522082716e-06 0.006888739446311577 892 892 3730
4.998053932973253 0.007239034726535849 0.04420154719408435 1.158245556245736e-06 0.006885992970412005 823 823 3774
3.397386882990866 0.007240029604611552 0.03004886848220059 1.1584047367378485e-06 0.0068869393291040824 2930 2930 3978
4.997422927988696 0.006990243760852669 0.043007130646243785 1.1184390017364273e-06 0.0066493353350346686 936 936 3729
4.999374866065888 0.007247538414876874 0.04425376427168955 1.1596061463803e-06 0.006894081940882643 834 834 3754
4.998529658831727 0.007245352599431031 0.0442358658281703 1.159256415908965e-06 0.006892002725854219 874 874 3775
4.997522771776567 0.007236130254041786 0.04418300821124987 1.1577808406466858e-06 0.006883230146647178 838 838 3768
4.998795985206373 0.0074043906214245805 0.04499489732292648 1.184702499427933e-06 0.0070432845946179394 904 904 3813
4.998218938031377 0.00723980259152446 0.044206666150852704 1.1583684146439136e-06 0.0068867233872581075 821 821 3781
4.997236085921235 0.007234099876969185 0.04417079771663547 1.1574559803150697e-06 0.006881298789390668 837 837 3783
4.998879215114779 0.007243755660268329 0.0442313480559623 1.1590009056429328e-06 0.006890483668098047 835 835 3768
4.997844323517951 0.007249278465594011 0.044248507070794446 1.1598845544950418e-06 0.006895737130760714 916 916 3761
4.998539087225377 0.007241467667569349 0.04421743386074009 1.158634826811096e-06 0.006888307258916893 828 828 3780
4.998252562207077 0.0072403040646065045 0.04420935357473269 1.1584486503370408e-06 0.006887200403911331 826 826 3789
4.994612422902402 0.00691612499522244 0.042627684997869 1.1065799992355905e-06 0.006578831280504513 894 894 3720
4.995509562308453 0.007238771119804506 0.04417778971267913 1.1582033791687212e-06 0.006885742219563645 899 899 3774
4.99826066359863 0.0072408997916052105 0.04421226445423038 1.1585439666568339e-06 0.006887767077795397 824 824 3773
4.9984066707984445 0.00724350609884665 0.044225977503263104 1.158960975815464e-06 0.006890246277581177 838 838 3782
4.997980990834748 0.007260639798156672 0.04430384499759916 1.1617023677050675e-06 0.006906544380499993 925 925 3784
4.997687713648069 0.007238050022753831 0.04419361569013326 1.1580880036406131e-06 0.006885056289821695 844 844 3778
3.403306490894617 0.007492614532437866 0.030918688065563235 1.1988183251900587e-06 0.0071272058982183775 2995 2995 3884
4.997815043976174 0.007238926412766749 0.04419891832567048 1.15822822604268e-06 0.006885889939016134 833 833 3782
4.998843661436943 0.007243959717419408 0.04423200604480059 1.1590335547871054e-06 0.006890677773550081 834 834 3780
4.999319826928483 0.007240565182625522 0.04422003824207466 1.1584904292200836e-06 0.0068874487874198125 859 859 3732
4.99808252941139 0.007239808877192495 0.044205489643851126 1.1583694203507994e-06 0.006886729366379297 835 835 3770
4.9982437329426705 0.007237869885474858 0.04419767388733421 1.1580591816759772e-06 0.006884884937689321 873 873 3757
4.997489973658801 0.007235207102585635 0.04417831872762662 1.1576331364137018e-06 0.006882352016526545 812 812 3755
4.99852660233604 0.007205884331482485 0.04404766225475989 1.1529414930371977e-06 0.006854459292797905 924 924 3816
4.997687760917877 0.0072350346932512615 0.04417924548364936 1.157605550920202e-06 0.006882188015453284 826 826 3735
4.994471059418726 0.007231381652857907 0.04413341012290022 1.1570210644572653e-06 0.0068787131308285345 892 892 3750
4.997173799808602 0.0070681879338419535 0.04337812951724058 1.1309100694147127e-06 0.0067234782349604475 993 993 3745
4.997191137942218 0.00723332030819655 0.04416668524708835 1.1573312493114482e-06 0.00688055723954444 829 829 3777
4.9972067273180745 0.007233439223874143 0.04416738975016269 1.157350275819863e-06 0.006880670355802463 832 832 3776
4.997422927988696 0.00723144814404835 0.04415981107762189 1.157031703047736e-06 0.00687877637929843 899 899 3753
4.9970218781899804 0.007232497405171871 0.044161267653228295 1.1571995848274994e-06 0.006879774468821914 824 824 3778
4.9970218781899804 0.007232497405171871 0.044161267653228295 1.1571995848274994e-06 0.006879774468821914 824 824 3778
4.996634110727888 0.0072303827118909356 0.04414776343255985 1.1568612339025498e-06 0.006877762907389045 849 849 3759
4.997389208665461 0.007234203416931295 0.04417264462829095 1.1574725467090073e-06 0.00688139727979418 820 820 3768
4.997202205065654 0.00723980259152446 0.04419767367266447 1.1583684146439136e-06 0.0068867233872581075 916 916 3742
4.997489973658801 0.007235207102585635 0.04417831872762662 1.1576331364137018e-06 0.006882352016526545 812 812 3755
4.997224208468688 0.007243755660268329 0.04421670413842637 1.1590009056429328e-06 0.006890483668098047 929 929 3784
4.999762465842071 0.007243989605611748 0.044240278516267204 1.1590383368978799e-06 0.00689070620411992 858 858 3746
4.9970449762140845 0.007232984471392645 0.04416379296346647 1.1572775154228234e-06 0.006880237781224614 849 849 3771
4.999514450601611 0.007233262618066991 0.044186944323584 1.1573220188907186e-06 0.006880502362914941 914 914 3800
4.9970422197902025 0.00691612499522244 0.042648422666294886 1.1065799992355905e-06 0.006578831280504513 904 904 3669
4.99643296729758 0.007229486643273438 0.044141716153026096 1.1567178629237503e-06 0.006876910539299351 823 823 3763
4.99826066359863 0.007233262618066991 0.04417586304418343 1.1573220188907186e-06 0.006880502362914941 908 908 3727
4.99810489009173 0.0072391554036696 0.04420257299195249 1.1582648645871361e-06 0.006886107762221423 821 821 3782
4.997354795931575 0.00723412647158082 0.04417197374417496 1.1574602354529314e-06 0.006881324087005017 840 840 3759
4.997687713648069 0.007070305829428742 0.043392721509237085 1.1312489327085987e-06 0.006725492842525353 979 979 3739
4.998112461611732 0.007239359153455645 0.04420361102054168 1.1582974645529032e-06 0.006886301575298361 825 825 3779
4.998422213447123 0.007238320483017093 0.0442013998519535 1.158131277282735e-06 0.0068853135599608725 871 871 3749
4.997326869970768 0.007234358810449131 0.04417283417364373 1.157497409671861e-06 0.006881545094898248 822 822 3774
4.999319826928483 0.007235967159565751 0.04419811839636943 1.1577547455305202e-06 0.006883075006154293 900 900 3753
4.996498489506222 0.007231751464847207 0.04415308765642087 1.1570802343755532e-06 0.006879064907391969 859 859 3788
4.9986825547419755 0.0072419295307602025 0.044220904348605775 1.1587087249216325e-06 0.006888746597420665 825 825 3750
4.9982437329426705 0.0072420145622938215 0.044217427551492564 1.1587223299670116e-06 0.006888827482036484 836 836 3801
4.9971062401070485 0.007233266500621902 0.044165678466918684 1.1573226400995044e-06 0.006880506056120851 836 836 3785
4.997253636519079 0.007232421787128249 0.044162955436043386 1.15718748594052e-06 0.0068797025386079435 845 845 3738
4.263484370094629 0.007235045946777382 0.037688979440583165 1.1576073514843813e-06 0.006882198720154212 1413 1413 4592
4.997032982902086 0.0072319362148144575 0.04415869133734028 1.1571097943703133e-06 0.006879240647255615 824 824 3775
4.997157674298516 0.007233283497729068 0.04416621405813965 1.157325359636651e-06 0.006880522224293112 831 831 3767
4.999121279549662 0.007240029604611552 0.04421572903805256 1.1584047367378485e-06 0.0068869393291040824 829 829 3741
3.29545084731245 0.007237852216656604 0.029140432543987196 1.1580563546650566e-06 0.006884868130564769 3195 3195 3764
4.996163724521494 0.007228758060421616 0.04413586566488686 1.1566012896674586e-06 0.006876217488832604 851 851 3809
4.997605760404891 0.007235809302250171 0.04418221230837454 1.1577294883600275e-06 0.006882924847409865 818 818 3762
4.998582794390014 0.007471711603174341 0.04531249272861849 1.1954738565078946e-06 0.00710732238758373 905 905 3734
4.997373685451619 0.007229719607875487 0.04415113743872581 1.156755137260078e-06 0.006877132142409801 868 868 3736
4.996712404325985 0.0072300711397143055 0.04414697037301935 1.156811382354289e-06 0.006877466530330625 839 839 3770
4.997489973658801 0.007240128366093423 0.044201771254533256 1.1584205385749477e-06 0.006887033274069894 878 878 3714
4.996906944469208 0.007243755660268329 0.04421389690628838 1.1590009056429328e-06 0.006890483668098047 890 890 3754
4.999762465842071 0.0072308682246073576 0.04417771915862829 1.1569389159371773e-06 0.006878224742050519 900 900 3842
4.994080061742848 0.007241467667569349 0.04417798900276929 1.158634826811096e-06 0.006888307258916893 886 886 3800
4.99737939058304 0.007233968767601208 0.04417143954916997 1.1574350028161934e-06 0.006881174074118487 830 830 3768
4.997489973658801 0.00691612499522244 0.04265224412615025 1.1065799992355905e-06 0.006578831280504513 904 904 3715
4.99643296729758 0.007241933992934282 0.04420102460490948 1.1587094388694852e-06 0.006888750841978191 936 936 3754
4.9977928337118005 0.007236703929489132 0.04418812994311259 1.1578726287182613e-06 0.006883775844415866 814 814 3779
4.99810489009173 0.007235211564759714 0.04418377591979153 1.1576338503615542e-06 0.006882356261084072 864 864 3761
4.99682740816513 0.007231190248543958 0.044153319735669425 1.1569904397670335e-06 0.006878531061145193 837 837 3760
4.997711501407585 0.007238050022753831 0.044193826040831906 1.1580880036406131e-06 0.006885056289821695 827 827 3777
4.997045114919034 0.00723275682671931 0.04416270932038484 1.1572410922750897e-06 0.006880021238594338 824 824 3783
4.9982538890711705 0.007236860112070613 0.044192950801443615 1.1578976179312982e-06 0.006883924410101597 890 890 3751
4.997958702085031 0.007238013372464856 0.04419583731631055 1.158082139594377e-06 0.006885021426937101 807 807 3775
4.9982940689242135 0.0072384728546054464 0.044200992900611635 1.1581556567368715e-06 0.006885458500512468 854 854 3760
4.997393617298738 0.007235465034299598 0.04417869615285845 1.1576744054879358e-06 0.006882597369123444 837 837 3769
4.9990377936740815 0.007244362485979011 0.04423564355027303 1.159097997756642e-06 0.006891060899419055 832 832 3757
3.079172209485189 0.0072378861138861885 0.02722806141495393 1.1580617782217903e-06 0.006884900374654409 3941 3941 3328
4.9971122830834895 0.007242086773748586 0.04420776214361648 1.1587338837997738e-06 0.006888896171798126 915 915 3757
4.997687760917877 0.007239755858782615 0.044201745457727835 1.1583609374052185e-06 0.00688667893363356 854 854 3764
4.99794887242363 0.0072475388692297745 0.044241143741189745 1.159606219076764e-06 0.006894082373077126 895 895 3747
4.9986754203839645 0.007242813815977691 0.04422505590736667 1.1588502105564306e-06 0.006889587756777054 829 829 3787
4.998128478816291 0.007239965649760689 0.04420664320969994 1.1583945039617103e-06 0.006886878493278572 813 813 3776
4.993449169520538 0.0072384821159263806 0.044158192508655186 1.158157138548221e-06 0.006885467310166415 849 849 3811
4.996808976216041 0.007236212859822429 0.04417709117880603 1.1577940575715887e-06 0.006883308723811995 867 867 3745
4.997057109923782 0.007236181290928071 0.0441791345090303 1.1577890065484914e-06 0.006883278694506591 841 841 3751
4.99772229941105 0.007236370110419584 0.04418591536744892 1.1578192176671334e-06 0.006883458305427156 803 803 3781
4.997018889512154 0.007232058955719831 0.04415915173939868 1.157129432915173e-06 0.006879357402188215 838 838 3776
4.9968207072498005 0.007234538028882799 0.044169214073226534 1.157526084621248e-06 0.006881715572996647 841 841 3777
4.998521209641657 0.00723980259152446 0.044209339587196375 1.1583684146439136e-06 0.0068867233872581075 846 846 3765
4.997494604107414 0.007234354529591399 0.04417429642261545 1.157496724734624e-06 0.00688154102281442 801 801 3757
4.998879215114779 0.007229516079225912 0.04416346822882635 1.156722572676146e-06 0.0068769385396846875 929 929 3757
4.997695473329625 0.007234416238363435 0.04417636607298675 1.1575065981381497e-06 0.006881599722100513 852 852 3755
4.997210146218512 0.007233372077814618 0.04416709996810884 1.157339532450339e-06 0.00688060648440091 833 833 3771
4.997627126283422 0.007235275706405199 0.04417985813194518 1.157644113024832e-06 0.006882417274594383 804 804 3752
4.997282810351985 0.007232417152913418 0.04416319117200054 1.157186744466147e-06 0.00687969813039995 856 856 3725
4.997689903070855 0.007229486643273438 0.044152820735533185 1.1567178629237503e-06 0.006876910539299351 880 880 3732
4.9977928337118005 0.007232142049196673 0.04416638721927023 1.1571427278714677e-06 0.006879436443264689 858 858 3760
4.997188372991284 0.007232479366531545 0.04416265308536566 1.1571966986450471e-06 0.0068797573099112054 810 810 3759
4.998410581547854 0.007239575090756026 0.0442072768205988 1.1583320145209643e-06 0.006886506981514611 825 825 3752
4.997336463477212 0.00723457346843962 0.044173941976802134 1.1575317549503393e-06 0.006881749284195494 812 812 3777
4.996679718119799 0.007230237147355405 0.04414747270280086 1.156837943576865e-06 0.006877624441915918 828 828 3759
4.997530741763099 0.007233132126377454 0.04416878988425334 1.1573011402203927e-06 0.006880378235197531 880 880 3752
4.998357562845916 0.007421113089022961 0.04507035700619803 1.1873780942436738e-06 0.007059191521256692 911 911 3786
4.997259638746938 0.007233138843531962 0.04416642585515572 1.1573022149651141e-06 0.006880384624761953 822 822 3766
4.999167255975197 0.007239808877192495 0.04421508349681386 1.1583694203507994e-06 0.006886729366379297 856 856 3737
4.998268680649357 0.007238680537689836 0.04420175824532895 1.1581888860303739e-06 0.006885656055064036 834 834 3750
4.997414371977181 0.007234465607498202 0.04417411660456964 1.1575144971997125e-06 0.006881646683543276 816 816 3765
4.9970310986541495 0.007231687638342182 0.044157490040197284 1.1570700221347492e-06 0.006879004193652978 824 824 3779
4.99797156371538 0.007238152670842216 0.04419661494017751 1.1581044273347547e-06 0.006885153931847429 818 818 3771
4.9979377543657435 0.007236567934632345 0.04418876310034331 1.1578508695411752e-06 0.0068836464819161365 826 826 3747
4.997373685451619 0.007231797608519242 0.04416104151628765 1.1570876173630787e-06 0.006879108800675157 877 877 3732
4.997765489925883 0.007236328485746303 0.044186098842791253 1.1578125577194085e-06 0.0068834187107548765 816 816 3757
4.996341662649116 0.007240029604611552 0.044191144159864686 1.1584047367378485e-06 0.0068869393291040824 901 901 3754
4.997422927988696 0.007233550686571886 0.044169831843788684 1.1573681098515019e-06 0.006880776382556322 848 848 3741
4.9970218781899804 0.007243279178122071 0.04421264367152625 1.1589246684995315e-06 0.006890030423593274 909 909 3761
4.997416721220103 0.007234033057384931 0.04417207590788285 1.157445289181589e-06 0.006881235228542456 833 833 3753
4.9975530779105455 0.007234700355873846 0.04417646147548595 1.1575520569398155e-06 0.006881869983434154 804 804 3761
4.997425020172999 0.007234535300480556 0.044174542872175725 1.157525648076889e-06 0.006881712977656331 818 818 3763
4.997299439769119 0.0072334070196315575 0.04416805570205587 1.1573451231410492e-06 0.0068806397221342405 826 826 3764
4.997327904925001 0.0072334522267597625 0.04416852273780584 1.1573523562815621e-06 0.006880682724548071 821 821 3762
4.997240546171349 0.0073968298387899435 0.044944993269198735 1.183492774206391e-06 0.0070360925451196715 939 939 3816
4.998258052892659 0.007237947199544709 0.04419816901225892 1.1580715519271534e-06 0.006884958481215719 873 873 3754
4.99747308759088 0.007241467667569349 0.04420800395181841 1.158634826811096e-06 0.006888307258916893 890 890 3757
4.999466809950952 0.007231586376793756 0.044178530978704694 1.1570538202870011e-06 0.0068789078705467945 930 930 3805
4.9971505643715695 0.007232614791464678 0.04416296435418934 1.1572183666343485e-06 0.006879886130281988 815 815 3775
4.99888503226706 0.0072428683455760335 0.044227170324870876 1.1588589352921654e-06 0.006889639627011838 826 826 3753
4.997392066234941 0.00723397888707312 0.0441715998160381 1.1574366219316993e-06 0.0068811837000720966 827 827 3763
4.997821204878676 0.00723669215776676 0.044188324683970916 1.1578707452426817e-06 0.00688376464679069 816 816 3758
4.997373977068394 0.007234029097942508 0.04417167922312125 1.1574446556708014e-06 0.0068812314621987765 821 821 3765
4.997555214647451 0.00723457346843962 0.04417587562717211 1.1575317549503393e-06 0.006881749284195494 817 817 3735
4.99876440522804 0.0072425429139271425 0.0442245520023818 1.1588068662283429e-06 0.006889330066396194 834 834 3752
4.997441104673411 0.007234426590712141 0.04417416695773175 1.1575082545139428e-06 0.006881609569573706 807 807 3768
4.996642293867363 0.007229550164964096 0.04414386819739376 1.1567280263942554e-06 0.0068769709630895175 844 844 3775
4.998045776150265 0.007237932202081514 0.04419622043094442 1.1580691523330422e-06 0.006884944215166442 819 819 3762
4.997416721220103 0.007234033057384931 0.04417207590788285 1.157445289181589e-06 0.006881235228542456 833 833 3753
4.997396972154074 0.0072341158276642455 0.04417229581570521 1.1574585324262793e-06 0.0068813139621834805 831 831 3773
4.997450098490406 0.007233913160351394 0.04417179951220477 1.1574261056562232e-06 0.006881121178788409 840 840 3755
4.993551428127942 0.0072359910698476075 0.04414723484435895 1.1577585711756174e-06 0.006883097750351414 938 938 3756
4.998650892600615 0.007242250050688577 0.04422215191043236 1.1587600081101723e-06 0.006889051485856352 830 830 3771
4.996914025873623 0.0072299057769634086 0.04414796365479799 1.1567849243141455e-06 0.006877309232184773 858 858 3733
4.997551238494857 0.0072349402887732775 0.044177588712960604 1.1575904462037246e-06 0.006882098215003868 803 803 3756
4.996703535702279 0.007229058632470983 0.04414206676976425 1.1566493811953573e-06 0.0068765034022309 831 831 3751
4.993449169520538 0.007234351077265576 0.0441385212192075 1.1574961723624922e-06 0.006881537738855682 954 954 3746
4.9978225449455955 0.007236212859822429 0.04418605220140959 1.1577940575715887e-06 0.006883308723811995 814 814 3752
4.998032237153711 0.007239038129826923 0.04420137154147615 1.1582461007723078e-06 0.006885996207727377 822 822 3774
4.996841422031405 0.007228867734824718 0.04414237510345675 1.156618837571955e-06 0.006876321814505479 865 865 3730
4.997094500795326 0.007234700355873846 0.04417240782884164 1.1575520569398155e-06 0.006881869983434154 822 822 3778
4.998002072747466 0.0072365507967553505 0.044189250083084594 1.157848127480856e-06 0.006883630179839276 847 847 3749
4.995715737666689 0.00723980259152446 0.04418452663591701 1.1583684146439136e-06 0.0068867233872581075 911 911 3758
4.997285862927217 0.007232319288454358 0.044162751736142376 1.1571710861526972e-06 0.006879605038709882 846 846 3728
4.997424625598178 0.0072348257259971255 0.044175923493681775 1.1575721161595401e-06 0.00688198923935987 816 816 3767
4.994267275697215 0.007249278465594011 0.044216837611815184 1.1598845544950418e-06 0.006895737130760714 874 874 3829
4.998076786168613 0.007238594079393415 0.044199649182031016 1.1581750527029464e-06 0.006885573813267459 819 819 3778
4.996519558604156 0.007229599374908056 0.04414301837566096 1.156735899985289e-06 0.006877017773105077 843 843 3759
4.997551238494857 0.007232614791464678 0.04416650536356988 1.1572183666343485e-06 0.006879886130281988 884 884 3756
4.997967169265568 0.007237825054746369 0.0441950146714466 1.158052008759419e-06 0.0068848422933185036 826 826 3783
4.997178213612506 0.007232208796810736 0.044161273819101204 1.1571534074897178e-06 0.006879499935652638 826 826 3753
4.997188372991284 0.007231341137540785 0.04415722844463623 1.1570145820065256e-06 0.006878674591410028 861 861 3725
4.997373977068394 0.007231786223182263 0.04416098983017671 1.1570857957091622e-06 0.006879097970591678 877 877 3733
4.997927634355062 0.007237347386131453 0.0441923885231055 1.1579755817810326e-06 0.006884387920208173 815 815 3771
4.998177485501107 0.00723275682671931 0.04417271694523292 1.1572410922750897e-06 0.006880021238594338 896 896 3722
4.997613322542501 0.00723592443656909 0.04418282787620769 1.1577479098510544e-06 0.006883034366722959 821 821 3775
4.997743128845159 0.0072366510979625705 0.044187438686631095 1.1578641756740114e-06 0.006883725589439302 816 816 3777
4.997527570282995 0.007237932202081514 0.04419163809181343 1.1580691523330422e-06 0.006884944215166442 832 832 3784
4.997299805613149 0.007233121364349555 0.044166697552116996 1.1572994182959289e-06 0.0068803679980248625 815 815 3760
4.997494604107414 0.007234354529591399 0.04417429642261545 1.157496724734624e-06 0.00688154102281442 801 801 3757
4.997494614107414 0.007234354529591399 0.044174296511008335 1.157496724734624e-06 0.00688154102281442 801 801 3757
4.997494604107414 0.007234364529591399 0.04417434408159602 1.1574983247346238e-06 0.006881550535122664 801 801 3755
#acc_paschen_factor density_factor volt density pressure N_not_eqm N_less_eqm N_eqm
