#acc_paschen_factor density_factor volt density pressure N_not_eqm N_less_eqm N_eqm
2.277553841044158 0.0002626162904194821 0.0026851287260563246 4.201860646711714e-08 0.0002498087104231376 10015 0 2
1.8873636461070213 0.01770871318455898 0.034130971831382084 2.833394109529437e-06 0.016845073840703814 4004 4004 5865
1.4439811977716301 0.0033072620312745516 0.007045546426929034 5.291619250039283e-07 0.00314596958834665 3619 3578 5653
2.907320555387304 0.01858703980185713 0.0546977601388098 2.973926368297141e-06 0.01768056519292379 1228 1162 6536
2.832910549132312 0.012734923029146502 0.03921312389410014 2.0375876846634402e-06 0.012113851331033045 1240 1119 6569
1.612632175074936 0.019293165509341063 0.03128028125606404 3.0869064814945704e-06 0.01835225373174759 5915 5915 4681
1.1945662475739673 0.0025477565343563803 0.004823609656415498 4.076410454970209e-07 0.002423504548415762 8424 6944 1705
1.5031500992200737 0.01935791684119973 0.02923681617412052 3.097266694591957e-06 0.018413847194529185 6402 6402 4117
2.972824628254405 0.014525266907630181 0.04575955291707515 2.324042705220829e-06 0.013816881614430836 972 834 6540
2.6247677016289392 0.006500881968255399 0.021349750623521395 1.0401411149208638e-06 0.006183839313657578 1082 844 6446
1.94782057168601 0.004476165361448931 0.011907795113693335 7.16186457831829e-07 0.004257866466692437 1487 1474 6668
2.0698557527539427 0.016367307932857265 0.03510305671225918 2.6187692692571626e-06 0.015569087817341832 2981 2981 6184
1.34308578407358 0.008138118612269487 0.013018658389538746 1.302098977963118e-06 0.0077412292761970996 5677 5677 4520
2.371565848590774 0.01727913413618088 0.042036266793072596 2.764661461788941e-06 0.016436445008392156 1956 1952 6498
2.5244931434468723 0.001916009373042071 0.008343040122622693 3.065614996867314e-07 0.0018225671753787623 9542 635 265
2.14324563117943 0.012334099410822412 0.02891359441068993 1.973455905731586e-06 0.01173257555015617 2339 2337 6398
2.5600080310860234 0.001049635338563653 0.005697184130459174 1.6794165417018448e-07 0.0009984454883674944 10023 8 32
1.2291588684384163 0.007280248746272398 0.010918660008588075 1.1648397994035838e-06 0.006925197016380728 5977 5977 3920
1.8015199155627308 0.01596018805091185 0.02993268550611116 2.5536300881458962e-06 0.015181822836430122 4236 4236 5685
1.7055745439529355 0.013826938499871867 0.0252277125026714 2.212310159979499e-06 0.013152610107452735 4525 4525 5601
1.5378118089779296 0.005929853260793892 0.011650526000650202 9.487765217270229e-07 0.005640659205532163 3578 3578 5960
2.2523297237973496 0.009892080987490878 0.02547357467177798 1.5827329579985406e-06 0.009409652352255654 1683 1676 6589
2.400118025236572 0.010017095898300694 0.027417376792536766 1.6027353437281113e-06 0.009528570388921163 1531 1503 6632
1.0627672195843627 0.011345249838746055 0.013408038817582929 1.815239974199369e-06 0.010791951356553059 4956 4956 1254
1.7434119735783344 0.0147298259488313 0.027141342582299006 2.3567721518130084e-06 0.01401146447982057 4430 4430 5690
1.0948199026631305 0.003513325097860452 0.005585264417697912 5.621320156576723e-07 0.003341983129042989 6374 6366 3735
2.062129621253927 0.00762769367844628 0.018998042052312373 1.2204309885514049e-06 0.007255697345628288 1917 1911 6568
2.690224601258434 0.008791240338673179 0.027711641117406535 1.4065984541877088e-06 0.00836249879440417 1093 932 6526
2.772497540361469 0.010889035496440673 0.03384925184301921 1.742245679430508e-06 0.010357986211642184 1130 1000 6621
1.3007353368759633 0.005104280387626145 0.008784731518080133 8.166848620201832e-07 0.004855348840828832 4733 4733 5095
2.738591772640809 0.003966911308494181 0.015290444314500988 6.34705809359069e-07 0.0037734483140973414 1263 499 5900
2.871408076659735 0.004912306278560884 0.018834794352173292 7.859690045697415e-07 0.004672737150809064 1321 470 5745
2.5406647150897985 0.01621147395973204 0.04275348399406497 2.593835833557127e-06 0.015420853738624384 1811 1793 6569
1.3137370624119704 0.017498913294865904 0.023527520203580947 2.7998261271785447e-06 0.01664550571868279 6483 6483 2593
2.832910549132312 0.01384767013486715 0.041953257080267106 2.215627221578744e-06 0.013172330677699398 1013 912 6611
2.3191947464072253 0.014181884596431608 0.035014023615236506 2.2691015354290575e-06 0.013490245775482636 2030 2024 6571
2.3718682022004924 0.016760781531770658 0.0410106124476908 2.6817250450833055e-06 0.015943372033195694 1990 1987 6512
1.5031500992200737 0.014868649218828755 0.023579508720288744 2.378983875012601e-06 0.014143517453379039 5975 5975 4560
2.236930305470392 0.01644250128728543 0.03807830107522027 2.630800205965669e-06 0.015640614053860084 2431 2430 6576
2.989476290185517 0.008275852334578247 0.02936226494734341 1.3241363735325197e-06 0.007872245838409486 1157 658 6215
2.153766793724492 0.019004994465704517 0.04126485184542362 3.040799114512723e-06 0.018078136552355753 2767 2767 6305
2.5189537363306975 0.015435437283644098 0.04073160832344652 2.469669965383056e-06 0.014682663731504378 1600 1587 6604
2.938268921083371 0.003530725885028954 0.015044540276261857 5.649161416046326e-07 0.0033585352941656013 1451 377 5315
2.5315733569232073 0.013578846957652903 0.03690186017766272 2.1726155132244646e-06 0.012916617785233838 1505 1491 6628
2.5244931434468723 0.013656292405532126 0.03696798730425364 2.1850067848851404e-06 0.012990286282462049 1495 1471 6672
1.5779750856420878 0.012334099410822412 0.02128777539666398 1.973455905731586e-06 0.01173257555015617 5129 5129 5273
2.6600269970163226 0.013925758443397503 0.03957237255071913 2.2281213509436007e-06 0.013246610683794728 1242 1202 6690
2.2326726910361003 0.009429172408006234 0.024308887904517216 1.5086675852809976e-06 0.008969319442594364 1701 1692 6666
2.0971616622374754 0.012065674246679495 0.027796355881293592 1.930507879468719e-06 0.011477241259992554 2506 2504 6459
2.6571014601602863 0.00992425887810835 0.030129150991719426 1.587881420497336e-06 0.009440260953673516 1079 982 6603
2.94586484908226 0.016004317963187194 0.049056255497217906 2.5606908741099513e-06 0.01522380056926224 1093 993 6568
1.2829199980711554 0.014041749083100945 0.019213973783772483 2.2466798532961516e-06 0.013356944555616573 6314 6314 2883
1.638024950062623 0.01915438357982247 0.03158545730603583 3.0647013727715953e-06 0.018220240082526897 5748 5748 4926
2.6446453208873653 0.010924911753089355 0.032373244667878956 1.747985880494297e-06 0.010392112812828655 1238 1168 6656
1.38822550891894 0.0147298259488313 0.021611819059451 2.3567721518130084e-06 0.01401146447982057 6552 6552 3745
1.7039322453791634 0.019825961898867553 0.0337976816755821 3.1721539038188086e-06 0.01885906608056691 5230 5230 5075
2.062129621253927 0.01330772414860137 0.029573792930242655 2.1292358637762194e-06 0.012658717412079995 2584 2584 6372
2.2305688100054653 0.0034606143089041842 0.011252977461117876 5.536982894246695e-07 0.0032918430018120453 1100 843 6278
2.7194370344887826 0.010889035496440673 0.03320143939231154 1.742245679430508e-06 0.010357986211642184 1062 951 6534
2.9343937402334834 0.005104280387626145 0.01981791410249376 8.166848620201832e-07 0.004855348840828832 1382 444 5684
1.9191231069315342 0.014525266907630181 0.029540328255952538 2.324042705220829e-06 0.013816881614430836 3396 3396 6107
2.6101095067013627 0.013060113694036623 0.036870155875483535 2.08961819104586e-06 0.012423182715266998 1310 1276 6750
2.3331053302564695 0.014116349780910673 0.03509235142569302 2.258615964945708e-06 0.013427907038891112 1887 1881 6563
2.38907025171916 0.01508418383983133 0.03791653452976461 2.413469414373013e-06 0.014348540628591018 1857 1847 6599
2.7543497289471386 0.014689444843826312 0.042784314187865526 2.35031117501221e-06 0.013973052728018562 1155 1109 6586
2.467609882418523 0.015263049258781216 0.03953931506522595 2.4420878814049947e-06 0.014518682928506202 1682 1667 6572
1.326642200664389 0.002451443185072233 0.005211599338454977 3.922309096115573e-07 0.0023318883217804125 8292 6015 1437
1.5031500992200737 0.013113175989508818 0.021302840115919854 2.098108158321411e-06 0.012473657206330853 5779 5779 4630
2.4830494035472315 0.01644250128728543 0.042267880470703845 2.630800205965669e-06 0.015640614053860084 1707 1701 6574
1.0918178264158793 0.0067061259184281775 0.00909762046215782 1.0729801469485085e-06 0.006379073685573028 6143 6143 2776
2.774939533320179 0.012648220478415547 0.03820013594369411 2.0237152765464876e-06 0.0120313771922281 1163 1068 6577
2.7213486883521867 0.013863218063624599 0.04033766373517828 2.218114890179936e-06 0.013187120346788263 1184 1137 6610
1.8371397998285945 0.014321247938647244 0.02795648066301036 2.2913996701835593e-06 0.013622812482382413 3745 3745 5951
2.59206072992713 0.015196719909450995 0.041386931020254245 2.4314751855121593e-06 0.014455588406864298 1564 1537 6647
2.5244931434468723 0.010703123150190359 0.030400603891473494 1.7124997040304575e-06 0.010181140657261882 1283 1252 6682
2.4819399210359654 0.012334099410822412 0.033482771729268904 1.973455905731586e-06 0.01173257555015617 1477 1461 6630
2.6600269970163226 0.012621384425705094 0.03655572383542894 2.0194215081128152e-06 0.012005849911686071 1234 1177 6610
2.9455478345683366 0.015570729517689355 0.04796835242977806 2.491316722830297e-06 0.01481135787482323 1056 934 6544
1.0555742485101265 0.01639876726452783 0.017929673786441613 2.623802762324453e-06 0.015599012903340283 2819 2819 499
1.456443716665716 0.01380297588475234 0.021512573139686717 2.2084761415603744e-06 0.013129816129319037 6000 6000 4267
2.94586484908226 0.01725288867565694 0.052151077337762496 2.760462188105111e-06 0.016411479517342557 1121 1024 6581
1.5832761064483698 0.010642282528691694 0.018979711960675247 1.7027652045906712e-06 0.010123267182719818 4761 4761 5378
2.307773416619138 0.01253924493975964 0.031548731690639154 2.0062791903615423e-06 0.011927716300758593 1909 1902 6538
2.7687568438715875 0.01963377617157308 0.05448161319677293 3.141404187451693e-06 0.018676253092764526 1410 1368 6631
2.95298659629854 0.008594452532016848 0.029879802712812084 1.3751124051226959e-06 0.008175308166856684 1090 670 6313
2.9805045516875097 0.016990647314827353 0.05210942072355241 2.7185035703723768e-06 0.016162027451502286 1106 997 6505
2.189266968198792 0.010761453120836153 0.026478313282086594 1.7218324993337846e-06 0.010236625923323521 2072 2069 6635
2.776205019393173 0.014722491241488436 0.04320237264489441 2.35559859863815e-06 0.014004487480108461 1279 1220 6579
2.813479249873607 0.01905485147428799 0.05402031812727489 3.0487762358860784e-06 0.01812556207573017 1403 1375 6558
1.4664009774189268 0.01014302727009146 0.01691849366401852 1.6228843632146338e-06 0.009648360191521065 5391 5391 4942
2.389930092671263 0.014525266907630181 0.0367872801860891 2.324042705220829e-06 0.013816881614430836 1765 1757 6628
2.7215231533232753 0.009034305679653541 0.028644702112824244 1.4454889087445667e-06 0.008593710039075532 1055 893 6560
2.5465106715684467 0.004784212577873477 0.01637185346891255 7.654740124597563e-07 0.004550890474310299 1095 759 6360
2.935118924838624 0.016750479268251635 0.05072404339435637 2.6800766829202618e-06 0.015933572202575835 1061 962 6545
1.0054314328636034 0.01364967402630239 0.01471750182245106 2.1839478442083827e-06 0.012983990676131495 3046 3046 499
2.467609882418523 0.012069704380635798 0.032715146619606936 1.9311527009017277e-06 0.011481074847638042 1437 1416 6609
2.7800809438142444 0.018612967599835956 0.05236358709232863 2.9780748159737535e-06 0.01770522851356874 1429 1394 6676
2.9317732033166743 0.018228157550317276 0.054285263483467606 2.9165052080507646e-06 0.017339185332947395 1149 1082 6556
2.7558374110380592 0.01166045284029272 0.035539477946599604 1.8656724544468355e-06 0.011091782167551497 1099 994 6557
2.6247677016289392 0.014550270847246704 0.04045834721642284 2.3280433355594726e-06 0.013840666132524227 1361 1339 6707
2.9273220974975214 0.0070821350035993255 0.02544978717825777 1.1331416005758921e-06 0.006736745117623003 1193 663 6230
1.8895316702486684 0.013039631850275455 0.02665761279076854 2.086341096044073e-06 0.012403699754141883 3285 3285 6104
2.938268921083371 0.015274949868362087 0.04711062209380691 2.443991978937934e-06 0.014530003155168067 1052 932 6593
2.7953232023899672 0.008414512755764188 0.027816783508519943 1.3463220409222703e-06 0.008004143905158734 1128 867 6443
2.5244931434468723 0.011824810609606322 0.03292337708246452 1.8919696975370116e-06 0.011248124343943795 1394 1367 6610
1.2599152552598631 0.01020112609422791 0.014602399873056829 1.6321801750764657e-06 0.009703625583898071 6377 6377 3430
2.864195885484786 0.008047775707184249 0.027520456451438392 1.28764411314948e-06 0.007655292320118807 1008 693 6318
1.6150434944182182 0.015570729517689355 0.026301041395590363 2.491316722830297e-06 0.01481135787482323 5503 5503 5012
2.958376986055729 0.011813216742905346 0.0385515718031648 1.8901146788648556e-06 0.01123709590056444 951 757 6477
1.4844588452650092 0.007290275294622469 0.013200676930019377 1.1664440471395952e-06 0.006934734578233137 4451 4451 5478
2.6220740797336037 0.008836655971836452 0.027119749747967638 1.4138649554938324e-06 0.008405699544576392 1123 1011 6601
2.8702020046080405 0.00951419960949518 0.031473367720161 1.5222719375192288e-06 0.00905019993755876 1004 761 6386
2.400118025236572 0.013592947523736165 0.035015003417715775 2.1748716037977866e-06 0.012930030678333001 1720 1712 6577
2.7986419876486206 0.008438919163938184 0.02791341241065866 1.3502270662301096e-06 0.008027360032925477 1086 836 6420
2.7883329224585434 0.008405127026197395 0.02772284524511061 1.3448203241915832e-06 0.007995215909885799 1131 870 6448
2.9805045516875097 0.010937623861577555 0.03651842033901757 1.7500198178524088e-06 0.010404204962265096 1065 814 6393
2.062129621253927 0.019737960851661088 0.04075359566229048 3.1580737362657743e-06 0.01877535677188915 3129 3128 6126
2.772707882012264 0.011095078554295259 0.034362625563551207 1.7752125686872415e-06 0.01055398071941654 1064 953 6607
2.9664808059191206 0.010896488176811919 0.03623737587228035 1.743438108289907e-06 0.01036507543093533 1071 799 6345
2.9343937402334834 0.006979962830105666 0.025224056624072008 1.1167940528169066e-06 0.006639555796805124 1153 594 6206
2.176505112649788 0.0047832096425771894 0.013990813549058888 7.653135428123503e-07 0.004549936451341642 1179 1129 6640
1.4568161300298734 0.009034305679653541 0.015333348910482797 1.4454889087445667e-06 0.008593710039075532 5046 5046 5034
2.8985674832668584 0.002803040018322287 0.012536224266825735 4.48486402931566e-07 0.0026663380673112753 3090 1366 3982
1.9151828059485219 0.016750479268251635 0.03309774433156885 2.6800766829202618e-06 0.015933572202575835 3534 3534 6010
2.5615798942025005 0.008430417231851218 0.025528699355547965 1.348866757096195e-06 0.008019272733057834 1142 1049 6571
2.84054881426305 0.003149222678690225 0.013370971689670575 5.03875628590436e-07 0.002995637684708316 1672 672 5153
2.675762763012426 0.011041504051430765 0.03303312839324308 1.7666406482289225e-06 0.010503019000892672 1182 1099 6606
2.9317732033166743 0.0037778163845921106 0.0157836749649892 6.044506215347377e-07 0.0035935753937538094 1459 349 5390
2.3094618627176264 0.01111684021733428 0.028666407821020697 1.778694434773485e-06 0.010574681084088348 1633 1628 6589
2.5753326970039083 0.00842295581164377 0.02564786681389948 1.3476729298630033e-06 0.00801217520016309 1191 1098 6602
2.9152471636567174 0.018265724906573147 0.05407019881174347 2.9225159850517036e-06 0.01737492056020727 1188 1104 6576
2.06299274699291 0.015047825495734454 0.032677399633268905 2.407652079317513e-06 0.014313955450963792 2864 2862 6268
2.9414705968624215 0.010938990105884462 0.03604375546362845 1.750238416941514e-06 0.010405504575963419 1065 842 6474
2.8166097471195113 0.008182500603183197 0.02741865095699481 1.3092000965093116e-06 0.007783446794000188 1046 745 6314
1.312293415438767 0.014224066923962275 0.01985998844119356 2.275850707833964e-06 0.01353037090567258 6690 6690 3070
2.353438667743469 0.012334099410822412 0.031749217224403325 1.973455905731586e-06 0.01173257555015617 1684 1674 6533
1.559309105354989 0.008047775707184249 0.014982529143948552 1.28764411314948e-06 0.007655292320118807 4208 4208 5645
2.6621764776796875 0.015570729517689355 0.043353639690702425 2.491316722830297e-06 0.01481135787482323 1365 1335 6677
2.999187494592298 0.015315956213685672 0.048192088047480625 2.4505529941897077e-06 0.014569009654833752 1103 950 6472
2.877405261009608 0.00992425887810835 0.032627198800341116 1.587881420497336e-06 0.009440260953673516 1055 823 6412
2.5329882233608694 0.008387979368138374 0.025143627260169568 1.34207669890214e-06 0.007978904528974665 1176 1090 6636
2.715963211467968 0.012409429610350589 0.03681960480284386 1.9855087376560945e-06 0.011804231957951716 1178 1104 6651
2.231164250467603 0.013666137493377941 0.03269157517241609 2.186581998940471e-06 0.01299965123348941 2122 2118 6491
2.9459051337573996 0.013781432473505037 0.043457973394462 2.205029195760806e-06 0.01310932337247898 1098 959 6526
2.8899683254555653 0.01661400834838947 0.04961207742010303 2.6582413357423155e-06 0.015803756856975715 1245 1155 6538
2.16066958546965 0.015012237908830751 0.03415893588299688 2.4019580654129204e-06 0.014280103441336794 2664 2664 6409
2.482084961769525 0.007159737709183334 0.021763098218266545 1.1455580334693336e-06 0.006810563203227372 1048 959 6605
2.7464703716842553 0.010444133915103416 0.0324339874219112 1.6710614264165467e-06 0.009934782113672675 1169 1036 6536
2.5044380589684963 0.012815167917266538 0.034842115396950146 2.050426866762646e-06 0.012190182742109245 1403 1381 6590
2.8473325491079855 0.013613815667578093 0.0415908274199126 2.178210506812495e-06 0.01294988110000239 1137 1034 6532
2.958376986055729 0.01255151069184123 0.0404747070956855 2.008241710694597e-06 0.011939383862222422 1134 942 6475
2.9635951816050836 0.011222918710101698 0.03706630641844302 1.7956669936162718e-06 0.010675586216209173 1058 784 6401
2.8955859344642665 0.011357164199776802 0.03656186620409705 1.8171462719642885e-06 0.010803284664017926 1101 919 6552
2.458470647351408 0.016750479268251635 0.04248671859415733 2.6800766829202618e-06 0.015933572202575835 1791 1778 6536
2.805896785672359 0.01384767013486715 0.041553203727545444 2.215627221578744e-06 0.013172330677699398 1195 1112 6653
2.8650852002056713 0.01190623959984019 0.0375714574258365 1.9049983359744307e-06 0.011325582109449846 1092 958 6550
2.8470147318357064 0.008254198596750363 0.02790544730056892 1.3206717754800582e-06 0.007851648135525236 1043 730 6313
2.791452683483672 0.00915514390536018 0.02969114427521669 1.464823024857629e-06 0.0087086550841273 1005 801 6472
2.7558374110380592 0.015159581811025342 0.04391466957005798 2.425533089764055e-06 0.014420261502884122 1262 1213 6627
2.8955859344642665 0.006500881968255399 0.023552574794113223 1.0401411149208638e-06 0.006183839313657578 1125 550 6067
2.9089164714633418 0.007935377214801448 0.02764317765561291 1.2696603543682318e-06 0.007548375409553957 1048 662 6294
2.7605024689242725 0.013019001380836925 0.03889566829683661 2.083040220933908e-06 0.012384075415691165 1203 1109 6570
1.4359640244652478 0.014839063892653256 0.02248924754245793 2.3742502228245213e-06 0.014115374979172491 6322 6322 3986
2.8570345508139887 0.011736779997610285 0.03703768984320304 1.8778847996176457e-06 0.01116438691232688 1057 933 6525
2.961074114381628 0.013423753368016475 0.042764287442949675 2.1478005388826363e-06 0.01276908798211277 1072 901 6495
2.988499913357523 0.013190499844130038 0.04255458078451814 2.1104799750608062e-06 0.012547210040304018 1059 877 6487
2.993418968358367 0.014237074129041509 0.045335315476268234 2.2779318606466417e-06 0.013542743760082574 1001 840 6565
2.2174280476490074 0.015570729517689355 0.03611089551118766 2.491316722830297e-06 0.01481135787482323 2274 2270 6559
2.954576297517397 0.01144827108272631 0.03754608107907731 1.8317233732362097e-06 0.01088994833938983 1035 812 6485
2.877405261009608 0.011618375072782126 0.036999896090200525 1.8589400116451404e-06 0.01105175649807564 1140 964 6557
2.968438230985863 0.016004317963187194 0.0494321605868368 2.5606908741099513e-06 0.01522380056926224 1076 978 6527
2.9634112173297624 0.01391027063457535 0.044046098206978676 2.2256433015320563e-06 0.013231878202641474 1069 922 6574
2.969787762565961 0.010886954497911274 0.03625242237712937 1.741912719665804e-06 0.010356006701695593 1028 766 6375
2.922343330687292 0.01268078445785658 0.040312620840799444 2.0289255132570528e-06 0.01206235305323587 947 798 6485
2.9320655187298916 0.011436827969417782 0.03723020031836593 1.8298924751068453e-06 0.010879063297284245 950 745 6477
2.9171251351379373 0.01327108249066023 0.041742702934858066 2.123373198505637e-06 0.01262386273759114 1028 888 6584
2.9285077800996517 0.011689083191943664 0.037840539479570015 1.8702533107109863e-06 0.011119016240553817 1097 896 6497
2.810250635965045 0.009410228027287765 0.03054870968369606 1.5056364843660426e-06 0.008951298963706757 1040 837 6503
2.9191614941977546 0.01329508853626186 0.041832759069239514 2.1272141658018977e-06 0.01264669802813813 1051 909 6468
2.8831867461016643 0.013613815667578093 0.042114547671665704 2.178210506812495e-06 0.01294988110000239 1142 1033 6521
2.922343330687292 0.015602031122231071 0.04766815045618541 2.496324979556972e-06 0.014841132925914886 1159 1049 6554
2.848865386566218 0.014568604289398667 0.04395740044615639 2.330976686303787e-06 0.013858105467815587 1115 1023 6560
2.7641440800196166 0.009546398730088994 0.030391703569546454 1.5274237968142391e-06 0.009080828733584519 1068 892 6487
2.975547241320334 0.01510907573290813 0.047287605284952405 2.417452117265301e-06 0.014372218564562061 1123 982 6572
2.9814345703140446 0.017577238057768563 0.053589054907163015 2.8123580892429704e-06 0.016720010647465606 1104 988 6556
2.9484650490564324 0.013875123936364874 0.043734457819544756 2.22001982981838e-06 0.013198445579929587 1098 959 6465
2.8470147318357064 0.01862018715956963 0.053641321425665765 2.979229945531141e-06 0.01771209598132564 1290 1239 6633
2.9960968766181146 0.015440667231308738 0.04846036248602728 2.4705067570093984e-06 0.014687638618932713 1024 865 6519
2.7558374110380592 0.014438192441644536 0.042213579049925204 2.310110790663126e-06 0.013734053698371586 1242 1174 6622
2.967558758178451 0.015426753890779457 0.04796365850983741 2.468280622524713e-06 0.014674403820551598 1072 928 6451
2.914381167411577 0.009547231110019316 0.03204577293478305 1.5275569776030907e-06 0.009081620519031813 1034 739 6452
2.7332163122473996 0.017807977981600408 0.049653465465429245 2.8492764770560656e-06 0.016939497575422343 1398 1368 6635
2.909387468575819 0.014271396138493755 0.044148568439897125 2.283423382159001e-06 0.01357539191342714 1073 955 6509
2.9061167027715857 0.010683217548717327 0.03494427621429329 1.7093148077947724e-06 0.010162205835563534 1017 789 6430
2.961074114381628 0.009289907300101381 0.031861751989924844 1.4863851680162212e-06 0.00883684617919901 1175 796 6253
2.7676963847097493 0.01117900914518237 0.03450780601436155 1.7886414632291792e-06 0.010633818084574163 1044 932 6646
2.5005920513677893 0.00501102407322785 0.016652597946822355 8.017638517164561e-07 0.004766640560008014 1030 736 6356
2.952250938665953 0.010770611113123727 0.03573055058882335 1.7232977780997964e-06 0.01024533728787661 1077 807 6338
2.897445611147475 0.014525266907630181 0.044599272526042774 2.324042705220829e-06 0.013816881614430836 1127 1024 6664
2.877405261009608 0.013842553255438893 0.04259946898610747 2.214808520870223e-06 0.013167463344262765 1092 993 6575
2.8841914481518294 0.01071578822964331 0.03476497360313811 1.7145261167429298e-06 0.010193188071230357 1014 810 6514
2.8702020046080405 0.011075481190232692 0.03552065769560908 1.772076990437231e-06 0.010535339102644242 1150 982 6490
2.969787762565961 0.012459582994709435 0.04039138126747567 1.9935332791535097e-06 0.01185193940309926 1086 882 6434
2.9221920397853687 0.016868275535984134 0.050789817944991544 2.698924085757462e-06 0.01604562364343623 1114 1008 6559
2.8432770343852365 0.015634588155354612 0.046457041764654046 2.5015341048567384e-06 0.014872102179371346 1215 1150 6650
2.794664589959759 0.012250848538186676 0.037497029194634594 1.9601357661098682e-06 0.011653384753951126 1040 938 6568
2.482084961769525 0.013221255901366042 0.0354099296650079 2.115400944218567e-06 0.012576466149982344 1538 1519 6653
2.810250635965045 0.010820960565225553 0.03413880294284111 1.7313536904360886e-06 0.01029323123870494 1107 947 6523
2.8863922864939555 0.008611563449588697 0.029251809870698618 1.3778501519341917e-06 0.008191584599083916 1086 745 6347
2.8616121403592194 0.008480002008558345 0.028650876171336354 1.3568003213693355e-06 0.008066439301080105 988 670 6224
2.9051635954826907 0.013717416135193016 0.042696105236437555 2.194786581630883e-06 0.01304842905821465 998 864 6614
2.9680476963002014 0.009034305679653541 0.031239433702173823 1.4454889087445667e-06 0.008593710039075532 1004 647 6457
2.915765003486986 0.013739068008541966 0.04290652413650572 2.1982508813667147e-06 0.013069024987549064 1103 981 6565
2.935118924838624 0.014329864133440142 0.044686603556348584 2.2927782613504227e-06 0.01363100847245801 1022 894 6547
2.841810758137367 0.010537752589897358 0.033799450140565256 1.6860404143835773e-06 0.010023835082871356 1063 890 6569
2.94953355925304 0.010418546910411703 0.034764014784317454 1.6669675056658728e-06 0.009910442966107163 983 701 6339
2.857299970151443 0.01159867636313096 0.03669145165598107 1.8557882181009537e-06 0.01103301847825555 1012 874 6596
2.791452683483672 0.012135975845304323 0.03717163876880194 1.941756135248692e-06 0.011544114307605486 1119 996 6597
2.9002067999019956 0.010175198371475444 0.03354534594795865 1.6280317394360712e-06 0.009678962334810758 1023 763 6366
1.9957411190037526 0.013810670327567253 0.029491601966949617 2.209707252410761e-06 0.013137135320500773 2897 2897 6218
2.934442647851146 0.015050167740992935 0.046486861532820827 2.40802683855887e-06 0.014316183466851842 1095 980 6517
2.9079845589245883 0.013152204779215144 0.041311162377553876 2.104352764674423e-06 0.012510782594136535 1115 967 6528
2.9279118730537856 0.013343347625281532 0.042080933871300776 2.1349356200450453e-06 0.012692603561168638 1061 911 6599
2.929232404171247 0.010683217548717327 0.03522222838800555 1.7093148077947724e-06 0.010162205835563534 955 721 6381
2.9077618337426863 0.012889695947558153 0.040642514333339826 2.062351351609305e-06 0.01226107610180063 1116 969 6562
2.9146466006824765 0.014769242046397886 0.04547340765558186 2.363078727423662e-06 0.014048958286801442 1133 1011 6558
2.8953887159189664 0.011695918452491173 0.0374301254982178 1.8713469523985877e-06 0.011125518151079063 1055 878 6503
2.990533768754829 0.014891318221173528 0.046969654291256935 2.3826109153877647e-06 0.014165080907166621 1072 915 6488
2.9082542784221554 0.011465700278931805 0.03700247179314557 1.834512044629089e-06 0.010906527528064121 1068 874 6472
2.929233466777046 0.00992425887810835 0.03321488423900812 1.587881420497336e-06 0.009440260953673516 1037 754 6372
2.925486453082353 0.014627920498818205 0.045288422471661635 2.3404672798109128e-06 0.013914528874598979 1054 933 6575
2.6631233860152648 0.00826659054451296 0.026133833266757753 1.3226544871220736e-06 0.007863435738210736 1099 930 6579
2.969787762565961 0.010196047719073287 0.034406159615334456 1.631367635051726e-06 0.009698794876913386 1059 756 6319
2.958376986055729 0.014627830898108353 0.045797362002331914 2.3404529436973368e-06 0.013914443643641887 1061 934 6457
2.9211531482340307 0.011436827969417782 0.03709163938345029 1.8298924751068453e-06 0.010879063297284245 1014 803 6434
2.9171251351379373 0.011918684883616281 0.03828595781867717 1.9069895813786052e-06 0.011337420446995433 970 783 6501
2.8824220795111435 0.01276720381143225 0.03997983472902623 2.0427526098291602e-06 0.012144557806177344 1045 895 6578
2.9079845589245883 0.013152204779215144 0.041311162377553876 2.104352764674423e-06 0.012510782594136535 1115 967 6528
2.905332288293291 0.012007134186731067 0.03835805340023378 1.921141469876971e-06 0.011421556150510385 1070 906 6433
1.6284430789658053 0.008480002008558345 0.016304208508726208 1.3568003213693355e-06 0.008066439301080105 3826 3826 5796
2.95063004029497 0.00874276056594618 0.03026165669459853 1.398841690551389e-06 0.008316383340228824 1001 649 6386
2.849677423740336 0.009381498183698544 0.03090233039201619 1.5010397093917672e-06 0.00892397025090597 1097 865 6464
2.940954513543659 0.009546398730088994 0.032335730410443825 1.5274237968142391e-06 0.009080828733584519 1090 775 6374
1.4956932127122722 0.01689044974480368 0.02602407854489053 2.7024719591685888e-06 0.016066716434370923 6246 6246 4192
2.3399585803753657 0.01384767013486715 0.034653012220852715 2.215627221578744e-06 0.013172330677699398 1847 1845 6645
2.8575727817226975 0.009668053193017653 0.03173618861405231 1.5468885108828247e-06 0.009196550208641853 1163 922 6462
2.7748295978281248 0.012449403928957117 0.03771501376809399 1.991904628633139e-06 0.011842256761992584 1154 1061 6575
2.919880745941236 0.010552513839825715 0.03476676505977302 1.6884022143721147e-06 0.010037876438809127 1079 868 6431
2.8900509823614358 0.014836937639250399 0.04525707016892022 2.373910022280064e-06 0.014113352421395319 1148 1036 6587
2.89376686125613 0.010221279690437577 0.033591445047439654 1.6354047504700124e-06 0.009722796305834185 1014 776 6417
2.826822317819566 0.012183322424317047 0.03776050424309382 1.9493315878907276e-06 0.011589151832989853 1102 1002 6531
2.906666568266745 0.013594644842953973 0.04240924696888865 2.175143174872636e-06 0.012931645220691741 1151 1015 6603
2.986900333242009 0.011178071828427776 0.03723835720875589 1.7884914925484443e-06 0.010632926479985014 952 681 6467
2.983227412895725 0.01165688577538394 0.03846248484526604 1.8651017240614305e-06 0.011088389065457812 1002 767 6385
2.7841445866736194 0.015076626072311548 0.04416873789873701 2.412260171569848e-06 0.014341351447162937 1099 1041 6655
2.9063823626603527 0.015006990045777005 0.045935199516373953 2.401118407324321e-06 0.01427511151223811 1209 1098 6555
2.988701806573492 0.013852464652376772 0.04427278748039225 2.216394344380284e-06 0.013176891370542431 1078 903 6506
2.9455478345683366 0.013759154942533014 0.04339596188763296 2.2014647908052827e-06 0.01308813229832801 1066 924 6515
2.958739898327008 0.014525266907630181 0.045542752054249305 2.324042705220829e-06 0.013816881614430836 981 864 6489
2.7197677005173184 0.009936311879205104 0.030869494373124556 1.5898099006728168e-06 0.009451726139842659 1044 908 6562
2.1882104444424693 0.012221204513657845 0.02930293732938789 1.9553927221852554e-06 0.011625186444061552 2144 2142 6552
2.9196178835005995 0.00951419960949518 0.03201524042636896 1.5222719375192288e-06 0.00905019993755876 1015 748 6409
2.8900509823614358 0.014836937639250399 0.04525707016892022 2.373910022280064e-06 0.014113352421395319 1148 1036 6587
2.943245993168015 0.011813216742905346 0.038354394918165564 1.8901146788648556e-06 0.01123709590056444 996 786 6410
2.9320655187298916 0.010647166642048787 0.035161352890567536 1.703546662727806e-06 0.010127913101894696 1001 777 6414
2.8146063428478882 0.011631311201980988 0.03622466181164917 1.8610097923169582e-06 0.011064061742917353 997 866 6521
2.9259203351528473 0.008056937691842302 0.028138671158589493 1.2891100306947684e-06 0.007664007482337757 1091 663 6269
2.8950858001438897 0.015262348177124792 0.0463871716645594 2.441975708339967e-06 0.014518016038024226 1033 935 6598
2.9479417220286406 0.012110771129018203 0.03919001557426459 1.9377233806429126e-06 0.01152013880455516 1039 851 6452
2.8616121403592194 0.013651926669937203 0.04189384966444525 2.1843082671899527e-06 0.012986133460193203 1067 965 6584
2.922343330687292 0.012650188791471423 0.040234349896092994 2.0240302066354277e-06 0.012033249512278818 1035 881 6496
2.9208688799392366 0.014248219385722943 0.04426455526487395 2.279715101715671e-06 0.01355334547178323 1041 925 6635
2.9312126263653724 0.012222742345022667 0.03925665409134357 1.955638775203627e-06 0.011626649276658421 1079 913 6505
2.802279291582237 0.012055671084716548 0.037117460430683 1.928907373554648e-06 0.011467725943992445 1065 963 6615
2.832910549132312 0.011388961433309502 0.03585060873671793 1.8222338293295205e-06 0.010833531172683243 1070 925 6528
2.94953355925304 0.014531045262369386 0.045415664842100224 2.324967241979102e-06 0.013822378163572792 1113 967 6508
2.8061291355786495 0.014565211634004122 0.04328982425826721 2.3304338614406596e-06 0.013854878269427906 1174 1106 6607
2.9580919133699544 0.014250972355897857 0.04483566138556178 2.2801555769436574e-06 0.013555964181872125 1015 854 6527
2.9534290372543976 0.015055281950908012 0.0468005324344883 2.408845112145282e-06 0.014321048260965254 1092 955 6443
2.935643246936367 0.012244127973876058 0.03937123381662149 1.9590604758201696e-06 0.01164699194602185 1050 856 6444
2.911127900887477 0.014528135977652467 0.04481704468899518 2.324501756424395e-06 0.01381961076227325 1023 913 6583
2.8984216085825127 0.014760863234246286 0.045199483729429994 2.361738117479406e-06 0.014040988102411413 1108 993 6597
2.986900333242009 0.015210566893702652 0.04772650946671682 2.4336907029924245e-06 0.014468760085108747 1007 869 6518
2.9627199594428713 0.010683217548717327 0.03562489576197475 1.7093148077947724e-06 0.010162205835563534 962 683 6410
2.926654824081337 0.013423753368016475 0.04226719876258364 2.1478005388826363e-06 0.01276908798211277 1054 908 6563
2.900849991053546 0.010003951933779539 0.03310283376853663 1.6006323094047263e-06 0.009516067444714494 993 734 6373
2.950882053056424 0.008903835634712537 0.03070370004058858 1.424613701554006e-06 0.00846960291067348 1097 715 6323
2.9455478345683366 0.014828209272909563 0.04610413786413671 2.3725134836655303e-06 0.014105049730285707 1073 949 6574
2.842042818093764 0.011751865661296856 0.03688129762835842 1.880298505807497e-06 0.011178736860631306 1151 1008 6488
2.9254331473923587 0.012216280400637661 0.03916261479191279 1.954604864102026e-06 0.011620502475974178 1018 834 6484
2.8841914481518294 0.01438924967412231 0.044058442198745086 2.3022799478595696e-06 0.013687497829275506 1120 997 6508
2.8702020046080405 0.016487321069461942 0.048966602508528974 2.637971371113911e-06 0.01568324801220698 1167 1087 6595
2.969787762565961 0.013520076111187445 0.04313827958492545 2.1632121777899915e-06 0.012860713144502826 1032 866 6449
2.958376986055729 0.014958918546305544 0.046635504508629376 2.3934269674088873e-06 0.014229384420168191 1024 882 6503
2.9167883490652295 0.015097807416385993 0.0463257649575252 2.415649186621759e-06 0.014361499794547688 1053 938 6573
1.7035257121186655 0.011918684883616281 0.022358010210666957 1.9069895813786052e-06 0.011337420446995433 4275 4275 5759
2.9643407921467113 0.017678434225527874 0.053532109093099335 2.82854947608446e-06 0.016816271561544232 1132 1034 6656
2.995285459229658 0.01301336240203368 0.042189050295808585 2.082137984325389e-06 0.012378711445235672 1008 823 6413
2.9446665115702038 0.011015620803659696 0.03628471618391868 1.7624993285855515e-06 0.010478398057778575 1023 805 6542
2.8867698117126857 0.008480002008558345 0.028902758429082458 1.3568003213693355e-06 0.008066439301080105 1036 679 6315
2.9236260281469777 0.009385887935421333 0.03171599419192662 1.5017420696674135e-06 0.008928145918055927 996 703 6351
2.841248621746848 0.012503914340128411 0.038753652646916555 2.0006262944205458e-06 0.011894108745346643 1106 988 6558
2.9690778651156027 0.01623297364950644 0.05001658169355462 2.5972757839210306e-06 0.015441304906251728 1027 917 6543
2.9210720021546654 0.014329864133440142 0.044472741944182645 2.2927782613504227e-06 0.01363100847245801 1097 990 6596
2.9620280668675574 0.014622286261521938 0.045839805995924486 2.33956580184351e-06 0.013909169414411076 975 837 6549
2.857387200575884 0.011417579196409679 0.036233073255627066 1.8268126714255489e-06 0.010860753271068046 1011 866 6542
2.8927030093379202 0.012756565532238496 0.04009552450934991 2.0410504851581594e-06 0.012134438347090215 1130 995 6593
2.791452683483672 0.009432124682232817 0.03040031312602863 1.5091399491572509e-06 0.008972127736840618 1027 838 6484
2.843739067387955 0.012070898060845839 0.037704795421105504 1.9313436897353343e-06 0.011482210313048248 1108 977 6555
2.9418800810226333 0.011055319263373385 0.03635474115969953 1.7688510821397417e-06 0.010516160456337404 986 756 6385
2.887313666475322 0.014528135977652467 0.044450422663367795 2.324501756424395e-06 0.01381961076227325 1095 979 6589
2.895823817476357 0.014760863234246286 0.04515897243304459 2.361738117479406e-06 0.014040988102411413 1107 994 6617
2.8866734768845124 0.011178071828427776 0.03598880648307095 1.7884914925484443e-06 0.010632926479985014 968 772 6477
2.838493130400799 0.011485257320135264 0.036164197562331545 1.8376411712216424e-06 0.010925130788489912 1006 866 6547
2.9518243121370933 0.013436213967371068 0.04266262202022333 2.149794234779371e-06 0.012780940888308718 1073 911 6488
2.9938977895060215 0.013667137678895316 0.043869929400770995 2.186742028623251e-06 0.013000602640783605 1070 883 6469
2.993418968358367 0.012465348455662025 0.040727928053215505 1.9944557529059243e-06 0.011857423687273947 1035 813 6452
2.8793576930606886 0.012450851614343103 0.03913940025536518 1.9921362582948966e-06 0.011843633844955693 1050 922 6578
2.885750868993454 0.014525266907630181 0.04441925983126006 2.324042705220829e-06 0.013816881614430836 1017 893 6614
2.903933519973979 0.012216280400637661 0.038874800446366674 1.954604864102026e-06 0.011620502475974178 949 801 6501
2.875608309954099 0.01190326706290764 0.03770190082768077 1.9045227300652224e-06 0.01132275454069309 1035 876 6548
2.8918614846392425 0.010662300679989972 0.034718541401611895 1.7059681087983957e-06 0.010142309065281218 1004 786 6432
2.969787762565961 0.014306249652339776 0.04515413377163815 2.2889999443743642e-06 0.013608545650134344 1048 891 6518
2.958376986055729 0.008544207216202884 0.02979629219898576 1.3670731545924615e-06 0.008127513273675302 1068 658 6248
2.8873631643732347 0.012382889258882309 0.03907593150061644 1.9812622814211696e-06 0.011778985957546038 1095 956 6559
2.930032137055944 0.015856472629008665 0.04842586877515524 2.5370356206413865e-06 0.01508316553015548 1069 977 6645
2.880904733717559 0.012855926661168103 0.0401821652977996 2.056948265786897e-06 0.012228953715670152 1029 902 6555
2.8891693566259957 0.011889323843158382 0.037844103948416044 1.9022918149053414e-06 0.01130949132027693 1073 898 6544
2.859169944487024 0.011287899228158014 0.03592576582225035 1.8060638765052825e-06 0.010737397687966492 943 791 6539
2.8517850503913706 0.008037177965460525 0.027372860552701654 1.2859484744736842e-06 0.007645211421522715 1032 713 6304
2.859169944487024 0.009789678815065664 0.03207065814473028 1.5663486104105063e-06 0.009312244249364512 1048 835 6372
2.8220758148563556 0.011101550368152817 0.034990756916718414 1.7762480589044509e-06 0.010560136908247295 1018 862 6522
2.8359640034752145 0.006529165119051921 0.023145387120628774 1.0446664190483075e-06 0.006210743118504937 1177 695 6198
2.9233565965231896 0.014329864133440142 0.04450752444037704 2.2927782613504227e-06 0.01363100847245801 1023 895 6559
2.815381723885283 0.010628397188606475 0.033714598227130875 1.7005435501770363e-06 0.010110059019224191 1021 856 6467
2.9905748781706096 0.016020978913328737 0.04984294314785763 2.5633566261325982e-06 0.015239648978599814 997 866 6531
2.919723940462519 0.01159867636313096 0.03749305670717275 1.8557882181009537e-06 0.01103301847825555 1047 828 6466
2.877738481619086 0.01104581711236983 0.03553767161657066 1.7673307379791729e-06 0.010507121717405204 1069 872 6468
2.853207647380245 0.00848996987009154 0.028593183574918708 1.3583951792146466e-06 0.00807592103822332 1019 710 6294
2.964835060339346 0.011055319263373385 0.03663841089075643 1.7688510821397417e-06 0.010516160456337404 1102 820 6378
2.915654382716407 0.014528135977652467 0.0448867302353943 2.324501756424395e-06 0.01381961076227325 973 872 6549
2.9634965710834953 0.012921675186061441 0.041504265152875204 2.0674680297698306e-06 0.012291495739204152 1005 840 6489
2.8149668368456187 0.01327517678301468 0.04029088501666127 2.124028285282349e-06 0.012627757354682587 1162 1063 6652
2.929232404171247 0.008460421318340653 0.029274534416839186 1.3536674109345046e-06 0.008047813544983011 1021 642 6283
2.8875094085619306 0.013323753379906702 0.04145110104643892 2.1318005407850724e-06 0.012673964910988244 1114 982 6593
2.854800703524547 0.010003951933779539 0.03257734575125437 1.6006323094047263e-06 0.009516067444714494 1014 790 6380
2.917632344288169 0.014423987878650183 0.044656342576352356 2.3078380605840294e-06 0.01372054188020495 1064 945 6592
2.9080339580200865 0.01284723619624755 0.04053848144224505 2.055557791399608e-06 0.012220687077559796 1164 998 6533
2.7849701456182725 0.009672290968647714 0.030940623441700062 1.5475665549836344e-06 0.00920058131144784 1017 841 6486
2.8220758148563556 0.011101550368152817 0.034990756916718414 1.7762480589044509e-06 0.010560136908247295 1018 862 6522
2.809372998576109 0.011656563102949031 0.036220191977957276 1.8650500964718452e-06 0.011088082129491562 1094 977 6628
2.8300941038488547 0.011204037129304203 0.035348945019396026 1.7926459406886725e-06 0.010657625474542163 1102 944 6537
2.8355674451054527 0.008159963420561647 0.027543404997366107 1.3055941472898637e-06 0.007762008731196591 1045 744 6315
2.732960934836512 0.009993950675095942 0.031162188852564197 1.5990321080153508e-06 0.00950655393917237 1119 990 6536
2.951015795253058 0.01690596543017043 0.051384170276279395 2.704954468827269e-06 0.016081475432552676 1128 1018 6559
2.9171251351379373 0.012116677262005947 0.03879552135348143 1.938668361920952e-06 0.01152575690030581 993 837 6508
2.8751471614370754 0.010356524162116217 0.033726466662897824 1.6570438659385948e-06 0.009851445016117672 1010 807 6439
2.84111277521678 0.009915467734421745 0.03219299297644639 1.5864748375074793e-06 0.009431898546817538 1067 867 6564
2.9613854544875684 0.012039331266689967 0.0391822185100237 1.9262930026703947e-06 0.011452183005421312 1046 826 6419
2.7592645323749263 0.008067140226409293 0.02656233152006762 1.290742436225487e-06 0.007673712447704363 1073 823 6459
2.7859295980461574 0.011287899228158014 0.03500549330048279 1.8060638765052825e-06 0.010737397687966492 1078 967 6597
2.879820327568497 0.01341456650715937 0.04156784417579165 2.1463306411454993e-06 0.012760349156886489 1082 962 6564
2.864673978621175 0.011238439236558838 0.035868703486397424 1.7981502778494141e-06 0.010690349819385324 1053 896 6612
2.8098396999196904 0.009588642676284974 0.031002513861262897 1.5341828282055959e-06 0.009121012477348266 1049 854 6513
2.8284973398348408 0.01195904536512686 0.03722357430712766 1.913447258420298e-06 0.011375812581093854 1094 982 6554
2.904354705747882 0.01322995280667071 0.04145608684906532 2.116792449067314e-06 0.012584738914384585 1101 937 6564
2.8769074185835146 0.012695674288211483 0.039723339129489 2.0313078861138374e-06 0.012076516718838777 970 846 6564
2.8371175132654107 0.009418193336285362 0.03086145149563974 1.506910933805658e-06 0.008958875811150733 1005 746 6440
2.8874701974289665 0.013040922921784683 0.0407398317626878 2.0865476674855494e-06 0.012404927861157896 1131 991 6560
2.9418800810226333 0.011706720206077822 0.03805928999227216 1.8730752329724517e-06 0.011135793112047704 1072 851 6447
2.888579327076207 0.011460990486781375 0.036740054640906676 1.83375847788502e-06 0.010902047428594354 1056 886 6620
2.9634965710834953 0.013430944967495894 0.04281776980466531 2.148951194799343e-06 0.012775928853213965 1031 876 6477
2.8656176682217813 0.011178071828427776 0.03572629898806828 1.7884914925484443e-06 0.010632926479985014 965 775 6530
2.8508729557172625 0.0103117777450233 0.03332659523075872 1.649884439203728e-06 0.00980888084489972 1030 833 6424
2.829771116593735 0.011035624939209412 0.03491954419358848 1.7656999902735061e-06 0.010497426608127915 1117 952 6553
2.9171105458088333 0.012938293420731032 0.040896928919013954 2.070126947316965e-06 0.012307303516268131 1102 929 6511
2.8360069389545295 0.014237074129041509 0.04295131106919513 2.2779318606466417e-06 0.013542743760082574 1066 990 6607
2.8793576930606886 0.012286100033504681 0.03872266297653127 1.965776005360749e-06 0.011686917062902 1010 870 6545
2.799737972551303 0.010065928200731966 0.0321062981251811 1.6105485121171147e-06 0.009575021180217708 1001 825 6475
2.8458094413222432 0.012929241278634703 0.03987482963422804 2.0686786045815526e-06 0.012298692839679718 1036 916 6546
2.854166528683099 0.01071578822964331 0.034403064363917664 1.7145261167429298e-06 0.010193188071230357 1017 847 6538
2.882707084603246 0.011849445437551015 0.03765784733966049 1.8959112700081626e-06 0.011271557751637318 1070 909 6568
2.9004445586997365 0.013257220497604482 0.04146905420957641 2.1211552796167173e-06 0.012610676782509602 1140 986 6536
2.9103614921762317 0.014419205667183379 0.044533103509082295 2.307072906749341e-06 0.013715992893249172 1102 985 6541
2.9320655187298916 0.011886459801860854 0.03839856328817648 1.901833568297737e-06 0.01130676695591251 1069 862 6488
2.854166528683099 0.011482390498601036 0.036356618484513756 1.837182479776166e-06 0.010922403779478644 1089 955 6548
2.8764413828101283 0.009192850842569156 0.030694802072211667 1.470856134811065e-06 0.008744523085092262 1046 778 6390
2.995285459229658 0.012618184619807687 0.04115465674983272 2.0189095391692302e-06 0.012002806157684523 955 745 6418
2.8712170174996396 0.012995773813643363 0.040397491130973566 2.0793238101829383e-06 0.012361980637802018 1079 956 6510
2.8667864788928394 0.01104225093251122 0.035393289052515445 1.7667601492017952e-06 0.010503729457198522 1040 877 6507
2.8608427686687543 0.011287899228158014 0.03594678503096528 1.8060638765052825e-06 0.010737397687966492 992 833 6521
2.855897699031436 0.009034305679653541 0.030059027333117206 1.4454889087445667e-06 0.008593710039075532 1052 805 6433
2.9690778651156027 0.009141382932777905 0.031542880021833114 1.4626212692444649e-06 0.008695565222834021 1133 725 6315
2.9249962580014506 0.015709754416253774 0.04797884221374347 2.513560706600604e-06 0.014943602643689668 1103 998 6635
2.751964395705807 0.005878823307343212 0.02071066084722881 9.406117291749139e-07 0.005592117940844794 1165 691 6264
2.866755811978355 0.010418546910411703 0.0337883734592537 1.6669675056658728e-06 0.009910442966107163 999 794 6412
2.861891705647732 0.014548701128280932 0.044109539276426094 2.327792180524949e-06 0.01383917296745842 1119 990 6520
2.863502150194213 0.009418193336285362 0.031148456947123877 1.506910933805658e-06 0.008958875811150733 1076 829 6386
2.8279867544285406 0.008812974274445188 0.02918755829262991 1.4100758839112301e-06 0.008383172784044922 1100 856 6392
2.829777152666769 0.007757547433980898 0.02641730659447526 1.2412075894369438e-06 0.007379218240550265 1120 778 6292
2.8220719877468974 0.015221898772691308 0.045120034951298925 2.4355038036306094e-06 0.014479539317700544 1272 1197 6745
2.9295578453312228 0.01586763532503055 0.048445731739910056 2.538821652004888e-06 0.015093783830694329 1066 971 6619
2.82114870902522 0.008770163036159583 0.029005255046018533 1.4032260857855335e-06 0.008342449414559113 1104 862 6417
2.87482550489936 0.010375274791840647 0.03377131914005922 1.6600439666945037e-06 0.0098692811930875 981 766 6430
2.926654824081337 0.006647477142527709 0.024220697156342938 1.0635963428044335e-06 0.006323285162126179 1114 515 6054
2.900849991053546 0.014789059868225318 0.04530735685718158 2.3662495789160513e-06 0.01406780960979515 1066 938 6600
2.8047402093467686 0.007522989058244107 0.025561546620321677 1.2036782493190572e-06 0.007156099083440252 1103 793 6334
2.897227329704054 0.013714886488813853 0.04257312795224758 2.1943818382102167e-06 0.013046022780604084 1052 919 6672
2.7762059042683567 0.00749400487733475 0.02522520466503489 1.1990407803735602e-06 0.00712852843714077 960 668 6327
2.8047402093467686 0.007522989058244107 0.025561546620321677 1.2036782493190572e-06 0.007156099083440252 1103 793 6334
2.93545849269494 0.013014606359351198 0.041349562217059675 2.0823370174961918e-06 0.01237989473578027 1082 916 6520
2.914000196371745 0.0154270361838184 0.047098709042217295 2.468325789410944e-06 0.014674672346391741 1131 1036 6564
2.864564978470243 0.006279726304213256 0.022684066426251755 1.0047562086741212e-06 0.005973469229041375 1157 575 6077
2.894881049012176 0.016261813834922097 0.04883715462995046 2.6018902135875355e-06 0.015468738579599033 1182 1099 6597
2.821547596268264 0.009887827965624967 0.031900457005350366 1.582052474499995e-06 0.00940560674676017 1018 838 6555
2.8007849625232337 0.011918684883616281 0.036759045281504324 1.9069895813786052e-06 0.011337420446995433 1108 983 6570
2.819838075949276 0.007865581568762419 0.02661155951396798 1.2584930510019871e-06 0.007481983639636296 993 695 6366
2.995285459229658 0.01615239563826814 0.0502542245125346 2.5843833021229028e-06 0.015364656618197137 1068 949 6532
2.863248845934489 0.007803882341891199 0.026854861657682114 1.248621174702592e-06 0.007423293433197906 983 644 6238
2.8422734530812948 0.009366569791832261 0.030783174432531136 1.4986511666931618e-06 0.008909769904404804 1072 833 6396
2.859169944487024 0.011477361495284675 0.03640757968088771 1.8363778392455482e-06 0.01091762003650837 1030 873 6494
2.880589642802843 0.012229516581365268 0.038595851219887956 1.956722653018443e-06 0.011633093139078926 1032 893 6564
2.720595987124574 0.01623297364950644 0.04583069815849204 2.5972757839210306e-06 0.015441304906251728 1256 1213 6614
2.8451793162789105 0.0071256903821632035 0.024854167786282157 1.1401104611461126e-06 0.006778176336279141 1069 652 6209
2.745413385217984 0.006394506441138878 0.02204742934682413 1.0231210305822206e-06 0.006082651633307996 1009 646 6351
2.781869394293605 0.008981612508833848 0.029144765494429292 1.4370580014134158e-06 0.008543586670759166 1140 927 6485
2.871872950259631 0.014012462728397672 0.04293879713420559 2.2419940365436277e-06 0.013329086472290008 1067 959 6574
2.8371175132654107 0.011462388329407092 0.03608903173214767 1.833982132705135e-06 0.010903377099587526 1036 911 6565
2.853207647380245 0.010956977372821577 0.035008126933039424 1.7531163796514524e-06 0.01042261461871979 1008 848 6517
2.83646189963436 0.0124407884274946 0.03853126110771384 1.990526148399136e-06 0.011834061431434215 1089 970 6541
2.9344545376902187 0.011900831033883466 0.03846711381929264 1.9041329654213548e-06 0.011320437314796287 1032 853 6502
2.9583418668508332 0.014113780915186738 0.0444900172050531 2.2582049464298783e-06 0.013425463454630892 986 845 6473
2.7950754079407334 0.008420552515345153 0.02783003986037298 1.3472884024552246e-06 0.008009889110643804 1065 796 6404
2.8863336734596214 0.01045683488902251 0.034118708299038125 1.6730935822436017e-06 0.009946863671563768 980 785 6507
2.9226453659280898 0.013423753368016475 0.04220929355172682 2.1478005388826363e-06 0.01276908798211277 1129 982 6578
2.900849991053546 0.009356508469398435 0.031390846173742847 1.4970413551037497e-06 0.00890019926437204 992 729 6408
2.8115805178173745 0.014237074129041509 0.042581373041837595 2.2779318606466417e-06 0.013542743760082574 1244 1165 6685
2.8793576930606886 0.0050321813800269545 0.019236583564434286 8.051490208043128e-07 0.004786766042395526 1276 471 5814
2.8271263126329287 0.010623325315381975 0.03384235517347014 1.699732050461116e-06 0.010105234497075859 1069 904 6521
2.8864806511320578 0.012694525375568906 0.03985262088434624 2.031124060091025e-06 0.012075423837718676 1053 917 6571
2.8421379970066702 0.008520573299893763 0.028563125543091025 1.3632917279830022e-06 0.008105031963981988 1097 791 6408
2.782241502476608 0.005737999195927978 0.020551540709804177 9.180798713484766e-07 0.005458161705255099 1183 642 6143
2.969787762565961 0.013875515781077145 0.044051741848637783 2.2200825249723433e-06 0.013198818314698256 1009 881 6499
2.767735211909909 0.011366518255484683 0.034970559378615935 1.8186429208775493e-06 0.010812182530139935 1020 914 6604
2.9320655187298916 0.012433581532963279 0.039811418187657856 1.9893730452741248e-06 0.011827206011208192 1043 897 6576
2.9171251351379373 0.011021533321793113 0.03596076200941812 1.7634453314868982e-06 0.010484022227276601 1053 800 6459
2.893440198287627 0.01180404950708824 0.037681896467759615 1.8886479211341184e-06 0.011228375743281132 1069 901 6483
2.868889657804668 0.008535546465771347 0.028871901744322952 1.3656874345234156e-06 0.008119274900902832 1050 707 6355
2.915735245774046 0.01094938967191548 0.035755532887787274 1.751902347506477e-06 0.010415396963731973 1029 788 6503
2.800875774458542 0.010272759436702108 0.03264344098426128 1.6436415098723374e-06 0.00977176542731066 1069 889 6520
2.875357105872991 0.00908144501563423 0.030388654369633214 1.453031202501477e-06 0.008638550428499696 1092 803 6308
2.9214340487300774 0.013047423663988818 0.04123558685901643 2.087587786238211e-06 0.012411111567523616 1010 861 6568
2.756653042618025 0.010285980106657629 0.032160954508968324 1.6457568170652208e-06 0.009784341336090895 1179 1035 6744
2.811029783297038 0.010563578604625598 0.03349866555457521 1.6901725767400959e-06 0.010048401584150943 1006 853 6569
2.8329419557391473 0.00897601590482537 0.02966521717242643 1.4361625447720593e-06 0.008538263008514626 1057 803 6361
2.94953355925304 0.009462344292199347 0.032203441620379344 1.5139750867518958e-06 0.009000873561340578 1078 769 6339
2.8769074185835146 0.010157786992680069 0.03323053425404412 1.6252459188288112e-06 0.009662400094606184 1013 787 6510
2.8869679683174483 0.011894169666910917 0.037827630715987784 1.9030671467057469e-06 0.011314100817199699 1143 977 6524
2.853207647380245 0.012690664359960038 0.03938359158592301 2.0305062975936064e-06 0.012071751120658232 1067 922 6539
2.8056385437045392 0.0101157624897247 0.03230060324580813 1.6185219983559523e-06 0.009622425092017103 1077 892 6475
2.7401342877140755 0.007017931792251944 0.02365394058668838 1.1228690867603111e-06 0.006675673043967195 1050 734 6351
2.9787402683579374 0.01378232125753911 0.043944646037250686 2.2051714012062576e-06 0.013110168811248381 1099 926 6524
2.9026063038538696 0.011104313386945843 0.03599640978567039 1.776690141911335e-06 0.010562765176891477 1017 828 6514
2.8664535466172487 0.009194931697507886 0.030593700744146 1.471189071601262e-06 0.00874650245845098 1016 771 6441
2.8253508059820582 0.009251652018016643 0.030302168695576285 1.480264322882663e-06 0.00880045657568585 1063 849 6465
2.900849991053546 0.013034019670172235 0.040911154198386514 2.085443147227558e-06 0.012398361275435902 1084 948 6559
2.879648565156688 0.009584070057072855 0.03176073351933799 1.533451209131657e-06 0.009116662861005691 1106 863 6414
2.8725291188235578 0.012348180548461627 0.038787585904803544 1.9757088877538603e-06 0.01174596996232049 1047 893 6539
2.877019688679354 0.00749400487733475 0.02614122041909486 1.1990407803735602e-06 0.00712852843714077 1036 638 6291
2.8405254838402545 0.011938152571686574 0.037329463312446645 1.910104411469852e-06 0.011355938711966702 1122 990 6509
2.9634856028980923 0.015993799510476792 0.04932331392202972 2.559007921676287e-06 0.015213795092819652 1117 1012 6492
2.8918614846392425 0.00955520393666943 0.031819211405465384 1.5288326298671089e-06 0.009089204517498587 1063 781 6389
2.969787762565961 0.015467759273188377 0.04810323841861189 2.474841483710141e-06 0.014713409404263175 1076 950 6523
2.7648077595487766 0.009255818171988544 0.029663410407639763 1.4809309075181672e-06 0.008804419549762904 1092 924 6538
2.9320655187298916 0.013494353440681799 0.04252493687204518 2.159096550509088e-06 0.012836244947433288 1014 874 6499
2.878818206172765 0.011918684883616281 0.037783196573073524 1.9069895813786052e-06 0.011337420446995433 1039 881 6550
2.807480024333464 0.011894622219765567 0.03678723139398171 1.9031395551624908e-06 0.011314531299424689 1162 1054 6564
2.7409101707245958 0.012439688006069989 0.03723061334194875 1.9903500809711985e-06 0.011833014676655353 1132 1058 6575
2.7270298118288476 0.00770842379857492 0.025331689613951845 1.2333478077719873e-06 0.007332490324348029 1084 860 6491
2.8616121403592194 0.01187124300256364 0.037437416274056494 1.8993988804101826e-06 0.011292292267373072 1074 923 6543
2.796800733325238 0.009967631732474492 0.03182333016892705 1.5948210771959188e-06 0.00948151854968658 1060 881 6524
2.9680476963002014 0.011749431260847348 0.03851007167231029 1.8799090017355758e-06 0.011176421183884927 1035 798 6461
2.8552482778383483 0.012728020982427242 0.03950508413121063 2.036483357188359e-06 0.012107285891442594 1093 978 6520
2.904957958381265 0.012297461198579199 0.039095964966551 1.967593791772672e-06 0.011697724153321395 1119 972 6547
2.7902858719042936 0.010914068760434588 0.03412896002024992 1.7462510016695342e-06 0.010381798623987255 1190 1052 6676
2.962229122906696 0.016185152754676177 0.04978158439380674 2.5896244407481887e-06 0.015395816197041242 1071 966 6529
2.88594662724679 0.012695674288211483 0.03984814938541663 2.0313078861138374e-06 0.012076516718838777 1049 900 6525
2.8371175132654107 0.009863671716997964 0.03201421190731927 1.5781874747196744e-06 0.009382628578465533 1030 825 6496
2.93215831212045 0.015058064571257225 0.04647043679644417 2.4092903314011562e-06 0.014323695175213882 1058 931 6611
2.762269605182893 0.011127650164206566 0.03431357656080929 1.7804240262730506e-06 0.010584963838762841 1045 938 6641
2.9063865076615856 0.014528135977652467 0.04474405056461195 2.324501756424395e-06 0.01381961076227325 1165 1045 6565
2.9583418668508332 0.011877393389326328 0.03871897691515199 1.9003829422922126e-06 0.011298142704843408 969 767 6454
2.8211953175969122 0.011178071828427776 0.035172475567108674 1.7884914925484443e-06 0.010632926479985014 1075 930 6526
2.8009918127860054 0.009421311582029124 0.03047647970625864 1.50740985312466e-06 0.008961841982620095 1073 881 6557
2.809718442305006 0.006303843407374513 0.022315816887688265 1.0086149451799222e-06 0.00599641016096236 1071 628 6254
2.900849991053546 0.010386171336623331 0.034105542930279134 1.661787413859733e-06 0.009879646322363685 963 752 6464
2.8573017167400394 0.013274237142258971 0.040894494049187616 2.1238779427614355e-06 0.012626863539431946 1141 1025 6553
2.9097429457526918 0.010751103547240664 0.035165169740362226 1.7201765675585063e-06 0.010226781089900626 1025 818 6539
2.7762059042683567 0.009840064516553523 0.031267302963469044 1.5744103226485639e-06 0.009360172681726201 1022 860 6524
2.8661792666347607 0.009273746971515265 0.030798172600617988 1.4837995154424425e-06 0.008821473976516291 1049 822 6387
2.8916145440190952 0.01196078907278169 0.038058660607571404 1.9137262516450707e-06 0.011377471249563781 1055 892 6514
2.852785701839865 0.01324340507001837 0.04075337975610314 2.118944811202939e-06 0.012597535121938133 1132 1028 6602
2.9499787147865204 0.01324345782380109 0.04214196280173037 2.1189532518081748e-06 0.012597585302962361 1085 937 6472
2.958376986055729 0.012002549068219244 0.03904641414186661 1.920407850915079e-06 0.011417194644448646 1071 843 6422
2.8297754569448124 0.008974124320565166 0.02962712313673668 1.4358598912904268e-06 0.00853646367525947 985 733 6407
2.738083369613973 0.008887009246524389 0.02844700307667141 1.4219214794439024e-06 0.008453597131566456 1056 873 6523
2.8647171786726693 0.007865581568762419 0.027035095504648936 1.2584930510019871e-06 0.007481983639636296 1022 671 6292
2.897339769810894 0.01270620851488164 0.040032169359639574 2.0329933623810625e-06 0.012086537199958109 1047 901 6549
2.922343330687292 0.0139959504696562 0.043651782352482994 2.239352075144992e-06 0.013313379502795496 991 850 6559
2.921210076723492 0.01357806693530642 0.04257948413453917 2.1724907096490276e-06 0.012915875803934182 1060 924 6599
2.809395657480916 0.009226479823727318 0.03006612596143745 1.476236771796371e-06 0.008776512008561348 1070 865 6468
2.7705582783351916 0.009612135601849656 0.030628503683072413 1.537941696295945e-06 0.009143359672299522 987 803 6516
2.7639867390447455 0.01623297364950644 0.04656165139944907 2.5972757839210306e-06 0.015441304906251728 1201 1149 6664
2.8301429196346906 0.014808915857906703 0.044251091406995346 2.3694265372650728e-06 0.014086697239228034 1194 1113 6656
2.90858226539424 0.014622286261521938 0.045012688522515644 2.33956580184351e-06 0.013909169414411076 1065 936 6524
2.94953355925304 0.008243023471890541 0.028879506652595213 1.3188837555024867e-06 0.007841018012292625 1097 686 6329
2.9141637543817493 0.014332774984425489 0.04437485746067862 2.2932439975080785e-06 0.01363377736364036 1039 933 6609
1.8321969037471222 0.014435279323623415 0.028060783735925614 2.3096446917797467e-06 0.013731282650714927 3758 3758 5940
2.812266365946222 0.010221972057654434 0.032647130584143064 1.6355155292247095e-06 0.009723454906872627 1026 863 6532
2.796241820448026 0.011055319263373385 0.03455499367838879 1.7688510821397417e-06 0.010516160456337404 1056 935 6603
2.863805723277638 0.009585539878824515 0.031589839405706636 1.5336863806119226e-06 0.009118061000762168 991 774 6408
2.740472479029828 0.011877393389326328 0.03586748774411186 1.9003829422922126e-06 0.011298142704843408 1240 1137 6555
2.986900333242009 0.009081417087798735 0.03156743936233542 1.4530267340477977e-06 0.008638523862681716 1115 724 6259
2.7639867390447455 0.009657962702499493 0.03067139380640112 1.545274032399919e-06 0.00918695182302818 1030 868 6541
2.9475484070981244 0.01539367390784911 0.0475572959170474 2.462987825255858e-06 0.014642937121119323 1170 1043 6528
2.900849991053546 0.007975726125634606 0.02767649214740553 1.276116180101537e-06 0.0075867565372673565 1035 641 6274
2.8418734709754316 0.010432660035638466 0.033531251648522775 1.6692256057021546e-06 0.009923867805850754 1044 861 6581
2.782213723311731 0.011439898352803745 0.03533503432884717 1.8303837364485994e-06 0.01088198394060354 1064 938 6588
2.801967713698485 0.010591061690868247 0.033459927263685955 1.6945698705389196e-06 0.010074544342933187 1115 959 6569
2.302002377889785 0.01181438516737822 0.030000520074463823 1.8903016267805156e-06 0.011238207341938963 1796 1787 6526
2.8900428852377855 0.010544583947288008 0.034390869549691665 1.6871334315660814e-06 0.010030333280593485 1024 786 6481
2.9516898752063865 0.014048261049088791 0.04422329776689314 2.247721767854207e-06 0.013363138938391323 1052 926 6536
2.864900906063877 0.009705124085493913 0.03191437062840838 1.5528198536790262e-06 0.009231813184251392 1052 806 6445
2.9243064894198354 0.011053347092298035 0.03613242058736559 1.768535534767686e-06 0.010514284466419643 984 759 6371
2.9320655187298916 0.008037363740986465 0.02814394363487806 1.2859781985578345e-06 0.007645388136929397 1132 681 6196
2.9171251351379373 0.014304869053368583 0.044349961850043966 2.2887790485389737e-06 0.013607232381836878 1047 926 6604
2.857909832186324 0.01352362658344471 0.04152197049404636 2.163780253351154e-06 0.012864090463154931 1124 1017 6590
2.89574375735741 0.009016794117167942 0.030431696697984425 1.442687058746871e-06 0.00857705250105672 1059 759 6364
2.988071676490341 0.016368393337009592 0.050677981037187035 2.618942933921535e-06 0.015570120287228399 1054 947 6535
2.9366486834430763 0.012649679977332668 0.04042999540054467 2.023948796373227e-06 0.01203276551258617 1114 930 6507
2.8090961606090814 0.013213773123874206 0.040056852659723884 2.1142036998198732e-06 0.012569348301380364 1119 1025 6612
2.8210919384055533 0.009612135601849656 0.031187152965308138 1.537941696295945e-06 0.009143359672299522 1051 842 6482
2.9439692305281375 0.012891565711994669 0.041153400334677556 2.0626505139191473e-06 0.012262854679366912 1086 912 6511
2.9994309885900297 0.013495212788624329 0.043504201044111415 2.159234046179893e-06 0.012837062385685062 1036 853 6432
1.5321881143648544 0.017394855478971582 0.027306498863990555 2.7831768766354533e-06 0.0165465227166897 6315 6315 4311
2.8472041092340064 0.012841837121799822 0.03967707407168591 2.0546939394879716e-06 0.012215551311522166 1085 974 6539
2.788176124801391 0.010237685882137353 0.03240707233468148 1.6380297411419765e-06 0.009738402381089186 954 785 6558
2.938567238723432 0.010294357976667374 0.03430551951957141 1.64709727626678e-06 0.009792310624286548 976 715 6381
2.853207647380245 0.00935625759808898 0.030874640233582065 1.4970012156942368e-06 0.008899960627849538 1024 777 6400
2.9418800810226333 0.012312899528121637 0.03963280550056287 1.9700639244994623e-06 0.011712409568258617 1026 867 6452
2.915654382716407 0.011922010447944716 0.03827521973530153 1.907521671671155e-06 0.011340583826292995 968 771 6456
2.9698496220964827 0.011877393389326328 0.03886959118819942 1.9003829422922126e-06 0.011298142704843408 1044 823 6466
2.9450300446763857 0.015064964701207322 0.04669177840914299 2.4103943521931715e-06 0.014330258791514425 1079 937 6510
2.700623643369748 0.0078798048945455 0.025522649848729987 1.2607687831272803e-06 0.007495513305545919 1080 848 6526
2.9172882691263924 0.013423753368016475 0.042131925536392514 2.1478005388826363e-06 0.01276908798211277 1085 927 6569
2.7855257204033994 0.010386171336623331 0.032749665557891036 1.661787413859733e-06 0.009879646322363685 1048 898 6592
2.993418968358367 0.011732418715556801 0.03879417521039203 1.8771869944890883e-06 0.01116023832640393 981 749 6406
2.9109743192560193 0.013157358010744202 0.041366693863881754 2.1051772817190724e-06 0.012515684506811984 1089 937 6572
2.7762059042683567 0.014163811318270086 0.04187054229604445 2.266209810923214e-06 0.013473053916198368 1194 1136 6554
2.7513436973504097 0.011145802131074585 0.034222418677229235 1.7833283409719337e-06 0.010602230549170255 1017 898 6531
2.567353789751655 0.01071578822964331 0.03094593002410649 1.7145261167429298e-06 0.010193188071230357 1290 1238 6604
2.8751117793028858 0.010972463592998067 0.03531670997517426 1.755594174879691e-06 0.01043734558870432 1033 827 6434
2.848895845970118 0.007119711083211317 0.02487034873495058 1.1391537733138108e-06 0.006772488642808112 1110 679 6253
2.958376986055729 0.0060080821918866425 0.022640361911762556 9.612931507018629e-07 0.005715072976143441 1276 510 5866
2.8256019811092243 0.011426636590444312 0.03585277227664014 1.8282618544710901e-06 0.010869368943462061 1078 928 6580
2.6035345782348918 0.0127864634665531 0.036155441954869534 2.045834154648496e-06 0.01216287818379462 1291 1252 6680
2.957883786843465 0.015873821889718153 0.04892965433870271 2.5398115023549045e-06 0.015099668681722007 1118 1014 6496
2.833142303058498 0.006333005427161078 0.02258236267653727 1.0132808683457726e-06 0.00602414997308361 1123 640 6241
2.922343330687292 0.007403811201140431 0.026302832904180954 1.1846097921824691e-06 0.0070427334321834035 1061 581 6238
2.8616121403592194 0.015064964701207322 0.0453692349224397 2.4103943521931715e-06 0.014330258791514425 1190 1105 6513
2.873675803046199 0.009031374411457368 0.03023838630532096 1.4450199058331791e-06 0.0085909217264129 1029 757 6336
2.686139516148737 0.007821957984616316 0.025239472670321197 1.2515132775386107e-06 0.0074404875417279515 1026 859 6599
2.832580910046234 0.01623297364950644 0.04771717715978948 2.5972757839210306e-06 0.015441304906251728 1172 1114 6577
2.8857589789278144 0.013974840535790583 0.0430527566025437 2.2359744857264933e-06 0.013293299083002558 987 876 6578
2.826020601740667 0.008656926084991115 0.028758902404531703 1.3851081735985785e-06 0.00823473493615239 1103 858 6456
2.94953355925304 0.013533966439404554 0.042879592007348186 2.1654346303047287e-06 0.012873926052863256 989 851 6513
2.882755211062687 0.010465327916528542 0.03409846309249974 1.6744524666445668e-06 0.009954942501119547 987 775 6466
2.9002648374869895 0.010294357976667374 0.033858368351496027 1.64709727626678e-06 0.009792310624286548 981 746 6434
2.853207647380245 0.008027287200185732 0.02736004080634943 1.2843659520297172e-06 0.007635803020716931 1049 742 6348
2.9418800810226333 0.01248491886625374 0.04007721269141735 1.9975870186005987e-06 0.011876039665073945 1044 873 6504
2.915654382716407 0.013918872371324914 0.04335792670455217 2.2270195794119862e-06 0.013240060439780592 1131 1010 6624
2.895519138064479 0.013160048740358437 0.04115384843083772 2.10560779845735e-06 0.01251824401176103 1102 942 6563
2.895519138064479 0.013160048740358437 0.04115384843083772 2.10560779845735e-06 0.01251824401176103 1102 942 6563
2.984748856649957 0.014386638179436447 0.04558784402360807 2.3018621087098315e-06 0.013685013695032687 1073 911 6508
2.9145195049934136 0.013580220523299439 0.04248740105229516 2.1728352837279104e-06 0.01291792436321609 1070 937 6565
2.867158870522668 0.012659966218000026 0.03949912279895613 2.0255945948800044e-06 0.012042550101775634 1064 931 6579
2.868432755957163 0.010102720091632728 0.03298966108046215 1.6164352146612366e-06 0.00961001876092859 962 750 6395
2.9174573361614122 0.015323856334032472 0.046898439262596604 2.4518170134451956e-06 0.014576524492823692 1140 1036 6592
2.7428944641652113 0.008248877685382267 0.026871262200334527 1.3198204296611627e-06 0.007846586720618273 1098 897 6485
2.7686217126395034 0.012216280400637661 0.03706338862444174 1.954604864102026e-06 0.011620502475974178 1094 1003 6631
2.692012507587579 0.00675985822942947 0.022570836560654412 1.0815773167087153e-06 0.006430185516060951 988 735 6424
2.748098277964965 0.008507262716543888 0.02758403174464563 1.3611620346470223e-06 0.008092370526809525 1073 858 6499
2.969787762565961 0.010941012994883594 0.03639611941032882 1.7505620791813752e-06 0.01040742881033363 1075 797 6346
2.056084155525499 0.013446122842505012 0.02973419770861048 2.151379654800802e-06 0.012790366515770748 2710 2709 6336
1.8878405136133902 0.011436827969417782 0.0239710470458379 1.8298924751068453e-06 0.010879063297284245 3252 3252 6197
2.7801233403468206 0.012277052104951258 0.037366001865766295 1.9643283367922014e-06 0.011678310394365479 1124 1035 6648
2.7948737475786576 0.009252964896653901 0.02997866704144706 1.4804743834646242e-06 0.008801705426314239 1001 808 6506
2.9568317923320206 0.012618184619807687 0.04062631062607072 2.0189095391692302e-06 0.012002806157684523 1037 876 6518
2.922343330687292 0.010145997406813205 0.03372417710466171 1.623359585090113e-06 0.009651185477123314 981 743 6446
2.944830820414003 0.01297871863070375 0.04138941943816779 2.0765949809126002e-06 0.012345757222074951 1061 913 6523
2.8150634344077483 0.011258567492124047 0.03529801504121052 1.8013707987398477e-06 0.010709496436519321 1029 888 6484
2.966499616177681 0.012262150170968121 0.03983209439969179 1.9619440273548996e-06 0.011664135215418309 1000 795 6511
2.8695079198609434 0.01315630815292845 0.04077480896984322 2.105009304468552e-06 0.012514685849696453 1113 989 6550
2.8367423716825595 0.012070094244663382 0.03761001665029458 1.931215079146141e-06 0.011481445698318386 1113 994 6515
2.9772120879205013 0.014622286261521938 0.04607479113569768 2.33956580184351e-06 0.013909169414411076 1029 875 6481
2.95235770740781 0.010418546910411703 0.03479730097219537 1.6669675056658728e-06 0.009910442966107163 977 702 6384
2.7959547654794044 0.011958882444705695 0.036794905532418744 1.913421191152911e-06 0.011375657606167324 1196 1072 6594
2.7979071004167846 0.010294357976667374 0.03266342024863536 1.64709727626678e-06 0.009792310624286548 1021 852 6524
2.853207647380245 0.011732360686995336 0.036976914935107214 1.8771777099192539e-06 0.01116018312784757 1059 917 6539
2.9759956217014683 0.012810856606675579 0.041391281839685476 2.0497370570680927e-06 0.012186081690581782 1059 872 6519
2.915654382716407 0.010987036068479061 0.03585271466050053 1.75792577095665e-06 0.01045120737656891 1035 779 6468
2.7336559762022254 0.007711406850192848 0.025400940086214133 1.2338250960308559e-06 0.007335327894997626 944 715 6359
1.3074671337555133 0.01582701311693458 0.021576422923656684 2.532322098709533e-06 0.015055142734200336 6576 6576 2906
2.932565403822419 0.013571511997589972 0.04272834243121015 2.1714419196143956e-06 0.012909640545126609 1054 921 6520
2.926654824081337 0.0083474658486094 0.028940818439679054 1.3355945357775042e-06 0.00794036682039585 1004 614 6319
2.645881594839146 0.0035675002141627495 0.013651709890001848 5.708000342660399e-07 0.0033935161695824137 1206 560 6046
2.898699972609432 0.011624541583922083 0.03728956916901129 1.8599266534275335e-06 0.01105762227355066 998 828 6494
2.872963641821495 0.010513956216654555 0.034108443145718696 1.682232994664729e-06 0.010001199239135094 1047 859 6500
2.8259173374921835 0.012650012403599257 0.03890633600050517 2.024001984575881e-06 0.012033081726697772 1080 969 6594
2.8171561512694776 0.008841493864025203 0.02915005413954186 1.4146390182440326e-06 0.008410301496751206 1137 896 6443
2.7993269657069475 0.0095348509660752 0.030749007949654666 1.5255761545720322e-06 0.009069844144502294 1037 867 6529
2.0651502813985476 0.015201033961887246 0.032981447762481166 2.4321654339019597e-06 0.014459692066519519 2911 2909 6218
2.881046582089759 0.01626613233326306 0.04861426634023233 2.6025811733220894e-06 0.015472846468335853 1202 1108 6554
2.7864485137281676 0.008954704257909053 0.029123590953309356 1.4327526812654485e-06 0.00851799071305019 1027 813 6491
2.867803685541337 0.011436827969417782 0.03641422915157165 1.8298924751068453e-06 0.010879063297284245 1051 883 6521
2.6944626593114624 0.0105573038789555 0.032094342370599174 1.68916862063288e-06 0.010042432871679212 1075 980 6581
2.890464993943497 0.011976016280602929 0.03808238560034405 1.9161626048964686e-06 0.011391955839012107 1042 879 6552
2.9950218881457427 0.012618184619807687 0.04115103533289756 2.0189095391692302e-06 0.012002806157684523 999 794 6470
2.6715323023766553 0.009131206622215244 0.02835681549205421 1.4609930595544392e-06 0.008685885202548673 1069 943 6560
2.614540299877955 0.008480002008558345 0.026177157036861246 1.3568003213693355e-06 0.008066439301080105 1061 952 6575
2.725321417223145 0.011237460899775563 0.03412148815269612 1.7979937439640902e-06 0.010689419195280478 1092 997 6580
2.8616914246553335 0.009612135601849656 0.03163598002079944 1.537941696295945e-06 0.009143359672299522 1053 812 6452
2.761691059581647 0.0124953269253308 0.037647713393670616 1.999252308052928e-06 0.011885940131689685 1176 1090 6623
2.8035921690506687 0.010429016994377085 0.03307036612488524 1.6686427191003339e-06 0.009920402432708553 1037 874 6492
2.907693034754106 0.013536294888414069 0.04227719390098866 2.1658071821462513e-06 0.012876140945334034 1063 938 6522
2.8247679172974625 0.01155016233882921 0.03615211288145612 1.8480259742126738e-06 0.010986870442926525 993 853 6597
2.8522637928257923 0.011952527120092432 0.03751993016573737 1.912404339214789e-06 0.011369612225496446 1071 959 6569
2.9170481880607726 0.011928070739564138 0.03830913152682851 1.908491318330262e-06 0.01134634856248593 1033 848 6480
2.8417821800658953 0.01273456796227652 0.039335042342557434 2.0375308739642433e-06 0.012113513580481617 1070 960 6498
2.858538133698734 0.011055319263373385 0.03532483006908415 1.7688510821397417e-06 0.010516160456337404 1024 846 6468
2.005000038689289 0.011922010447944716 0.026320615195352167 1.907521671671155e-06 0.011340583826292995 2618 2618 6317
2.7634566830386067 0.007711406850192848 0.025677846169301213 1.2338250960308559e-06 0.007335327894997626 1001 741 6397
2.986900333242009 0.009920997967813637 0.033859930228992724 1.587359674850182e-06 0.00943715907528575 1081 745 6403
2.8755547293783783 0.011701309185338585 0.037187452843546395 1.8722094696541737e-06 0.011130645982329353 1028 857 6510
2.838289739443061 0.007436030511155503 0.025633162992569042 1.1897648817848806e-06 0.007073381433008989 1057 693 6228
2.8494467188015262 0.009344684751878874 0.030803725426026593 1.49514956030062e-06 0.00888895217980904 1044 811 6385
2.1424774587703546 0.012005607629971698 0.028283470552616867 1.9208972207954717e-06 0.011420104042665753 2360 2357 6500
2.8485164135197554 0.00884601518196978 0.02948645247430541 1.415362429115165e-06 0.00841460231374677 1083 804 6403
2.838588357583232 0.011523456863335597 0.03626170154498573 1.8437530981336956e-06 0.010961467371458108 1126 987 6589
2.903933519973979 0.0042903154921977715 0.01719469346569924 6.864504787516435e-07 0.004081080342359547 1441 407 5485
2.9294973442714407 0.010867031728983638 0.03570832773783164 1.7387250766373822e-06 0.010337055549785248 1020 808 6425
2.9118666117318037 0.009515243024977034 0.031933020117562085 1.5224388839963256e-06 0.009051192466527703 1105 793 6433
2.969787762565961 0.011035626798599629 0.036647362882271405 1.7657002877759408e-06 0.010497428376837203 1025 763 6409
2.958376986055729 0.009510058889546338 0.03242905996274041 1.521609422327414e-06 0.009046261157108425 1092 733 6322
2.8532167614065944 0.010612588160208497 0.034127138205508584 1.6980141056333597e-06 0.010095020984109032 1099 921 6501
2.7968141523085093 0.011826067675387814 0.03647798234280007 1.8921708280620504e-06 0.011249320103663385 1111 993 6557
2.7021554121255087 0.008312742482298444 0.026633284753197276 1.330038797167751e-06 0.007907336884035715 1054 880 6551
2.756236142756445 0.008468106781234852 0.027565333662440263 1.3548970849975765e-06 0.008055124194187363 1152 922 6453
2.6733039789359987 0.008060470052740059 0.025718105765810528 1.2896752084384096e-06 0.0076673675729064285 1027 851 6543
2.7404655928717436 0.00897020280973564 0.028682158142248074 1.4352324495577025e-06 0.008532733413280405 1027 857 6469
2.8601449878933094 0.011285694526997472 0.035932401643530724 1.8057111243195957e-06 0.01073530050826411 983 827 6503
2.7483277528545926 0.009514649401959414 0.030138078251836082 1.5223439043135064e-06 0.009050627794015298 1085 927 6502
2.837121773320891 0.012616529433128581 0.03897740437105318 2.0186447093005734e-06 0.01200123169309531 1059 956 6548
2.887629133639327 0.012746161144552607 0.03999892149874519 2.039385783128417e-06 0.012124541372814922 1111 990 6600
2.8664627475870468 0.008918135227750859 0.029863163091800194 1.4269016364401374e-06 0.008483205124347176 1019 734 6410
2.8607890116714 0.009426388324338838 0.031140401927110588 1.508222131894214e-06 0.008966671136392369 1037 789 6344
2.9581092834619747 0.01683510782472336 0.051331692333934406 2.693617251955738e-06 0.01601407349411188 1155 1056 6488
2.8186116026761026 0.008479543542099755 0.028219146428383076 1.356726966735961e-06 0.008066003193652763 1052 808 6393
2.853207647380245 0.010784865825394462 0.034568320901104774 1.725578532063114e-06 0.010258896809580757 1024 848 6511
2.876613276451116 0.011537428235499001 0.03678313067122646 1.8459885176798402e-06 0.010974757371318386 987 817 6490
2.795019157872365 0.011922010447944716 0.03669158219372796 1.907521671671155e-06 0.011340583826292995 1050 951 6593
2.91961926661934 0.012645906655100599 0.04018589868630749 2.023345064816096e-06 0.012029176212168825 1024 881 6509
2.83758986022088 0.009287190247470331 0.030525964483562273 1.4859504395952532e-06 0.008834261634984977 1051 803 6344
2.929232404171247 0.011804641504049094 0.0381495600977883 1.8887426406478552e-06 0.011228938869038219 1024 828 6457
2.799689463005381 0.008671297658521145 0.028528249916723432 1.3874076253633833e-06 0.00824840561988855 1112 846 6469
2.7194889140808156 0.008845526782332774 0.028149595215759306 1.415284285173244e-06 0.008414137732957449 1090 947 6513
2.9115562193462305 0.010974398650024295 0.035769417475660106 1.7559037840038872e-06 0.01043918627459454 1065 823 6437
2.9056872660577744 0.013913193447452645 0.043195461902366006 2.2261109515924235e-06 0.01323465847234416 1038 908 6596
2.8361035087572377 0.00749400487733475 0.025769447197569784 1.1990407803735602e-06 0.00712852843714077 1023 651 6260
2.903933519973979 0.010429997634605004 0.03425653025834756 1.6687996215368008e-06 0.009921335247920946 982 766 6475
2.9316935159980235 0.013155866496713197 0.04165731968420859 2.104938639474112e-06 0.012514265732690742 1013 847 6520
2.7141804290298417 0.009493185837266313 0.029710369871525383 1.5189097339626102e-06 0.009030210989678818 1034 929 6515
2.9534355809429296 0.013875515781077145 0.04380918509337072 2.2200825249723433e-06 0.013198818314698256 1028 889 6561
2.867196525076819 0.010468839364010026 0.03392349694410472 1.6750142982416043e-06 0.009958282698202016 969 760 6446
2.9485209518330913 0.012873233492644439 0.0411698286989404 2.0597173588231102e-06 0.01224541650724225 1074 920 6554
2.855582894713544 0.009239789620160801 0.030595316732465613 1.4783663392257282e-06 0.008789172697194685 1013 787 6447
2.968015027595768 0.01140780204150125 0.037610088269161346 1.8252483266402003e-06 0.010851452939944715 1035 813 6425
2.995285459229658 0.010873187229615307 0.036526747347813755 1.7397099567384492e-06 0.01034291085172539 1041 760 6407
2.982361769114775 0.01268078445785658 0.041140552496322945 2.0289255132570528e-06 0.01206235305323587 1046 852 6464
2.879033780554508 0.013399716321398528 0.04151937655852165 2.1439546114237646e-06 0.012746223202443471 1093 954 6587
2.9091948208627905 0.011424588929566664 0.036908148189130456 1.8279342287306665e-06 0.010867421145317429 986 775 6452
2.8670162377461246 0.008738281057060399 0.029392222378561875 1.3981249691296639e-06 0.008312122293298727 1012 715 6377
2.9536923237732315 0.01310885477770181 0.04184899817240246 2.09741676443229e-06 0.012469546736461489 997 844 6501
2.825434283526617 0.01409721185751577 0.04245090377468656 2.2555538972025235e-06 0.013409702456243856 1062 971 6661
2.8285508339827925 0.009718961950175698 0.03154509810750397 1.5550339120281119e-06 0.009244976187679872 1028 823 6544
2.95235770740781 0.01575542338248928 0.04854200424359191 2.520867741198285e-06 0.014987044372089024 1093 985 6550
2.900302792535898 0.01164086432022311 0.03735215828361011 1.8625382912356976e-06 0.01107314896345791 1058 881 6499
1.1564940739845495 0.013432026119404835 0.016710568616982228 2.1491241791047738e-06 0.012776957278235553 5523 5523 1740
2.8647047085961406 0.010755249674160175 0.034631523279859265 1.7208399478656281e-06 0.010230725013628128 1070 888 6456
2.8375939714653207 0.009731329379098392 0.031677916126455825 1.5570127006557428e-06 0.00925674046728908 1060 841 6519
2.0161803175827346 0.01389753491298233 0.02994494039868376 2.223605586077173e-06 0.01321976359169187 2954 2954 6285
2.818881245859329 0.010835606231515678 0.03428064366507795 1.7336969970425086e-06 0.01030716264792323 1093 947 6496
2.915194346699888 0.013322345299717825 0.04184496034040552 2.131575247954852e-06 0.012672625501709427 1034 883 6534
2.8609118914120355 0.010683217548717327 0.03440071600115504 1.7093148077947724e-06 0.010162205835563534 1031 852 6419
2.926654824081337 0.01636328975381055 0.04962374942726131 2.618126360609688e-06 0.015565265601574844 1086 997 6619
2.8034204701063756 0.010788966514210836 0.03397542729456182 1.726234642273734e-06 0.010262797511183953 1028 871 6505
2.768063592021418 0.01136623590189505 0.03497401317876642 1.8185977443032083e-06 0.01081191394670211 1113 1023 6663
2.6855798188761146 0.014086316742395088 0.04032443682090067 2.2538106787832144e-06 0.013399338686906235 1302 1248 6673
2.8817534886940437 0.009595946563126397 0.03181519049305089 1.5353514501002237e-06 0.009127960159649383 1011 747 6398
2.9045573340506237 0.012216280400637661 0.038883151411558674 1.954604864102026e-06 0.011620502475974178 1019 851 6495
2.9014023825861974 0.009867247841909812 0.03274903664920227 1.57875965470557e-06 0.009386030298713403 1029 779 6368
2.8893565474214995 0.013952877385794142 0.04305166814362986 2.232460381727063e-06 0.013272407057726148 1080 960 6532
2.852272359769742 0.008289494833331957 0.028050995715568478 1.3263191733331132e-06 0.007885223003745154 1015 696 6260
2.9783305690256974 0.013650601699179666 0.043599184666831006 2.1840962718687467e-06 0.012984873107167273 1037 867 6500
2.8660675292043063 0.014286303622984069 0.04352795829029883 2.285808579677451e-06 0.013589572372187827 1162 1048 6554
2.9171251351379373 0.008058179948118806 0.028057485393835856 1.2893087916990092e-06 0.007665189154799709 1090 700 6329
2.8675952719438254 0.012752626081279283 0.03973762918346459 2.0404201730046856e-06 0.012130691019906804 1088 947 6502
2.8047694335686906 0.012618184619807687 0.03853700252350201 2.0189095391692302e-06 0.012002806157684523 1123 1021 6583
2.762082726769652 0.01033904554539059 0.032356621017844825 1.6542472872624945e-06 0.009834818817121277 1101 955 6575
2.8911978930807227 0.013216299058948933 0.041233951383176655 2.1146078494318297e-06 0.012571751048683747 1016 897 6585
2.8673692342258335 0.011287899228158014 0.03602879074514212 1.8060638765052825e-06 0.010737397687966492 994 827 6562
2.8277518972574853 0.009669094899502418 0.031407683519809715 1.547055183920387e-06 0.009197541111960087 1081 841 6462
2.9743642493905296 0.01310885477770181 0.04214188561041199 2.09741676443229e-06 0.012469546736461489 1101 906 6532
2.8784440031988527 0.01145642858982771 0.03659947499672389 1.8330285743724338e-06 0.010897708011594528 1026 842 6550
2.9620280668675574 0.01136670020303145 0.03742594484344023 1.818672032485032e-06 0.010812355604254838 1077 844 6417
2.74071564803718 0.008753055042928698 0.028134895473925944 1.4004888068685919e-06 0.008326175764055147 1103 908 6537
2.7181279894660744 0.00895521855250124 0.0284108033951633 1.4328349684001986e-06 0.008518479925919073 1113 962 6568
2.933278591928338 0.013007471732567253 0.04130060797394651 2.0811954772107605e-06 0.012373108058863156 1091 918 6572
2.853207647380245 0.009592043262188182 0.031489872922261124 1.5347269219501093e-06 0.009124247219480245 1086 854 6411
2.8397327943907693 0.011659856401913747 0.03661989781547424 1.8655770243061997e-06 0.011091214816980595 1085 955 6550
2.8798567447398424 0.00991158621702173 0.0326218535484388 1.585853794723477e-06 0.009428206327821398 1039 784 6405
2.7336559762022254 0.009306096144152698 0.029455274918032005 1.488975383064432e-06 0.008852245506671198 973 827 6626
2.953511562713234 0.011924723937844956 0.03877926841155395 1.907955830055193e-06 0.011343164981527659 1061 860 6451
2.936636456147622 0.010683217548717327 0.03531125758532604 1.7093148077947724e-06 0.010162205835563534 1005 761 6421
2.919304758435521 0.009625046609517166 0.03230728417463774 1.5400074575227467e-06 0.009155641020766263 1024 747 6379
2.8995605352683946 0.010773016934977096 0.03509910454026381 1.7236827095963355e-06 0.010247625779781427 1028 829 6458
2.868222304915566 0.012897886185528437 0.04011037074151327 2.06366178968455e-06 0.012268866908616715 1013 900 6503
2.938754604428441 0.014405350650859176 0.044932589207369665 2.3048561041374685e-06 0.013702813574649739 1055 924 6571
2.8599634567686367 0.012887454268335707 0.03996882660023559 2.0619926829337135e-06 0.012258943747425935 1084 959 6541
2.877994940003791 0.00987753595471301 0.03251173753359509 1.5804057527540817e-06 0.009395816668736184 1053 822 6386
2.8559529506250256 0.009451081661159379 0.03115229088604492 1.5121730657855008e-06 0.008990160199532096 1040 809 6466
2.946313039659244 0.010662300679989972 0.0353722651630665 1.7059681087983957e-06 0.010142309065281218 1115 846 6379
2.803022196145941 0.009960828768947962 0.0318768160661182 1.593732603031674e-06 0.009475047361083224 1041 869 6545
2.9226791323860777 0.011813216742905346 0.038086381472300555 1.8901146788648556e-06 0.01123709590056444 989 800 6484
2.891539964897932 0.01104825286162986 0.035714401004569934 1.7677204578607776e-06 0.01050943867718173 1031 833 6501
2.8438273692998486 0.01250003620268033 0.03877915264483618 2.000005792428853e-06 0.011890419741464967 1185 1069 6562
2.819838075949276 0.011946690781957045 0.03707885603172689 1.9114705251131276e-06 0.011364060520760746 1130 1011 6534
2.8905879917165627 0.012906703556813611 0.040445392268280186 2.065072569090178e-06 0.012277254263972897 1070 921 6547
2.814973391868768 0.01268078445785658 0.03883149314856725 2.0289255132570528e-06 0.01206235305323587 1098 990 6606
2.804956841647096 0.008480002008558345 0.028083635095944717 1.3568003213693355e-06 0.008066439301080105 1106 850 6430
2.9162728047512605 0.010844627860622512 0.03548860336640393 1.735140457699602e-06 0.010315744299615494 981 748 6429
2.866528890988783 0.008896642222914428 0.029806972799627116 1.4234627556663086e-06 0.008462760315638886 1099 803 6346
2.883643715899308 0.010422216740348763 0.03399695745611476 1.6675546784558022e-06 0.009913933821463413 1005 786 6450
1.8917941133335558 0.014161426471342846 0.02852802065878383 2.2658282354148556e-06 0.013470785376289821 3452 3452 6074
2.876957165516809 0.014622286261521938 0.04452326424622367 2.33956580184351e-06 0.013909169414411076 1139 1020 6588
2.8654146528394815 0.011027764503333658 0.03533925998413603 1.7644423205333855e-06 0.010489949519230081 1086 922 6584
2.788176124801391 0.0118790757766464 0.03649598193715828 1.9006521242634241e-06 0.011299743043520752 1118 1016 6572
2.8401830099818453 0.011089184730181705 0.035183909285058074 1.7742695568290729e-06 0.010548374332246436 1043 888 6528
2.7611213642199686 0.009744890888301347 0.03085830257204387 1.5591825421282156e-06 0.00926964059286762 1107 938 6512
2.9418800810226333 0.011471035870869162 0.03744424711376309 1.8353657393390662e-06 0.010911602907581084 1047 838 6389
2.8510705653673303 0.012114387704445622 0.037911294226166695 1.9383020327112996e-06 0.011523579002580307 1167 1051 6525
2.837230685936791 0.008652787148319544 0.02886209181055585 1.3844459437311272e-06 0.008230797852010367 1061 792 6407
2.986900333242009 0.013928741999030304 0.04444285582485416 2.2285987198448487e-06 0.013249448733878804 1000 845 6491
2.698582090965596 0.008159154756445743 0.02621074970241409 1.305464761031319e-06 0.007761239504962999 1086 876 6478
2.8239403164176995 0.009978841399504682 0.032160860420722595 1.5966146239207493e-06 0.009492181530496382 1025 845 6551
2.970000715999931 0.0136703056401729 0.04352790740974127 2.187248902427664e-06 0.013003616103201186 1087 934 6526
2.8654146528394815 0.011027764503333658 0.03533925998413603 1.7644423205333855e-06 0.010489949519230081 1086 922 6584
2.8793576930606886 0.014001521538373626 0.04302353222736866 2.2402434461397803e-06 0.01331867887508408 1040 937 6525
2.867010830049213 0.011091041959699103 0.03552100422255787 1.7745667135518566e-06 0.010550140986211275 1077 897 6513
2.748339172974117 0.008905492816143126 0.02860046196745231 1.4248788505829004e-06 0.008471179272731796 1082 896 6544
2.8054808027977085 0.01137818706288595 0.03547659911613339 1.820509930061752e-06 0.010823282259423412 1126 992 6626
2.8195606356901353 0.012620311515568305 0.03874548342189025 2.019249842490929e-06 0.012004829326492203 1064 968 6604
2.969787762565961 0.011969096971811269 0.03910933755342281 1.9150555154898033e-06 0.011385373979206295 1004 778 6418
2.7376775168588883 0.010129640103930257 0.03155258050492569 1.6207424166288412e-06 0.009635625906417849 1123 993 6618
2.8156584512693206 0.011376561717076166 0.03560122945474941 1.8202498747321867e-06 0.010821736180388918 1082 951 6593
2.9171251351379373 0.007907362600470256 0.027644351001608267 1.2651780160752411e-06 0.0075217270448698845 1116 699 6310
2.9269732304258445 0.012536446187113706 0.04000640533950921 2.0058313899381934e-06 0.011925054040972053 1057 898 6535
2.866528890988783 0.008896642222914428 0.029806972799627116 1.4234627556663086e-06 0.008462760315638886 1099 803 6346
2.8581860577475444 0.011290123925255998 0.03591906576843603 1.8064198280409599e-06 0.010739513888420935 1031 862 6455
2.6321182525876887 0.015535176622639726 0.04278464356306753 2.4856282596223563e-06 0.014777538865157187 1461 1432 6693
2.838290282713591 0.012852197509184163 0.03957854376532314 2.0563516014694663e-06 0.012225406431354346 1190 1061 6558
2.806810927140341 0.01194309590862108 0.03689864821110172 1.910895345379373e-06 0.011360640966433945 1184 1062 6582
2.9536923237732315 0.008558950122146894 0.029789565235588834 1.369432019543503e-06 0.008141537180249719 1066 667 6275
2.79374727158154 0.010941475472390284 0.03423981800137111 1.7506360755824456e-06 0.01040786873319356 1087 954 6600
2.824322754263248 0.014622286261521938 0.04370870369983273 2.33956580184351e-06 0.013909169414411076 1144 1062 6651
2.873431869547668 0.01239052723961635 0.038906669461722075 1.982484358338616e-06 0.011786251440256038 1153 992 6566
2.8948084222493566 0.013557752140886373 0.04214369347722707 2.16924034254182e-06 0.012896551745291526 1119 993 6597
2.847551750975438 0.010875376379718337 0.03473075489725164 1.7400602207549342e-06 0.010344993238782518 1013 848 6550
2.81839523031179 0.009674504594579268 0.031317658753973875 1.547920735132683e-06 0.009202686980667514 986 790 6501
2.9418800810226333 0.011045605124921188 0.03632920970851133 1.7672968199873901e-06 0.01050692006840968 1058 862 6469
2.8038251366937006 0.011079625356333635 0.03470957689594968 1.7727400570133818e-06 0.010539281161180681 1009 879 6566
2.854948578494879 0.010174249271901843 0.03301941393512816 1.627879883504295e-06 0.00967805952204097 1012 796 6410
2.842220025388478 0.009922112518620895 0.03222269016109105 1.5875380029793433e-06 0.009438219270368916 996 794 6528
2.780873292780742 0.009686228197731425 0.03093043623659669 1.5497965116370282e-06 0.00921383883335828 1035 866 6518
2.851208969071172 0.010263118069904436 0.03320522752705168 1.64209889118471e-06 0.009762594262023862 1062 870 6425
2.87985454253157 0.010386171336623331 0.03385869763558443 1.661787413859733e-06 0.009879646322363685 1033 801 6425
2.9194125235086643 0.011552937353016166 0.0373705889418638 1.8484699764825868e-06 0.010989510121959162 1022 814 6476
2.852697673079315 0.011539487410725191 0.03648253699046827 1.8463179857160308e-06 0.010976716122266273 1027 877 6536
2.939651269727573 0.00749400487733475 0.026710304451373224 1.1990407803735602e-06 0.00712852843714077 1112 627 6219
2.8681240513961432 0.01047096989166871 0.03393997490510853 1.6753551826669937e-06 0.009960309321783085 982 781 6417
2.692012507587579 0.00951375972320284 0.029518338139223495 1.5222015557124545e-06 0.009049781504158277 1146 1029 6619
2.8037566639408347 0.012610598736616003 0.0385044571371487 2.0176957978585607e-06 0.011995590231762684 1117 1007 6634
2.9471250399061453 0.013005217985734667 0.04148977443555973 2.080834877717547e-06 0.012370964225405722 1088 931 6544
2.7381801177217264 0.008513384735530346 0.027500063653893448 1.3621415576848555e-06 0.00809819397997669 1072 879 6509
2.8076266544505204 0.011436827969417782 0.03565012517512091 1.8298924751068453e-06 0.010879063297284245 1101 965 6544
2.8798432242073684 0.011570192743547092 0.036908168923847455 1.8512308389675348e-06 0.011005923981318354 1028 856 6495
2.7678493436091665 0.012534416058188166 0.03782654444909119 2.0055065693101065e-06 0.011923122919760675 1131 1041 6524
2.9869372059702286 0.012618184619807687 0.041039953326059274 2.0189095391692302e-06 0.012002806157684523 1020 828 6473
2.8820093560592035 0.010020476068421475 0.03293102100219518 1.6032761709474361e-06 0.009531785710931592 1079 801 6346
2.774939209539453 0.008173766581468202 0.026990330420666744 1.3078026530349126e-06 0.0077751387233243536 1047 806 6434
2.8443105347101056 0.010605231224998287 0.03400180139057426 1.6968369959997261e-06 0.010088022840564344 1009 840 6572
2.7705582783351916 0.005755302750334182 0.020512671813906168 9.208484400534693e-07 0.005474621379577077 1095 570 6114
2.7781536466164387 0.009747187766685957 0.031054465782416336 1.5595500426697533e-06 0.009271825454386842 1098 922 6622
2.8857589789278144 0.011713843766092627 0.03735145433025722 1.8742150025748205e-06 0.011142569261912885 1039 871 6497
2.5860000951325857 0.006011074740963275 0.0197981752948501 9.61771958554124e-07 0.005717919581068511 1069 789 6409
2.996175088255809 0.016929619754410347 0.0522299840386207 2.7087391607056557e-06 0.016103976154898825 983 883 6559
2.968432502894789 0.012233824127294578 0.039784073553617294 1.957411860367133e-06 0.011637190609544183 969 750 6506
2.6577269308338094 0.006638146138602128 0.021971105359678833 1.0621033821763406e-06 0.006314409223570048 1086 831 6375
2.9164864711555407 0.012489582550141903 0.03974320762580418 1.998333208022705e-06 0.011880475904943384 1078 930 6466
2.6939120728691055 0.007498238790721718 0.02448828170172359 1.199718206515475e-06 0.007132555866062077 1025 817 6506
2.864043569497252 0.01407060893099536 0.04296532551373136 2.251297428959258e-06 0.013384396932519757 1082 964 6552
2.8653752033326088 0.00948861231948248 0.03135341962435254 1.5181779711171971e-06 0.00902586051858713 1009 754 6381
2.733563227356125 0.011178071828427776 0.034079946618948434 1.7884914925484443e-06 0.010632926479985014 1070 980 6593
2.7937600556059223 0.010683217548717327 0.03359325624000101 1.7093148077947724e-06 0.010162205835563534 988 840 6553
2.9113724591316603 0.01185607262292827 0.038049371001673236 1.8969716196685234e-06 0.011277861734646838 997 819 6486
2.984776661617923 0.015276377620691017 0.04785993181153365 2.444220419310563e-06 0.014531361277192881 1028 902 6534
2.9233439681406788 0.010102720091632728 0.033621191408544415 1.6164352146612366e-06 0.00961001876092859 1040 783 6452
2.8793576930606886 0.006950657015481894 0.024670011534862615 1.1121051224771032e-06 0.006611679202602342 1086 621 6213
2.853404055090923 0.00976678438388856 0.03194652915453087 1.5626855014221698e-06 0.009290466360722923 1012 787 6406
2.8931433496596908 0.011205199331671719 0.036139451670132064 1.792831893067475e-06 0.010658730997258274 965 778 6518
2.8726273343169235 0.010853871795281815 0.03498126386809536 1.7366194872450906e-06 0.010324537415201689 1064 866 6481
2.831048393426659 0.009779396090854209 0.031728733823043066 1.5647033745366735e-06 0.009302463005136302 986 795 6536
2.9360986930633395 0.01217602553926451 0.03920134664952281 1.948164086282322e-06 0.011582210811006147 1086 908 6538
2.8690104640804064 0.013254555227564684 0.04101297670855584 2.1207288364103496e-06 0.012608141495492536 1108 998 6534
2.7887678732108894 0.011436827969417782 0.03541066388108548 1.8298924751068453e-06 0.010879063297284245 1114 989 6604
2.776721333329002 0.007693507330646401 0.025754166652907237 1.2309611729034243e-06 0.0073183013202640125 955 692 6403
2.741191412380505 0.006925717994393684 0.02342059154287499 1.1081148791029896e-06 0.006587956437014153 983 670 6378
2.995285459229658 0.010138625153639658 0.03454595224350049 1.6221800245823454e-06 0.009644172762659735 1099 770 6384
2.6745983286839508 0.0089613337817886 0.027970903096264654 1.433813405086176e-06 0.00852429692051517 1092 970 6607
2.865026298842279 0.010258831669967333 0.033355049343985164 1.6414130671947735e-06 0.009758516906278204 1041 841 6446
2.817753744481732 0.012279191937889782 0.03787707262444936 1.964670710062365e-06 0.011680345869415559 1117 1000 6516
2.7705582783351916 0.015722125260586597 0.045474661761247134 2.5155400416938557e-06 0.014955370172142268 1258 1201 6677
2.9173451475270453 0.013990529128823504 0.04356347945239156 2.2384846606117607e-06 0.013308222556286133 1060 928 6555
2.8857589789278144 0.01207446048539858 0.038270996068847575 1.9319136776637728e-06 0.011485599001092235 1072 908 6541
2.8109283441516943 0.009854396956109653 0.031694994429493084 1.5767035129775445e-06 0.009373806140020107 1094 900 6522
2.952517220325203 0.012907171520157978 0.04131311829307776 2.0651474432252766e-06 0.012277699405130725 1009 850 6467
2.970485307091238 0.010237685882137353 0.03452605857991538 1.6380297411419765e-06 0.009738402381089186 1059 777 6349
2.7696814383177877 0.01068383399127712 0.03330525871864303 1.7094134386043393e-06 0.010162792214727849 1041 897 6533
2.883687942381113 0.009431500634918858 0.03140315430152015 1.5090401015870173e-06 0.008971534123799727 1017 750 6330
2.9418800810226333 0.010987711925071203 0.03617698016169274 1.7580339080113925e-06 0.010451850272192193 1036 819 6458
2.893459528032076 0.011615286254844486 0.03719840919529065 1.858445800775118e-06 0.011048818319242553 1143 966 6502
2.8705329385862894 0.013299585421716031 0.04114711155171895 2.1279336674745653e-06 0.012650975604195707 1119 996 6534
2.854468779798759 0.01043435916948148 0.03368423446000377 1.669497467117037e-06 0.009925484074336922 957 764 6452
2.8653313542079606 0.012519274591775098 0.03912073117859748 2.003083934684016e-06 0.011908719890182723 1041 897 6499
2.7966634576422384 0.010568308317580525 0.03333936150210298 1.690929330812884e-06 0.010052900632903991 1073 917 6559
2.9613354013537307 0.014533622486479823 0.045603932222657184 2.3253795978367718e-06 0.013824829698587893 1043 915 6534
2.7641369965273865 0.010439922376398734 0.032632128952197484 1.6703875802237975e-06 0.009930775968238844 1082 950 6595
2.8731973226191885 0.009345442618297273 0.031062475033990466 1.4952708189275639e-06 0.00888967308570696 1026 779 6434
2.7762059042683567 0.00891708827915444 0.02892017326330487 1.4267341246647103e-06 0.008482209234570753 1078 880 6477
2.9548201817491884 0.012258020200178332 0.039664536566853724 1.961283232028533e-06 0.011660206659899397 1080 900 6475
2.9072543522018512 0.012983289078156617 0.04087287414269988 2.077326252505059e-06 0.012350104772573185 994 850 6553
2.907046379719345 0.011731463882858648 0.03767234417353822 1.8770342212573838e-06 0.011159330060109347 1083 882 6499
2.863365332671438 0.011084750442759575 0.03545975175939591 1.7735600708415322e-06 0.010544156301366485 971 793 6538
2.943987025123827 0.011813216742905346 0.03836405154637339 1.8901146788648556e-06 0.01123709590056444 1027 805 6389
2.7938854734527236 0.010172018067053177 0.03230753850853195 1.6275228907285084e-06 0.009675937131213484 1023 868 6544
2.8581811849131418 0.007693507330646401 0.02650970901433817 1.2309611729034243e-06 0.0073183013202640125 1065 702 6323
2.9982210623806997 0.013281274649445462 0.042929713609449166 2.125003943911274e-06 0.01263355783319431 1047 862 6430
2.733041142978176 0.012618184619807687 0.037551469351894365 2.0189095391692302e-06 0.012002806157684523 1240 1167 6609
2.783158984142858 0.0099392543332728 0.031596423255767635 1.5902806933236481e-06 0.009454525092851081 1027 866 6555
2.8760681228115352 0.01308442340954433 0.04068798181301559 2.093507745527093e-06 0.01244630686598908 1025 901 6549
2.757133893987606 0.011287899228158014 0.03464367230320733 1.8060638765052825e-06 0.010737397687966492 1123 1000 6494
2.7705582783351916 0.012732519056450647 0.03834421841508798 2.037203049032104e-06 0.01211156459810386 1173 1092 6600
2.9277608132418855 0.012627132446539518 0.04024982545075007 2.0203411914463232e-06 0.012011317606282776 1014 854 6553
2.8167691075890016 0.009439411758771044 0.030694804447964196 1.5103058814033673e-06 0.008979059428663169 1058 845 6481
2.789657857305324 0.009044619196860136 0.029388338425402987 1.447139071497622e-06 0.008603520574549897 991 783 6452
2.789169835827447 0.010603773526985771 0.03333897679010859 1.6966037643177236e-06 0.010086636233282245 995 847 6531
2.8165040379507635 0.009336813657180105 0.030427283360527097 1.493890185148817e-06 0.008881464951910204 1056 833 6461
2.7479117431001545 0.010482585401723922 0.03254618746871342 1.6772136642758276e-06 0.009971358352988135 1124 978 6557
2.8778362385144702 0.011100658922751187 0.03567983684086863 1.7761054276401902e-06 0.010559288937903042 1070 912 6451
2.822937894446981 0.009767292712883312 0.031606738178126745 1.56276683406133e-06 0.009290949898931639 1059 858 6547
2.9588079179529405 0.01499834727206504 0.046741944735472385 2.3997355635304065e-06 0.01426689023947542 1119 985 6515
2.720309076751902 0.007244489352250673 0.02407188594377496 1.1591182963601077e-06 0.006891181578527229 1032 776 6451
2.864581332823083 0.011178071828427776 0.03571337876192772 1.7884914925484443e-06 0.010632926479985014 980 804 6498
2.8731554003698205 0.01048475643330309 0.03403518694037905 1.6775610293284944e-06 0.009973423505146876 1014 810 6469
2.869357500757898 0.01185607262292827 0.037500268212104386 1.8969716196685234e-06 0.011277861734646838 1049 905 6541
2.8409129710378633 0.010386171336623331 0.03340085822904939 1.661787413859733e-06 0.009879646322363685 1084 890 6542
2.7371748980849455 0.009270233724119089 0.029403148868573644 1.4832373958590543e-06 0.008818132067299487 988 830 6542
2.942863307705549 0.01400867609189458 0.043990597820186786 2.241388174703133e-06 0.013325484506927662 938 810 6464
2.710575435447234 0.016573482473299594 0.0464399883405309 2.6517571957279355e-06 0.01576520739540652 1343 1316 6710
2.955281299341424 0.016834506010698174 0.051281124909321324 2.6935209617117083e-06 0.0160135010300606 1095 988 6519
2.9080882431335118 0.012875628712959082 0.04061135476946957 2.0601005940734532e-06 0.012247694914636642 1087 938 6574
2.831048393426659 0.013015732587233915 0.03988159681861344 2.0825172139574264e-06 0.012380966038457548 1059 941 6593
2.9689139607294477 0.015431256432153987 0.04799693131903432 2.4690010291446383e-06 0.014678686776694962 1087 945 6490
2.959966582695788 0.012978026992487443 0.04160036596092469 2.076484318797991e-06 0.012345099314484301 975 801 6472
2.068613956317092 0.015026207646252236 0.03272826323548771 2.404193223400358e-06 0.014293391886180172 2750 2750 6268
2.9547559544946074 0.013872563955997183 0.04382123710228398 2.2196102329595496e-06 0.013196010447694114 1028 901 6579
2.8473005674999503 0.010342815720337293 0.03336459871777481 1.6548505152539671e-06 0.009838405123743768 1053 847 6470
2.995285459229658 0.015256108244788215 0.04797672198935894 2.4409773191661146e-06 0.014512080422043824 1043 909 6560
2.9841426914623774 0.015333084172860178 0.04799385588404356 2.4532934676576288e-06 0.014585302297558727 1172 1035 6530
2.9811406981986943 0.016017391593245264 0.04967666039122075 2.5627826549192423e-06 0.015236236609159607 1098 950 6521
1.5981704372407728 0.01400867609189458 0.023889819404349068 2.241388174703133e-06 0.013325484506927662 5022 5022 4954
2.985229337945032 0.014635397834328507 0.0462324119987888 2.3416636534925612e-06 0.013921641546620378 1108 938 6509
2.99574290404764 0.01500869909080885 0.047351909432247305 2.4013918545294162e-06 0.014276737208552603 1054 897 6488
2.970901744798116 0.015985114777764313 0.04942491446996973 2.55761836444229e-06 0.01520553390736231 1059 968 6597
2.916583922206981 0.014622286261521938 0.0451365207035962 2.33956580184351e-06 0.013909169414411076 1060 941 6578
2.7688289973784506 0.014569857609014547 0.04272543166762068 2.331177217442328e-06 0.013859297664066978 1234 1172 6625
2.788176124801391 0.01450831652334416 0.0428767771523162 2.3213306437350658e-06 0.013800757886413417 1209 1148 6570
2.938567238723432 0.015204636967529026 0.04693936258309128 2.4327419148046443e-06 0.014463119356546282 1012 898 6516
2.963476847547792 0.01446192759726219 0.0454545688923239 2.3139084155619506e-06 0.013756631310015812 1078 931 6528
2.9743973183538035 0.015633455396741786 0.0485965900405974 2.501352863478686e-06 0.014871024664462277 1016 897 6529
2.951868968746105 0.011867114073050432 0.03860744016325441 1.8987382516880693e-06 0.011288364702348548 1021 804 6467
2.8380511428111195 0.012382490745742698 0.038407577233571 1.9811985193188317e-06 0.011778606879563728 1091 973 6542
2.912634239617067 0.012357919854514014 0.03935404766771122 1.977267176722242e-06 0.011755234290445286 1063 894 6398
2.9219681786829157 0.013669547145544126 0.04282203091639919 2.18712754328706e-06 0.013002894599730192 1131 1013 6541
2.843716988467444 0.010240057472820285 0.033058720836682556 1.6384091956512458e-06 0.009740658311249532 1005 811 6488
1.2932749963303636 0.016142971512356604 0.021687978479418446 2.5828754419770568e-06 0.015355692099137537 6807 6807 2588
2.9498578098689396 0.013833068556343375 0.043647940535404856 2.21329096901494e-06 0.013158441206123436 1030 908 6487
1.0410074720783666 0.011287899228158014 0.01308036646552331 1.8060638765052825e-06 0.010737397687966492 4559 4559 1044
2.9973781800997825 0.01424851508602295 0.045424784528225605 2.2797624137636723e-06 0.013553626751023371 1126 951 6501
2.940308041558752 0.013969327259828034 0.04385258885368733 2.2350923615724856e-06 0.013288054684963841 1000 865 6535
2.9378888980235995 0.01310552586990582 0.04161657122768374 2.0968841391849314e-06 0.012466380176754525 1108 928 6465
2.960774585016608 0.012658670911607888 0.04078545265616779 2.0253873458572624e-06 0.012041317966408453 1027 860 6404
2.863365332671438 0.014223632459512326 0.043332532784518416 2.2757811935219724e-06 0.013529957629695706 1125 1038 6574
2.9414059112077924 0.015684307281224625 0.048184508783907 2.50948916499594e-06 0.014919396544458573 1141 1036 6537
2.9372926836051745 0.014240730606799272 0.0444945247429977 2.2785168970878836e-06 0.013546221914434305 1028 905 6565
2.852094837414429 0.010270930720507958 0.033235673773569605 1.6433489152812735e-06 0.0097700258960978 1088 891 6428
2.9465411514304187 0.012863722013975402 0.04111770850729746 2.0581955222360644e-06 0.012236368895547127 997 826 6543
1.8425454963378114 0.01657202080080615 0.03156586056477518 2.6515233281289843e-06 0.01576381700747565 3923 3923 5790
2.922343330687292 0.016456458204771034 0.0497801623215657 2.6330333127633657e-06 0.015653890303985285 1080 995 6631
2.848173476348943 0.013369500874236256 0.04099960596990921 2.1391201398778013e-06 0.012717481337731236 1074 966 6564
2.896830262034656 0.014025931535658759 0.04334559545936429 2.2441490457054016e-06 0.013341898416923965 943 820 6544
2.971696804824473 0.014105919352503528 0.044670730724388374 2.2569470964005645e-06 0.013417985293879072 1058 902 6510
1.7279331394689215 0.017700752914309163 0.0312363701850415 2.832120466289466e-06 0.016837501786272042 4852 4852 5350
2.434857685331436 0.01677733713201407 0.042133603031954917 2.6843739411222513e-06 0.01595912023046282 1886 1874 6508
2.5559589853038274 0.014622286261521938 0.03955555496939398 2.33956580184351e-06 0.013909169414411076 1525 1499 6628
2.9472247433998575 0.01379748696589575 0.043518345828571635 2.20759791454332e-06 0.0131245949005103 1094 950 6534
2.9925457691087836 0.015159636516801682 0.04768679123932458 2.425541842688269e-06 0.01442031354070484 1123 961 6493
2.954995608675235 0.013762873759369725 0.04354465650109185 2.2020598014991563e-06 0.013091669751533195 1104 949 6505
2.9533345590685345 0.009674504594579268 0.0328170878635053 1.547920735132683e-06 0.009202686980667514 1083 777 6324
2.9418800810226333 0.01861840249726371 0.0554243564315443 2.9789443995621938e-06 0.01771039835552919 1205 1122 6530
2.959950719906711 0.014671192442089781 0.04593170739866313 2.3473907907343653e-06 0.013955690480868376 1014 871 6554
2.8749949699648707 0.012848629938184714 0.04008141274574213 2.0557807901095542e-06 0.012222012847851614 1023 884 6554
2.986900333242009 0.016096667854252775 0.04997287027480512 2.5754668566804442e-06 0.01531164663226907 1129 1004 6578
2.929232404171247 0.016298730568593576 0.049507929538230945 2.6077968909749724e-06 0.01550385491460162 1164 1043 6560
2.899807913285369 0.015039202760152335 0.045911043332728864 2.406272441624374e-06 0.014305753239087868 1132 1030 6689
2.9307310067358623 0.014254478424419433 0.044429793769812514 2.2807165479071096e-06 0.013559299262322128 1045 904 6579
2.9519589474294774 0.010102720091632728 0.03395029044933643 1.6164352146612366e-06 0.00961001876092859 1067 759 6319
2.7548459225642743 0.011287899228158014 0.03461492370583168 1.8060638765052825e-06 0.010737397687966492 1115 1007 6575
2.846031052171578 0.012037652233498473 0.03765174460564382 1.926024357359756e-06 0.01145058585729446 1066 944 6493
2.9173749222527974 0.01593854830669861 0.04841944765315014 2.550167729071778e-06 0.015161238444703469 1159 1062 6572
2.8227242293259476 0.01249429682344374 0.03847717456563518 1.9990874917509986e-06 0.011884960267022494 1079 974 6598
2.1485101259452195 0.014459301952264251 0.03294955685723423 2.31348831236228e-06 0.013754133715559974 2305 2303 6427
2.863365332671438 0.013654152388379184 0.04192503393533747 2.1846643821406695e-06 0.012988250632181538 1129 1007 6530
2.974828365776209 0.01548982862052201 0.048240694894925405 2.478372579283522e-06 0.014734402447720184 1096 969 6538
1.6343831736634296 0.018071005828237098 0.03004912070908399 2.8913609325179358e-06 0.01718969777080524 5464 5464 4938
2.9414314529714654 0.01565494082130367 0.048111625960754224 2.5047905314085873e-06 0.01489146226257976 1066 950 6538
2.9395521155031537 0.006925717994393684 0.025115374688995603 1.1081148791029896e-06 0.006587956437014153 1202 623 6045
2.9388643939228882 0.013057279606548667 0.041506857395883806 2.0891647370477868e-06 0.012420486843889555 1065 902 6485
2.925296323466256 0.012141048033185772 0.03896700318935213 1.9425676853097238e-06 0.011548939129065208 1054 860 6462
2.9450039293503796 0.015655628137958427 0.048171777207661616 2.5049005020733487e-06 0.014892116059367855 1128 1022 6576
1.164289140022139 0.017909968128605437 0.021250165790107516 2.8655949005768704e-06 0.01703651374703339 4400 4400 1077
2.993508908585466 0.009612135601849656 0.033093221445251064 1.537941696295945e-06 0.009143359672299522 1099 743 6315
2.924474336346199 0.01310885477770181 0.04143502699043685 2.09741676443229e-06 0.012469546736461489 966 820 6500
2.9303642134391277 0.013050341864903342 0.04136908777654633 2.088054698384535e-06 0.012413887450185155 1003 859 6539
2.9620280668675574 0.014113326434098301 0.04454429351242512 2.2581322294557282e-06 0.013425031138210483 1056 927 6572
1.2035540486165874 0.016760952283716494 0.020810135343411664 2.681752365394639e-06 0.015943534457709893 5415 5415 1644
2.9201276287663465 0.014556073818366325 0.04502557984312426 2.328971810938612e-06 0.013846186097526018 1049 940 6558
2.9771413342743713 0.015324781734524331 0.04786021138949211 2.451965077523893e-06 0.014577404762296416 1064 940 6518
2.824357821824412 0.012619889036279624 0.038810359672518197 2.01918224580474e-06 0.01200442745117016 1108 995 6556
2.9330748472640717 0.015393916039724353 0.04732437610529313 2.4630265663558965e-06 0.014643167444422612 1054 939 6594
2.915654382716407 0.018561018050882686 0.05479171301918465 2.96976288814123e-06 0.01765581250129337 1162 1089 6549
1.8980394931655225 0.01613414230717679 0.03181560471786221 2.581462769148287e-06 0.015347293487016 3618 3618 5922
2.919168527051937 0.013053766245508164 0.04121974601128012 2.0886025992813064e-06 0.012417144826570763 1027 856 6495
1.2488021503060638 0.015853935697903963 0.02063679247300567 2.5366297116646344e-06 0.015080752323089438 6039 6039 2252
2.9769616265917263 0.016180434632174705 0.05001730679818876 2.588869541147953e-06 0.015391328173484787 1088 966 6552
2.835853270575643 0.01292333972255701 0.03972071937675188 2.0677343556091216e-06 0.012293079097626993 1149 1022 6526
2.868432755957163 0.011403076198171718 0.0363361483976399 1.8244921917074752e-06 0.010846957572098621 928 766 6568
2.9101093784759247 0.012623956778740683 0.03999906585586039 2.0198330845985095e-06 0.01200829681318463 994 819 6469
2.9128857922766707 0.013268705567100074 0.04167602041218068 2.122992890736012e-06 0.0126216017346336 1062 909 6544
2.810829596879649 0.009572425554610207 0.030971820646271363 1.5315880887376334e-06 0.009105586251329015 1013 818 6508
2.692012507587579 0.010434028107428774 0.03176636177363488 1.669444497188604e-06 0.009925169157907617 1108 1013 6472
2.982731785898249 0.01503427436691691 0.0472113817703056 2.4054838987067058e-06 0.014301065199527821 1070 932 6500
2.892375395692924 0.010670559904505536 0.03474616750457092 1.7072895847208859e-06 0.010150165494225637 995 787 6485
2.8364712571256474 0.011813216742905346 0.03696297863731171 1.8901146788648556e-06 0.01123709590056444 1106 968 6559
2.887717159116727 0.01058321470012188 0.0344635358134041 1.6933143520195007e-06 0.01006708004345686 1050 830 6495
2.917145027843513 0.013137441723267546 0.04140380306565795 2.1019906757228076e-06 0.012496739520257597 1061 913 6568
2.8535268152683617 0.009685180638131887 0.031735805097546047 1.549628902101102e-06 0.009212842362376855 1043 791 6453
2.995285459229658 0.014113326434098301 0.04504443294844402 2.2581322294557282e-06 0.013425031138210483 970 813 6544
2.873997765444412 0.012151923667468605 0.03831120285987775 1.944307786794977e-06 0.011559284367629381 1132 976 6502
2.8616121403592194 0.013732359979879353 0.042093040865701536 2.1971775967806967e-06 0.013062644103914571 991 894 6543
2.755395317048019 0.00698442011544634 0.023697163983562874 1.1175072184714145e-06 0.006643795704014091 1008 700 6302
2.9913012783063353 0.015306520991891417 0.04804133868226619 2.449043358702627e-06 0.01456003458102849 943 813 6554
2.8975490329661096 0.012895007597977806 0.040513205317043506 2.0632012156764493e-06 0.012266128707407967 1145 998 6580
2.8857589789278144 0.01116427527429972 0.035941893820054714 1.7862840438879552e-06 0.010619802772428612 1011 818 6445
2.9620280668675574 0.011487308873839239 0.0377435083449738 1.8379694198142783e-06 0.010927082289610935 1019 791 6413
2.764990241566883 0.00937526837708924 0.029968192641496798 1.5000429403342783e-06 0.008918044266829468 1073 887 6551
2.779594177354833 0.008118326222951708 0.026891355185329202 1.2989321956722733e-06 0.007722402145390516 1089 813 6421
2.938567238723432 0.010363005559038099 0.03448758830465796 1.658080889446096e-06 0.009857610320654605 957 695 6379
2.925355889144766 0.010735307068663007 0.03531239709815892 1.7176491309860812e-06 0.010211754992561394 1027 779 6368
2.994468929085759 0.01623792094478338 0.0504568227343298 2.598067351165341e-06 0.015446010926016308 1045 904 6523
2.915654382716407 0.014841076114420763 0.04566832994864353 2.3745721783073224e-06 0.01411728906654317 1109 987 6544
2.7336559762022254 0.008778409189064891 0.028126570037196933 1.4045454702503828e-06 0.008350293409384936 1093 911 6452
2.9309867553508053 0.014054452023711465 0.04392876011582208 2.2487123237938347e-06 0.013369027984285171 1008 874 6540
2.8617759080601903 0.011661839182373932 0.03690918445771358 1.8658942691798294e-06 0.011093100898872235 1042 892 6522
2.9113724591316603 0.012115697014856578 0.038716500407906626 1.9385115223770527e-06 0.011524824459001848 1112 949 6444
2.731646306166547 0.010386171336623331 0.03211620064899174 1.661787413859733e-06 0.009879646322363685 1075 943 6578
2.942863307705549 0.01033445296421709 0.03446219149882498 1.6535124742747346e-06 0.00983045021234572 1048 811 6401
2.7135365694408247 0.006715687020402735 0.022635702029413025 1.0745099232644377e-06 0.006388168500485968 998 709 6375
1.6570873552872665 0.015419017422670702 0.02677204406911905 2.4670427876273128e-06 0.014667044653614961 4785 4785 5222
2.9287929314739585 0.012216280400637661 0.03920759203909035 1.954604864102026e-06 0.011620502475974178 1031 854 6472
2.840634005930811 0.01237809573860368 0.03843156528951518 1.980495318176589e-06 0.011774426213299865 1066 948 6521
2.8401875598698076 0.010757676612733219 0.034341317777750416 1.7212282580373151e-06 0.010233033592407608 1077 897 6445
2.9299820557780762 0.012717918181765108 0.04051320169856323 2.0348669090824175e-06 0.01209767579604052 1024 858 6528
2.881930878572528 0.013734458873577934 0.04239715291861248 2.1975134197724697e-06 0.013064640636297697 1088 952 6530
2.8770111987382543 0.011655458774468566 0.037089410040849445 1.8648734039149708e-06 0.011087031658200736 1028 866 6478
2.8796219852167635 0.01191712950918634 0.037789789380499296 1.9067407214698143e-06 0.011335940926894267 1013 866 6539
2.856681031580218 0.009658745324134877 0.03170204190468594 1.5453992518615803e-06 0.009187696276851561 1110 866 6464
2.763514266727574 0.008845355588879627 0.028604867081980925 1.4152568942207403e-06 0.008413974888467887 1037 864 6554
2.782712115862748 0.009426181360934297 0.030289988352011674 1.5081890177494877e-06 0.008966474266422459 1079 879 6510
2.8616121403592194 0.01033445296421709 0.03351070548136009 1.6535124742747346e-06 0.00983045021234572 1011 802 6467
2.868432755957163 0.011839152392248649 0.03744527165664983 1.8942643827597839e-06 0.011261766689669288 1154 994 6526
2.855103332806669 0.012512089366777984 0.038963096476297164 2.0019342986844775e-06 0.011901885082685588 1063 931 6574
2.8790173403839874 0.00990517065246551 0.032595568884496356 1.5848273043944817e-06 0.009422103645059922 985 751 6389
2.9153051290372582 0.01164328965506977 0.037551636701226604 1.8629263448111635e-06 0.01107545601672342 1028 846 6509
2.8602657818211976 0.009531133092217741 0.031408670296749173 1.5249812947548386e-06 0.009066307588288037 1039 804 6470
2.95235770740781 0.013027229367914835 0.041620099731378174 2.084356698866374e-06 0.012391902130622018 1103 931 6469
2.886384394570369 0.011659876594593608 0.03722154720907141 1.8655802551349775e-06 0.011091234024880103 1071 891 6462
2.8377508097182105 0.010440901663821552 0.0335036838411033 1.6705442662114484e-06 0.009931707496621325 1047 879 6510
2.81839523031179 0.014070135195523942 0.04227937508561639 2.251221631283831e-06 0.013383946300736756 1162 1070 6670
2.80586040697581 0.008872132602516684 0.029112609729168827 1.4195412164026694e-06 0.008439446009223464 1018 807 6515
2.8809790789814014 0.01201700117806011 0.03806160800581569 1.922720188489618e-06 0.011430941936806154 1111 960 6552
2.820581799058691 0.007711406850192848 0.026208648750926742 1.2338250960308559e-06 0.007335327894997626 1013 698 6359
2.864325956679818 0.010451528779412555 0.033844867598801995 1.672244604706009e-06 0.009941816336545405 978 757 6486
2.9267032380488924 0.010683217548717327 0.03519181671200951 1.7093148077947724e-06 0.010162205835563534 995 764 6387
2.8406132153604364 0.010302298463360612 0.033182348414614066 1.648367754137698e-06 0.009799863859989488 1026 827 6529
2.923868341325301 0.015175148577304683 0.04663107321390482 2.4280237723687496e-06 0.014435069090804463 1154 1021 6564
2.9058451420226517 0.011226533526701664 0.0363533768978474 1.7962453642722663e-06 0.010679024741183428 1006 802 6481
2.859169944487024 0.009375486059389017 0.030989524197185796 1.5000777695022429e-06 0.008918251332942932 1064 820 6349
2.806720164988628 0.008046047957665755 0.026963656386198902 1.2873676732265209e-06 0.007653648831520061 997 728 6297
2.903933519973979 0.009864425426412951 0.03277015722629212 1.5783080682260723e-06 0.00938334553009367 995 750 6402
2.810072177104175 0.009668887825433415 0.03121078535740411 1.5470220520693465e-06 0.009197344136722728 1076 872 6493
2.7937056505241498 0.012328687697697543 0.0376753799872143 1.972590031631607e-06 0.011727427761819266 1186 1087 6597
2.811826629425615 0.012111419251131857 0.03738210389195371 1.937827080181097e-06 0.011520755318287612 1095 973 6571
2.8581365458433843 0.013851533054187976 0.04233637377538472 2.2162452886700763e-06 0.01317600520562934 1028 931 6599
2.784602717790305 0.008739856035811318 0.028551392135802676 1.398376965729811e-06 0.008313620461634294 988 776 6505
2.5057743488370217 0.013027229367914835 0.035324506255203704 2.084356698866374e-06 0.012391902130622018 1435 1419 6579
2.7192181798916963 0.006925717994393684 0.023232853429924274 1.1081148791029896e-06 0.006587956437014153 986 717 6433
2.842699246257014 0.01141888161344005 0.036050114276984804 1.827021058150408e-06 0.010861992170293489 1178 1026 6528
2.8581365458433843 0.01268078445785658 0.039426912530745914 2.0289255132570528e-06 0.01206235305323587 1093 960 6482
2.711283949067627 0.008480002008558345 0.02714576849688551 1.3568003213693355e-06 0.008066439301080105 1152 932 6466
2.868432755957163 0.015026467708318746 0.04538311243555942 2.4042348333309995e-06 0.01429363926523408 1114 1007 6511
2.817004890361403 0.010579605605794611 0.03361047575812398 1.692736896927138e-06 0.010063646961684781 1055 894 6493
2.9139766413996773 0.008906863912205187 0.030327849094114664 1.42509822595283e-06 0.008472483501569171 1090 757 6341
1.178719698686216 0.015454935273160317 0.019079500354691595 2.472789643705651e-06 0.014701210820145034 5291 5291 1543
2.989933173353381 0.01149486060953943 0.038119142182285286 1.839177697526309e-06 0.010934265733386296 960 708 6415
2.8802058306677396 0.014101569627126338 0.043284637643538494 2.2562511403402143e-06 0.013413847701022838 1115 1000 6572
2.274138474925592 0.014691915410227522 0.03532983098292516 2.3507064656364036e-06 0.013975402806932992 1952 1946 6549
2.775552610675177 0.009207823482032529 0.02965638330054827 1.4732517571252048e-06 0.008758765521271684 984 785 6453
2.81839523031179 0.011113652780401682 0.03497557128619908 1.7781844448642693e-06 0.010571649095827392 1095 951 6527
2.7576145933631384 0.011257036253103621 0.034573903431288563 1.8011258004965796e-06 0.010708039874763648 1106 1000 6573
2.9427167093879487 0.011922010447944716 0.03863048012077175 1.907521671671155e-06 0.011340583826292995 1050 853 6489
2.937341308643621 0.007711406850192848 0.027293569945576416 1.2338250960308559e-06 0.007335327894997626 1050 571 6168
2.8984379267702858 0.010615510998285203 0.03467564028532049 1.6984817597256325e-06 0.010097801277782172 1061 832 6425
1.646265960628466 0.014806536946292685 0.025737068616119765 2.36904591140683e-06 0.014084434345172378 5000 5000 5208
2.940117487058262 0.01185607262292827 0.038425046133380346 1.8969716196685234e-06 0.011277861734646838 1103 894 6452
2.802706433020603 0.009241604865445521 0.03003345764833432 1.4786567784712835e-06 0.008790899414463264 1006 816 6525
2.942863307705549 0.010925884524701994 0.0360263089291967 1.7481415239523191e-06 0.010393038143171648 1089 830 6411
2.888635271449589 0.012280950151865604 0.03883434936819086 1.964952024298497e-06 0.011682018336745158 1125 990 6513
1.612432449364238 0.015084745506124497 0.02559141858893481 2.4135592809799194e-06 0.014349074902882073 5119 5119 5162
2.8484747733379665 0.012404586483714024 0.038603915851200814 1.984733837394244e-06 0.011799625026608791 1093 985 6583
2.692012507587579 0.007341488182276943 0.024070195545069544 1.1746381091643109e-06 0.006983449855573983 961 761 6487
2.8390297202040085 0.013422096810668527 0.040997621613441525 2.1475354897069643e-06 0.012767512213701098 1145 1053 6520
2.9500331315231234 0.010381966599392287 0.03467260699604398 1.661114655902766e-06 0.009875646646701229 1036 750 6351
2.9147273955053166 0.011813216742905346 0.0379827598051623 1.8901146788648556e-06 0.01123709590056444 993 797 6467
2.826583612019525 0.011616897627912437 0.03634268907269963 1.85870362046599e-06 0.011050351106974315 1044 918 6587
1.6892210864412114 0.01631708126342639 0.02857624083161557 2.6107330021482226e-06 0.015521310661174808 4799 4799 5349
2.741191412380505 0.00675857508924526 0.02297978022394064 1.0813720142792416e-06 0.0064289649535657694 982 645 6216
2.827445215142419 0.009454705345239954 0.030850705974867436 1.5127528552383927e-06 0.00899360715952724 979 770 6495
1.1040419963024737 0.014709520130234324 0.017168468283986382 2.353523220837492e-06 0.01399214895925749 4449 4449 1019
2.837731338347563 0.010369723554507737 0.03332135558001907 1.6591557687212382e-06 0.009864000685023161 1069 879 6519
2.882638901281109 0.012098220701102643 0.038289993801142584 1.935715312176423e-06 0.011508200450663112 1076 921 6589
2.8619549429238873 0.010290536992066859 0.03340125455053279 1.6464859187306976e-06 0.009788675985955179 987 796 6459
2.855688300287742 0.010817572989510249 0.034682107533424225 1.73081167832164e-06 0.010290008872264726 1068 895 6545
2.835839976014222 0.009718561319298512 0.0316253544991409 1.554969811087762e-06 0.009244595095240307 1057 824 6502
2.888973746527427 0.013478835518647947 0.04186107597216138 2.1566136829836718e-06 0.012821483821664845 1170 1052 6582
2.95235770740781 0.01151778658102559 0.037700191326430293 1.8428458529640946e-06 0.01095607362414207 1061 846 6488
2.788176124801391 0.01057158494587893 0.0332463998147298 1.6914535913406287e-06 0.010056017462741366 1021 880 6595
2.919882681931177 0.008655710776284402 0.029710796101457295 1.3849137242055045e-06 0.008233578897049466 1051 692 6295
2.77729007377778 0.007904009519603322 0.026310435711371212 1.2646415231365316e-06 0.007518537490992723 1071 782 6439
2.872108535404688 0.009529183727258394 0.031533600445582954 1.5246693963613431e-06 0.009064453292250804 1017 779 6429
2.9971816264771234 0.01643589528322111 0.05100304568350274 2.6297432453153775e-06 0.015634330219168328 1040 906 6572
2.9911769937556794 0.007711406850192848 0.027793807365330856 1.2338250960308559e-06 0.007335327894997626 1110 602 6145
2.94428345461064 0.012101310956733976 0.03911683543405899 1.936209753077436e-06 0.011511139997074754 1039 860 6493
2.929232404171247 0.01247913040511975 0.03989003820380356 1.9966608648191603e-06 0.011870533502417747 1051 908 6576
2.7502142513136234 0.008939294086966575 0.028705775089096393 1.430287053914652e-06 0.00850333208344122 1087 888 6522
2.9671069577456475 0.015051204798341801 0.04700694953353108 2.4081927677346882e-06 0.014317169947768698 1013 885 6521
2.9082243293700607 0.01400867609189458 0.043472806402261 2.241388174703133e-06 0.013325484506927662 1051 929 6595
2.859169944487024 0.012505520376769217 0.03900212073211665 2.000883260283075e-06 0.011895636456904413 1070 954 6534
2.7231642901992936 0.008371147982380589 0.026988687171530315 1.3393836771808943e-06 0.007962893996025356 1012 818 6524
2.8263139697049313 0.00945143429524424 0.03082990527296868 1.5122294872390787e-06 0.008990495635943332 1020 797 6465
2.9628165272150735 0.01474520309411949 0.04616397288886568 2.3592324950591187e-06 0.014026091694409186 1023 891 6572
2.703320712168584 0.008312270473307603 0.02664357963462101 1.3299632757292166e-06 0.007906887894534257 1056 870 6521
2.9953118281348203 0.013596142987943958 0.04370649875560971 2.1753828780710333e-06 0.012933070302385557 1043 875 6492
2.958376986055729 0.01007781782595049 0.03395737623739233 1.6124508521520784e-06 0.009586330958215523 1037 764 6368
2.955477391946281 0.011436827969417782 0.03752747496114129 1.8298924751068453e-06 0.010879063297284245 1106 893 6511
2.9389613962340224 0.013644503626459277 0.043007349881314494 2.1831205802334846e-06 0.01297907243242652 1107 979 6490
1.045750442945249 0.015361690340586844 0.01684422747017001 2.457870454493895e-06 0.014612513366066825 3095 3095 538
2.867673177790939 0.009121501254171003 0.030413141964985974 1.4594402006673606e-06 0.00867665315730334 1094 828 6418
2.6754010202176195 0.008534007395156973 0.026920846187119304 1.3654411832251158e-06 0.008117810889493591 1069 928 6576
2.869489666504266 0.014347721673933288 0.04373145839011306 2.2956354678293263e-06 0.013647995115422145 1075 968 6476
2.761625468553256 0.009999986579523402 0.031504151402887384 1.5999978527237445e-06 0.009512295477516594 978 838 6566
2.811815933809343 0.009824365891674576 0.031628224851142396 1.5718985426679322e-06 0.009345239665841457 1081 909 6518
2.7841121769398374 0.01310885477770181 0.03944632434013255 2.09741676443229e-06 0.012469546736461489 1103 1029 6580
2.8857589789278144 0.011766547923556034 0.03748610592711185 1.8826476677689657e-06 0.011192703081063408 1049 898 6513
2.9661173995882066 0.011531808345104493 0.03791281920591839 1.845089335216719e-06 0.01096941155834567 1031 809 6455
2.9024507193893 0.013055664129216405 0.04098848501771815 2.0889062606746248e-06 0.01241895015205507 1118 987 6563
2.7247985357654994 0.008315530361413494 0.026863550721974393 1.3304848578261591e-06 0.007909988800584508 1105 888 6508
2.8462266866254855 0.013239980312579766 0.04065120386272256 2.118396850012763e-06 0.012594277387096618 1081 958 6509
2.830742684660401 0.014256808205027865 0.042919647653479324 2.2810893128044588e-06 0.01356151542145084 1155 1073 6585
2.8456215540819887 0.011055319263373385 0.03516521142532482 1.7688510821397417e-06 0.010516160456337404 1099 939 6486
2.8728260501100937 0.011679054461901737 0.03709552590773785 1.868648713904278e-06 0.011109476603408866 1037 887 6527
2.723512596589784 0.007711406850192848 0.02530668851247906 1.2338250960308559e-06 0.007335327894997626 1001 750 6462
2.7029510016042346 0.0073471803581120244 0.024182638130960436 1.175548857297924e-06 0.006988864428685926 1028 802 6405
2.9418726025710784 0.01170826555754649 0.03806321984350599 1.8733224892074387e-06 0.011137263097999155 996 785 6447
2.8679858954225868 0.01123011394256176 0.03588889336218512 1.7968182308098816e-06 0.010682430543113538 1044 871 6515
2.900849991053546 0.008278150093775654 0.028498012379965354 1.3245040150041048e-06 0.00787443153778499 1042 658 6194
2.9743536430412973 0.01515373206674469 0.04738192135037358 2.4245971306791506e-06 0.014414697045809806 1133 999 6553
2.7559788863619605 0.008478495036223317 0.02758939712239931 1.356559205795731e-06 0.008065005822543585 1140 912 6460
2.931390248971665 0.00952901740445085 0.03218402377785643 1.5246427847121361e-06 0.009064295080869474 1043 736 6334
2.8348677775086575 0.012153858193875565 0.037794419403848076 1.9446173110200906e-06 0.011561124548778197 1142 1022 6606
2.692012507587579 0.0096233380722292 0.02978769625790323 1.5397340915566721e-06 0.0091540158074334 1140 1023 6581
2.822984424766103 0.012608587897032198 0.0387635426230343 2.017374063525152e-06 0.01199367745916775 1161 1061 6591
2.942030374536617 0.012084941966029591 0.03904445359631504 1.9335907145647346e-06 0.011495569308553263 1093 879 6451
2.7398887605213034 0.006535180653239455 0.022377255068107903 1.045628904518313e-06 0.006216465280049043 1056 690 6374
2.7865602209873437 0.009467991964355875 0.030438468917059758 1.51487871429694e-06 0.009006245801181685 1033 870 6514
2.776721333329002 0.011022007888460474 0.03423111659349424 1.7635212621536759e-06 0.010484473649718804 1123 1004 6567
2.741191412380505 0.011823713912021567 0.03574680599716203 1.891794225923451e-06 0.01124708113139619 1186 1085 6520
2.8143114103167024 0.013077003352731596 0.039796110676680936 2.0923205364370557e-06 0.012439248679230387 1079 968 6633
2.75229156660833 0.010758015272456675 0.033279384547974675 1.721282443593068e-06 0.010233355735975523 1090 974 6591
2.9170879591614733 0.008871944494293833 0.03026616035146425 1.4195111190870135e-06 0.008439267074883575 1131 777 6343
2.895246769410832 0.011403076198171718 0.03667581749741759 1.8244921917074752e-06 0.010846957572098621 987 792 6503
2.860003928716333 0.015306520991891417 0.045932657592373236 2.449043358702627e-06 0.01456003458102849 1107 1038 6586
2.9153585964298383 0.011362803860736547 0.03682615902231887 1.8180486177178478e-06 0.010808649283361713 993 780 6404
2.9518656351445376 0.015794778869824916 0.0486324015299698 2.527164619171987e-06 0.015024480524749948 1072 975 6558
2.9218077742318296 0.01073516574901902 0.03526919678170526 1.7176265198430432e-06 0.010211620564959946 1049 822 6448
2.9207040481898536 0.014959836649840836 0.04604392361955294 2.393573863974534e-06 0.014230257748550907 1084 958 6618
2.844259341280565 0.010710651587687697 0.034270533192389395 1.7137042540300317e-06 0.010188301939068535 1041 870 6550
2.823231984477477 0.014279872163226093 0.042861783143029804 2.284779546116175e-06 0.013583454569420481 1124 1037 6618
2.83194423799702 0.009674504594579268 0.03146821364939003 1.547920735132683e-06 0.009202686980667514 1083 875 6504
2.9418800810226333 0.014075064195233359 0.04414429755025177 2.2520102712373377e-06 0.013388634917193559 1082 954 6411
2.908873876056006 0.014380954839184619 0.0444147559304294 2.300952774269539e-06 0.01367960752659989 1150 1023 6551
2.8215069154844876 0.007711406850192848 0.02621724486803475 1.2338250960308559e-06 0.007335327894997626 1005 690 6363
2.888514633210852 0.011178071828427776 0.036011760592451286 1.7884914925484443e-06 0.010632926479985014 915 725 6505
2.929232404171247 0.012648331959937096 0.04032443522949246 2.0237331135899355e-06 0.012031483236887743 1076 920 6519
2.9113724591316603 0.013327905707505725 0.0418041663039869 2.1324649132009162e-06 0.01267791473299323 1196 1052 6597
2.717154442961893 0.008301275863373401 0.026752043444275786 1.3282041381397442e-06 0.007896429482663152 1049 867 6527
2.868852065892549 0.012014010683455006 0.03789382453610654 1.922241709352801e-06 0.011428097286157728 1103 959 6519
2.932016759838819 0.012595465905492185 0.04022700445644349 2.0152745448787497e-06 0.011981195416338046 1039 883 6469
2.991227744860092 0.01351181237323336 0.043428277982737226 2.161889979717338e-06 0.01285285242223656 1059 886 6531
2.817213312624555 0.010357232507646927 0.03304868302119085 1.6571572012235086e-06 0.009852118816220772 998 816 6499
2.889394775812324 0.013630226305032876 0.042246294044982646 2.1808362088052602e-06 0.012965491404196589 1109 974 6611
2.834530904810396 0.009779396090854209 0.031767763772861966 1.5647033745366735e-06 0.009302463005136302 1023 812 6507
2.825736681194477 0.008773849102774909 0.029062064443032422 1.4038158564439856e-06 0.008345955714744214 1045 782 6390
2.9058218068990964 0.01291382037979884 0.04067659774676993 2.0662112607678146e-06 0.012284024005367883 1096 953 6496
2.8023325878667666 0.010699407280033168 0.03373707065710086 1.711905164805307e-06 0.010177606007029086 1049 909 6576
2.8737741115501145 0.012181026035754782 0.03838187267649603 1.948964165720765e-06 0.011586967437404743 1015 855 6550
2.8258591949168137 0.009847672851242445 0.03184607555975795 1.5756276561987912e-06 0.009367409964204263 977 791 6593
2.7578381813463504 0.007917139463334206 0.02616021088487666 1.2667423141334732e-06 0.007531027098191506 1027 762 6364
2.9737672691160997 0.01244256466604279 0.04040109039180134 1.9908103465668464e-06 0.01183575104429265 956 754 6489
2.822388927711722 0.00852211770814564 0.028368701762174754 1.3635388333033025e-06 0.00810650105271655 1035 789 6366
2.93076087568524 0.01125460107578947 0.03673838591816193 1.8007361721263154e-06 0.010705723459039671 993 786 6397
2.8471438825822153 0.009374491528348015 0.030856584331605843 1.4999186445356826e-06 0.00891730530436096 1037 780 6389
2.8933929957620927 0.01310885477770181 0.04099465513625589 2.09741676443229e-06 0.012469546736461489 1135 981 6583
2.870701194820109 0.010770025315601775 0.03474206081772044 1.7232040504962842e-06 0.010244780059216902 1090 898 6466
2.945551678346972 0.012062363750916606 0.03903255170623065 1.9299782001466573e-06 0.011474092214379018 1061 852 6474
2.95235770740781 0.013935251012672066 0.04394547557319274 2.2296401620275307e-06 0.013255640308290956 1079 956 6513
2.75992083561703 0.00927962478614942 0.02967126920644301 1.4847399657839074e-06 0.008827065134976109 1023 857 6506
2.9373169609149796 0.012305816770277367 0.03955304209738382 1.9689306832443787e-06 0.011705672230675746 1031 868 6512
2.8539131764398915 0.009860539733704474 0.03219561094033062 1.577686357392716e-06 0.00937964933941542 968 772 6456
2.8600547801738396 0.010046476653741272 0.032747572007290816 1.6074362645986036e-06 0.009556518269138892 1043 835 6457
2.8689736762729163 0.008725402778411146 0.0293780744916349 1.3960644445457836e-06 0.008299872077683004 992 726 6420
2.895434362154496 0.011205941156546002 0.03616998458151599 1.7929505850473606e-06 0.010659436643944963 1070 901 6534
2.8209499032632457 0.009089395642574818 0.029834286566936034 1.454303302811971e-06 0.00864611330991848 1005 794 6540
2.839960336847313 0.009505544012257887 0.03111928391601652 1.520887041961262e-06 0.009041966466663498 1072 852 6492
2.9113724591316603 0.010948112919423398 0.035698706743305955 1.7516980671077438e-06 0.010414182477406442 1062 839 6435
2.882633383267901 0.010386171336623331 0.033891368705209424 1.661787413859733e-06 0.009879646322363685 1026 805 6445
2.8396454363921237 0.010140404049959922 0.032755459017573894 1.6224646479935878e-06 0.009645864903672892 1056 840 6487
2.859169944487024 0.01133702889854993 0.03605082110741455 1.8139246237679889e-06 0.010784131344833374 1026 861 6530
2.9556757150798227 0.012435615642845272 0.04013727353675139 1.9896985028552437e-06 0.011829140919228058 1050 861 6440
2.84345754528746 0.010137218596002827 0.03279123376047673 1.6219549753604525e-06 0.009642834801679358 1031 827 6515
2.8565852274451657 0.007341488182276943 0.025541695969822746 1.1746381091643109e-06 0.006983449855573983 1011 596 6294
2.842237394226571 0.009779396090854209 0.03185413359683377 1.5647033745366735e-06 0.009302463005136302 1077 838 6459
2.863365332671438 0.010114924520888746 0.032963024617732345 1.6183879233421996e-06 0.0096216279902305 1036 812 6461
2.969983686298959 0.012617668082252474 0.04080567145120839 2.018826893160396e-06 0.012002314811240072 1022 840 6477
2.8453620541178046 0.011436827969417782 0.03612927425270194 1.8298924751068453e-06 0.010879063297284245 1013 874 6511
2.776721333329002 0.010549455562014181 0.03305453860112322 1.6879128899222692e-06 0.010034967310685372 1045 891 6608
2.8715030905410206 0.01182819215537674 0.037457522059376254 1.8925107448602787e-06 0.011251340974514568 1046 893 6579
2.8737901668745827 0.011233180603489164 0.03596938009965199 1.7973088965582663e-06 0.01068534764551551 1022 849 6539
2.9353935476338204 0.01268078445785658 0.04049264364719976 2.0289255132570528e-06 0.01206235305323587 994 830 6502
2.8616121403592194 0.009847562709958796 0.03224870754032667 1.5756100335934074e-06 0.009367305194420224 1044 824 6391
2.939516742862469 0.011178071828427776 0.03664761534678305 1.7884914925484443e-06 0.010632926479985014 1079 831 6423
2.9913012783063353 0.008348930028282646 0.029584172232383205 1.3358288045252236e-06 0.007941759593233427 1051 562 6193
2.904540540322745 0.012215142579667857 0.038880017958509705 1.9544228127468574e-06 0.011619420145595107 991 818 6500
2.791571330747715 0.009075126820013246 0.029486915752122766 1.4520202912021195e-06 0.008632540366070751 1008 813 6488
2.8958966774323973 0.01149486060953943 0.03692025566860594 1.839177697526309e-06 0.010934265733386296 1109 918 6454
2.95235770740781 0.010199660866954707 0.034213872046291026 1.6319457387127533e-06 0.009702231814551125 1045 738 6423
2.906409356080671 0.010237685882137353 0.03378130147478062 1.6380297411419765e-06 0.009738402381089186 1043 785 6387
2.938567238723432 0.01064855964891669 0.0352429991627409 1.7037695438266705e-06 0.010129238172965977 1028 772 6439
2.875843915161424 0.012988235129552472 0.04044368310093117 2.078117620728396e-06 0.012354809609119735 1095 950 6505
2.835727608190771 0.011055319263373385 0.03504294544846071 1.7688510821397417e-06 0.010516160456337404 1131 979 6491
2.9006306686227132 0.00946343893368648 0.0316724168833325 1.514150229389837e-06 0.009001914818064751 964 709 6342
2.916598819743107 0.007711406850192848 0.027100832189842838 1.2338250960308559e-06 0.007335327894997626 1068 616 6214
2.791742619482636 0.009795772060767812 0.03132981924587805 1.56732352972285e-06 0.009318040332496726 1033 863 6518
2.8554620377839735 0.00826007389878279 0.028003916128127415 1.3216118238052465e-06 0.007857236903920838 1123 810 6364
2.8296910318837996 0.01185607262292827 0.036981858351564915 1.8969716196685234e-06 0.011277861734646838 1035 925 6536
2.7621145186306215 0.009093219072232896 0.029221764379237597 1.4549150515572635e-06 0.008649750274063974 1037 842 6500
2.882501815529858 0.012256258676686508 0.03868929194256705 1.9610013882698413e-06 0.011658531044456164 1135 983 6543
2.807781138826531 0.010525519357357573 0.03336380433583259 1.6840830971772119e-06 0.010012198454998088 1107 941 6482
2.917971445327945 0.011159979576208129 0.03633191585045179 1.7855967321933007e-06 0.010615716571991793 1051 833 6438
2.6841844924412106 0.0073459250046478955 0.02401153312853265 1.1753480007436634e-06 0.006987670297775394 1072 864 6479
2.974074543767901 0.01623954290987445 0.050117249716182144 2.598326865579912e-06 0.01544755378920695 1032 908 6514
2.889282523909575 0.013484615454672848 0.041880035305753634 2.157538472747656e-06 0.012826981874974497 1094 983 6566
2.8545623010923893 0.01374879811098036 0.04202992819740631 2.1998076977568578e-06 0.013078280560912538 1062 959 6564
2.943960131945484 0.011813216742905346 0.038363701092627704 1.8901146788648556e-06 0.01123709590056444 1009 784 6378
2.8394198553346084 0.0075629817897341686 0.025985190245103557 1.2100770863574671e-06 0.007194141402383502 1015 660 6245
2.938211216426397 0.011204431641129812 0.036700402064967774 1.7927090625807699e-06 0.010658000746351252 1068 826 6416
2.802954722653803 0.006116600746981103 0.02174928006038348 9.786561195169764e-07 0.0058182991707630815 1069 558 6189
2.995285459229658 0.012551490587696586 0.04097961349833069 2.008238494031454e-06 0.011939364738540337 1054 845 6447
2.8844091473052313 0.01268078445785658 0.039789333130033876 2.0289255132570528e-06 0.01206235305323587 1068 951 6568
2.8616121403592194 0.007628284787528082 0.026365135393911703 1.220525566004493e-06 0.007256259626807451 1091 704 6266
2.861413746991142 0.012136680218172664 0.03810503229059374 1.9418688349076265e-06 0.011544784328789685 1037 897 6485
2.915615519430562 0.010219463438682888 0.03384028166920902 1.6351141501892622e-06 0.009721068631180347 1057 787 6320
2.924474336346199 0.009032632028107444 0.030776304410451025 1.445221124497191e-06 0.008592118010135666 1112 726 6299
2.9879027597255776 0.012987865724993115 0.04201863088219454 2.0780585159988988e-06 0.012354458220116219 1047 859 6496
2.7758400613708707 0.006538257386065603 0.02267915381332495 1.0461211817704964e-06 0.006219391963151558 1081 645 6307
2.95235770740781 0.012475938808829894 0.04019668961878689 1.9961502094127835e-06 0.011867497557647964 1036 863 6492
2.829012325238105 0.00963971535348215 0.03134589249548071 1.5423544565571442e-06 0.009169594382180237 1026 811 6544
2.827438508515331 0.00851542506393307 0.02840186583459341 1.3624680102292915e-06 0.008100134803245156 1123 837 6401
2.072281214293017 0.015842950909414233 0.034225720699074307 2.5348721455062777e-06 0.015070303253679059 2930 2930 6200
2.7382874881689148 0.011055319263373385 0.03383881399360778 1.7688510821397417e-06 0.010516160456337404 1079 983 6556
2.71789060601047 0.007222838131542107 0.023994365562101085 1.1556541010467372e-06 0.006870586270004464 959 708 6429
2.9804664231923894 0.013172738327745598 0.042394118920456164 2.1076381324392956e-06 0.012530314738431966 1055 864 6529
2.952698609552367 0.013690230423692338 0.04332525054515765 2.190436867790774e-06 0.013022569171453351 1046 907 6549
2.929232404171247 0.010511503913972643 0.03477001193094944 1.6818406262356229e-06 0.009998866533233423 969 750 6423
2.9266704209512313 0.01120205494414088 0.036550047591059606 1.7923287910625408e-06 0.010655739958915241 969 745 6441
2.8482703373972322 0.009632891136720731 0.03154154485979097 1.5412625818753171e-06 0.009163102976844735 1016 791 6384
2.942863307705549 0.01051009156325089 0.03492806943155618 1.6816146501201424e-06 0.009997523061692102 961 692 6390
2.9846004825492445 0.013676970851791079 0.043759098574907285 2.188315336286573e-06 0.013009956257943206 1070 884 6466
2.9930060344227853 0.011508111925424535 0.038193539990224554 1.8412979080679258e-06 0.010946870793519387 1004 761 6411
2.920052194442164 0.012330280548921668 0.03938335326226307 1.9728448878274668e-06 0.011728942931002252 1114 963 6522
2.8860605522200293 0.010665221004860132 0.034656468020164616 1.7064353607776214e-06 0.010145086968314827 979 788 6487
2.928901964755817 0.013049483984479722 0.04134625475255333 2.0879174375167557e-06 0.012413071407882602 1084 940 6488
2.8797017312646664 0.011084750442759575 0.035662060780933855 1.7735600708415322e-06 0.010544156301366485 1111 905 6434
2.9593493361209577 0.01223194633646513 0.039657447663647975 1.957111413834421e-06 0.011635404397025536 989 791 6439
2.9320655187298916 0.012330280548921668 0.039545379473704845 1.9728448878274668e-06 0.011728942931002252 1023 864 6514
2.9337828442339022 0.012677483971595797 0.0404619494785325 2.0283974354553277e-06 0.012059213528969274 989 816 6497
2.797496323905804 0.009847672851242445 0.03152643962922998 1.5756276561987912e-06 0.009367409964204263 1095 929 6569
2.7058722904033727 0.008939797957215426 0.02824420721583255 1.4303676731544684e-06 0.0085038113803534 1035 891 6594
2.9615665693224713 0.013593883947002582 0.04320830431426646 2.175021431520413e-06 0.012930921433008655 1078 926 6547
2.8616121403592194 0.011219215644613477 0.035781337767811255 1.7950745031381565e-06 0.010672063746172194 1009 859 6576
2.9853896292695525 0.015167277187515227 0.04759220569094363 2.4267643500024363e-06 0.014427581582206266 1071 940 6599
2.9100602626591634 0.012135155366850153 0.0387489416667193 1.9416248586960247e-06 0.011543333843209163 957 807 6438
2.924258382162699 0.009318617335810275 0.03154259832628407 1.490978773729644e-06 0.008864156050133463 1060 726 6284
2.8857589789278144 0.01075188890235137 0.03487734900170752 1.7203022243762193e-06 0.01022752814388999 903 710 6540
2.9347719814138973 0.011951181212578434 0.03860179140517914 1.9121889940125494e-06 0.011368331956782409 1010 827 6529
2.95235770740781 0.011420773881171253 0.03744573095107896 1.8273238209874006e-06 0.01086379215368733 1065 839 6478
2.8841272418161594 0.011082338464398756 0.035710653942695826 1.7731741543038011e-06 0.010541861953202012 1024 823 6482
2.938567238723432 0.010788850117332794 0.035613001643138985 1.726216018773247e-06 0.0102626867908857 1094 868 6462
2.9479098795642003 0.009860539733704474 0.03325600804997189 1.577686357392716e-06 0.00937964933941542 1060 773 6353
2.9418800810226333 0.008889236667674806 0.030570377279893132 1.422277866827969e-06 0.00845571592322354 1093 742 6378
2.8765114020667095 0.007222838131542107 0.02539471823189144 1.1556541010467372e-06 0.006870586270004464 1055 640 6287
2.925796156888505 0.01370002329635856 0.04295530306097181 2.1920037274173696e-06 0.013031884453792383 1059 951 6585
2.9134967078839047 0.010916691698413162 0.03564283468659316 1.746670671746106e-06 0.010384293643442828 1091 864 6510
2.917637678722497 0.010683217548717327 0.03508280890484316 1.7093148077947724e-06 0.010162205835563534 1040 798 6399
2.8225736269706116 0.010417312127016265 0.03326448850544945 1.6667699403226025e-06 0.009909268402080028 1046 862 6478
2.900849991053546 0.011742531364389455 0.037620470176519774 1.878805018302313e-06 0.011169857789689363 1120 947 6448
2.909633104145314 0.010306961143260827 0.034000846598512414 1.6491137829217324e-06 0.009804299144834645 911 676 6410
2.9843890619540616 0.012959821356579278 0.04189621065021449 2.0735714170526845e-06 0.012327781552431584 981 814 6565
2.7191261401083975 0.0076267429908670895 0.025048392054800528 1.2202788785387344e-06 0.007254793022298637 1003 780 6479
2.903933519973979 0.011071911347514037 0.03592884903020069 1.771505815602246e-06 0.010531943358212179 1018 816 6469
2.692012507587579 0.009889277661544897 0.030439477159300878 1.5822844258471837e-06 0.00940698574220514 1164 1051 6591
2.896794117958055 0.010337145172210275 0.03392973962717976 1.653943227553644e-06 0.009833011123574395 1028 791 6429
#acc_paschen_factor density_factor volt density pressure N_not_eqm N_less_eqm N_eqm
2.948292758560484 0.011327536316270098 0.037149647393431455 1.812405810603216e-06 0.010775101707966134 1027 805 6454
2.782350411354712 0.008924611171129679 0.029003501107496457 1.4279377873807488e-06 0.008489365241305847 1051 827 6440
2.932537866909902 0.01053040115336358 0.034859125208167446 1.684864184538173e-06 0.010016842169837182 1016 768 6448
2.776721333329002 0.01147158979925472 0.03534347317614566 1.8354543678807554e-06 0.010912129821335905 1023 922 6604
2.9926750007902303 0.012999555111347164 0.0421162508800982 2.079928817815546e-06 0.012365577524733913 1023 827 6488
2.719944105095324 0.00879209818935517 0.028019936207152638 1.4067357102968274e-06 0.008363314808415569 1073 923 6583
2.922343330687292 0.00992669198141449 0.033143212704607454 1.5882707170263185e-06 0.009442575396537142 1032 762 6406
2.7999191218993547 0.008480002008558345 0.028033196714501343 1.3568003213693355e-06 0.008066439301080105 1139 874 6388
2.841719951068736 0.01075188890235137 0.03434509230405785 1.7203022243762193e-06 0.01022752814388999 1042 874 6516
2.866801309719934 0.015306520991891417 0.046041825894915886 2.449043358702627e-06 0.01456003458102849 1111 1037 6573
2.9019737253729083 0.010783296304188061 0.03515506700875601 1.72532740867009e-06 0.010257403832629759 983 786 6458
2.822597167479375 0.010463095430087313 0.03338121182901947 1.6740952688139703e-06 0.00995281889120171 1021 846 6485
2.989933173353381 0.015282000821518416 0.04795693437816096 2.445120131442947e-06 0.014536710239151408 1055 917 6444
2.867648502033444 0.010020365732719312 0.03276664110465068 1.6032585172350901e-06 0.00953168075621067 972 768 6431
2.810986111294859 0.009175502627863518 0.02995151264858678 1.468080420458163e-06 0.008728020928516838 1017 817 6471
2.895306725080955 0.011253501244917224 0.03629111532585989 1.800560199186756e-06 0.010704677266012421 980 801 6579
2.851513371981342 0.009860539733704474 0.0321685382279166 1.577686357392716e-06 0.00937964933941542 1049 828 6422
2.9051677836548713 0.009713310002800157 0.032384601822906894 1.5541296004480253e-06 0.009239599881118658 1059 804 6395
2.71789060601047 0.009457943761838056 0.02966338964237343 1.5132710018940892e-06 0.008996687641217438 1104 968 6599
2.7336559762022254 0.009977015213153686 0.031128114496520014 1.5963224341045899e-06 0.00949044440574831 1029 900 6486
2.8142309747854304 0.009296066041961745 0.030297587611783066 1.4873705667138793e-06 0.008842704564295796 999 795 6526
2.7836699431270118 0.010683217548717327 0.0334719288077062 1.7093148077947724e-06 0.010162205835563534 1046 896 6663
2.981182852418761 0.013276428981145179 0.042673195776777646 2.1242286369832287e-06 0.012628948484142513 1081 894 6521
2.813069598119612 0.008861460457775803 0.029159674013893775 1.4178336732441287e-06 0.008429294336184029 1066 822 6508
2.834514365648005 0.009336111264756107 0.0306200278897689 1.4937778023609772e-06 0.008880796814585706 1131 896 6435
2.939003698060369 0.011160122862788962 0.03659416592674715 1.785619658046234e-06 0.010615852870604197 1059 818 6421
2.8647404648891768 0.010058628164754342 0.03283277132943934 1.6093805063606948e-06 0.009568077160976938 1056 841 6460
2.7509899342410105 0.008179431617711248 0.02677196859518343 1.3087090588337996e-06 0.00778052748041979 1047 784 6388
2.9600222120990063 0.01185338360038599 0.038678148726497046 1.8965413760617586e-06 0.011275303853517252 1032 824 6502
2.955054240173097 0.009779396090854209 0.033118518792121784 1.5647033745366735e-06 0.009302463005136302 1103 794 6287
2.769989046427093 0.007453353491471642 0.025061880383535406 1.1925365586354628e-06 0.007089859585855286 938 662 6297
2.892881815108777 0.012082184199337102 0.0383851574190526 1.9331494718939363e-06 0.011492946035869003 1052 889 6526
2.9808029497488024 0.011389914310284185 0.03772471970908907 1.8223862896454696e-06 0.010834437578633376 1043 779 6400
2.8503564879167294 0.0099713132550756 0.03244223520093096 1.595410120812096e-06 0.009485020527465292 1016 796 6455
2.8258591949168137 0.01132026286117342 0.03558864090341357 1.8112420577877473e-06 0.010768182973278655 1075 948 6567
2.9172093559290646 0.012618184619807687 0.04008190582994985 2.0189095391692302e-06 0.012002806157684523 1035 895 6456
2.8075021718216004 0.009152721510542302 0.029855601515256097 1.4644354416867684e-06 0.008706350827507791 1006 831 6495
2.887615502327507 0.011139862876342284 0.0359021241902067 1.7823780602147655e-06 0.010596580946995228 963 768 6551
2.921328880360859 0.012296763215212898 0.03931449788632695 1.967482114434064e-06 0.011697060210028488 1100 938 6559
1.6966914706621652 0.013261568876756263 0.024264831047477765 2.121851020281002e-06 0.012614813094794732 4596 4596 5646
2.9532356537476825 0.01310885477770181 0.041842527903677866 2.09741676443229e-06 0.012469546736461489 1106 934 6467
2.7650631091443945 0.00959575612751037 0.03052642250329562 1.5353209804016594e-06 0.009127779011421365 1072 898 6523
2.9448153218905615 0.015150798944874429 0.04690400582937075 2.4241278311799086e-06 0.014411906969875241 1039 924 6541
2.910381076186415 0.010638997566937527 0.0348799516093574 1.7022396107100045e-06 0.010120142425842448 1048 839 6467
2.9726771247806587 0.011134286581320426 0.036944915033847954 1.7814858530112683e-06 0.010591276603284778 1037 758 6361
2.938567238723432 0.010897003154484821 0.03589774942383942 1.7435205047175715e-06 0.010365565293571646 1030 811 6419
2.8539131764398915 0.010344595102145936 0.03344666746310446 1.6551352163433498e-06 0.009840097726568433 1056 845 6406
2.826702635965067 0.011055319263373385 0.03493141794896967 1.7688510821397417e-06 0.010516160456337404 1068 926 6552
2.9216456088214997 0.010729847482635994 0.035253296366006166 1.7167755972217593e-06 0.010206561666044316 1006 789 6403
2.8819681714045253 0.013309746073136652 0.04133647641108687 2.1295593717018646e-06 0.012660640729022461 1156 1040 6565
2.8611917512354843 0.009975604447144836 0.032576700751179105 1.596096711543174e-06 0.009489102441634749 967 768 6430
2.929232404171247 0.014361645468243197 0.04467700050082845 2.2978632749189118e-06 0.013661239857761624 994 865 6582
2.957110074584256 0.01120205494414088 0.03693019657571391 1.7923287910625408e-06 0.010655739958915241 1024 798 6439
2.7756079743573663 0.0076134488836760925 0.025533795777344652 1.218151821388175e-06 0.007242147257756366 1025 745 6330
2.909633104145314 0.009926428843158785 0.032998366826766636 1.5882286149054057e-06 0.009442325091317249 1020 749 6415
2.936572311300896 0.012238900126258907 0.03937018671180695 1.9582240202014253e-06 0.011642019056223417 1004 823 6540
2.8270000321710045 0.009522415702479083 0.031020859989579666 1.5235865123966534e-06 0.009058015338460765 1060 841 6488
2.8102152558608484 0.011631892583564295 0.03616959593654135 1.8611028133702874e-06 0.011064614771000104 1089 965 6621
2.947252958496902 0.014657143475961868 0.045699190947715046 2.3451429561538993e-06 0.013942326671237274 1085 950 6502
2.846558301830168 0.011794803688731459 0.03704806004237802 1.8871685901970335e-06 0.011219580835863833 1127 991 6554
2.8878484759167193 0.008937636162934838 0.030137935206115466 1.4300217860695741e-06 0.008501755014997803 1080 785 6450
2.759298120236696 0.008265279843853782 0.027074239973683602 1.3224447750166054e-06 0.007862188959342233 1020 789 6464
2.9320655187298916 0.008194031731566086 0.028574193494329162 1.311045077050574e-06 0.007794415558757515 1098 676 6200
2.769409430314453 0.009348959070681097 0.029949336225940267 1.4958334513089756e-06 0.008893018043606808 1062 868 6555
2.822911828441778 0.008910836030613593 0.029390423798021047 1.4257337648981751e-06 0.00847626190303721 1121 893 6424
2.899879887532305 0.013417791800163777 0.04186550587272631 2.1468466880262045e-06 0.012763417155009836 1017 894 6664
2.99589805467306 0.012634451750429682 0.041205755864510515 2.021512280068749e-06 0.012018279953755873 993 778 6426
2.868242693824939 0.011139862876342284 0.035661259374163264 1.7823780602147655e-06 0.010596580946995228 1058 882 6491
2.7365984139674904 0.005607338316170065 0.01985987655012727 8.971741305872105e-07 0.005333873048892844 1096 617 6239
2.820479036663614 0.01171996834908519 0.03652180970073606 1.8751949358536307e-06 0.011148395154041695 1060 931 6544
2.9026755218803855 0.012114918737174518 0.038598854649864844 1.938386997947923e-06 0.011524084137280767 1064 894 6507
2.96046043877358 0.011836613698847198 0.038639979431596895 1.893858191815552e-06 0.011259351806252258 1000 790 6489
2.9708721396320428 0.013103381125194963 0.04207824440020861 2.0965409800311943e-06 0.012464340029475201 1079 932 6460
2.9201127362070025 0.011501138835566724 0.037245271695408116 1.840182213690676e-06 0.010940237775505686 1001 799 6460
2.8173955013541288 0.01107557493709787 0.03486737800254588 1.7720919899356593e-06 0.010535428277552085 1058 911 6536
2.8478595943086993 0.011212490556980339 0.03559230482554125 1.7939984891168544e-06 0.010665666635519107 1044 880 6569
2.9241075379376626 0.009731644299736044 0.03264456230482444 1.5570630879577672e-06 0.00925704002950684 972 715 6408
2.9179954348220356 0.009026893295518437 0.03069269508728267 1.44430292728295e-06 0.008586659150804308 1070 722 6276
2.9775482170453915 0.01378733964605756 0.043939978633082695 2.2059743433692097e-06 0.013114942457095689 1036 882 6454
2.7336559762022254 0.014914095148768465 0.042988325635580645 2.3862552238029544e-06 0.014186747022778884 1216 1166 6651
2.958429186663336 0.011403076198171718 0.037476186857529195 1.8244921917074752e-06 0.010846957572098621 1049 825 6468
2.7804337018613072 0.008372289746609944 0.02755923089769287 1.339566359457591e-06 0.007963980077354455 1110 854 6407
2.8279863632311146 0.006448599422822528 0.02285921556452398 1.0317759076516046e-06 0.00613410654486642 1116 632 6218
2.900849991053546 0.010837320217141354 0.035281927326102754 1.733971234742617e-06 0.010308793043882866 1010 822 6525
2.8318967844153753 0.01069787314224082 0.034089091428191616 1.7116597027585313e-06 0.010176146687872206 1120 956 6464
1.3882291487968716 0.01348170413804592 0.020118820781157908 2.1570726620873475e-06 0.012824212540859525 6349 6349 3935
2.9208655292742423 0.010730326604268856 0.03524513955569793 1.716852256683017e-06 0.010207017421310105 1021 805 6392
2.903933519973979 0.00854237593797043 0.02924300513815349 1.366780150075269e-06 0.008125771305372634 1090 712 6290
1.7137825158853257 0.014492351316431427 0.02633119249573423 2.3187762106290283e-06 0.013785571289480918 4530 4530 5562
2.9399655725813867 0.010564781856866441 0.03503835802908892 1.6903650970986307e-06 0.0100495461547719 1070 809 6375
2.8159588656444994 0.007453353491471642 0.02547779903562012 1.1925365586354628e-06 0.007089859585855286 1019 676 6274
2.958376986055729 0.01612005222966239 0.04955412791359609 2.5792083567459824e-06 0.015333890570966837 1047 947 6550
2.8699009442840904 0.009918751345220972 0.03252775327166969 1.5870002152353556e-06 0.009435022018624927 1052 820 6482
1.2435503381009367 0.01362253632427146 0.018173862786217434 2.1796058118834336e-06 0.012958176457457681 6431 6431 2444
2.9605008701481914 0.009847672851242445 0.033363422556601886 1.5756276561987912e-06 0.009367409964204263 1027 715 6320
1.8579275158015542 0.012618184619807687 0.025527573321357938 2.0189095391692302e-06 0.012002806157684523 3342 3342 6136
2.9707877562869816 0.01112597427645462 0.03689939574302521 1.7801558842327394e-06 0.010583369682675038 1011 755 6401
2.740687592755663 0.011139862876342284 0.03407534910460269 1.7823780602147655e-06 0.010596580946995228 1077 968 6545
#acc_paschen_factor density_factor volt density pressure N_not_eqm N_less_eqm N_eqm
2.9693360081004068 0.013269011351194345 0.042484469478536936 2.123041816191095e-06 0.012621892605889662 1043 880 6488
2.9863761073830455 0.013618688199729799 0.04363443198215328 2.1789901119567682e-06 0.012954516002777723 1012 839 6549
2.9431665335675405 0.01310885477770181 0.04169986490908466 2.09741676443229e-06 0.012469546736461489 1032 874 6528
2.5196540627785127 0.011590034383599323 0.032336324630542854 1.854405501375892e-06 0.01102479796094167 1441 1410 6705
2.93928233562611 0.011327981890197245 0.037037278235472516 1.8124771024315594e-06 0.010775525551620162 1039 796 6418
1.8604666423648553 0.015867501222265205 0.030766092872458097 2.538800195562433e-06 0.015093656268010304 3951 3951 5887
2.232756592690203 0.015205379029184458 0.03566647020935611 2.4328606446695135e-06 0.014463825228466495 2260 2257 6583
2.9706360603716595 0.01298291206047716 0.0417629760377004 2.077265929676346e-06 0.012349746141735164 1026 843 6471
2.690451076205503 0.0071869534829459725 0.023659989997176775 1.1499125572713556e-06 0.006836451686138896 1013 777 6406
2.8914097068987052 0.009818616116668386 0.03250840139868718 1.5709785786669418e-06 0.009339770302622499 1081 836 6438
2.71789060601047 0.008355184475342819 0.02689597282773061 1.336829516054851e-06 0.00794770901606632 1105 900 6512
2.804561297485546 0.007858213790475107 0.02644793847972683 1.2573142064760171e-06 0.007474975181822438 1056 777 6366
#acc_paschen_factor density_factor volt density pressure N_not_eqm N_less_eqm N_eqm
2.7940308171794 0.011403076198171718 0.035393654667261756 1.8244921917074752e-06 0.010846957572098621 1101 979 6561
2.947395359681295 0.011049681556055999 0.03640805224810985 1.7679490489689598e-06 0.010510797695358448 1133 896 6447
2.8849775327817087 0.01071868101359233 0.03478193922146699 1.7149889621747728e-06 0.010195939776490847 974 776 6492
2.8916100955465667 0.01096060967434554 0.03548871046556019 1.7536975478952866e-06 0.010426069775892716 1054 847 6498
2.939432175252981 0.0118749477738181 0.03846513211780932 1.8999916438108963e-06 0.011295816359987478 1040 847 6522
2.859169944487024 0.013920550701591768 0.04252210431529613 2.227288112254683e-06 0.013241656919263864 1153 1053 6534
1.1574350787509404 0.00749400487733475 0.010516704363712432 1.1990407803735602e-06 0.00712852843714077 6348 6348 3083
2.6493233055852374 0.007039019548906633 0.022923546528562908 1.1262431278250615e-06 0.006695732368113501 1041 837 6549
2.9334232874166455 0.012738151624753082 0.04061270433619218 2.0381042599604933e-06 0.012116922470693384 1055 893 6527
2.4520990410573944 0.013989700026587386 0.03661440251710952 2.238352004253982e-06 0.013307433888682604 1487 1468 6621
2.769989046427093 0.012797491830125036 0.03849370822198571 2.047598692820006e-06 0.012173368703166376 1161 1050 6526
2.821924969689193 0.011813216742905346 0.0367734212390426 1.8901146788648556e-06 0.01123709590056444 1116 989 6526
#acc_paschen_factor density_factor volt density pressure N_not_eqm N_less_eqm N_eqm
1.1199210463861893 0.01581834251857614 0.01847322263402013 2.5309348029721825e-06 0.01504689499377624 4362 4362 976
1.3642870700871486 0.004758001903945932 0.008734712237344622 7.612803046313493e-07 0.004525958073343464 4231 4231 5541
1.5505133990508944 0.01936678464571869 0.030169370858253997 3.0986855433149902e-06 0.018422282523531914 6230 6230 4288
1.3089722905331411 0.01214808177875619 0.017444541186324394 1.9436930846009907e-06 0.011555629844662414 6475 6475 3404
#acc_paschen_factor density_factor volt density pressure N_not_eqm N_less_eqm N_eqm
1.8559947623636073 0.01437687895062824 0.02833214850315728 2.3003006321005187e-06 0.013675730415768451 3779 3779 5983
1.4516264325528323 0.013473897942096696 0.02102777248224564 2.1558236707354714e-06 0.012816787046651715 6096 6096 4196
1.8932292464719476 0.005594544593865094 0.01371536475708657 8.951271350184151e-07 0.005321703265878197 1847 1844 6436
1.780777551463145 0.017451735234236206 0.031821490931539326 2.792277637477793e-06 0.016600628493178827 4628 4628 5627
1.1808725725681302 0.003327722320963831 0.0057879578226301695 5.32435571354213e-07 0.0031654320465741978 5763 5742 4184
1.9778095382160257 0.008901332620501993 0.0205743848891933 1.424213219280319e-06 0.008467221966402629 2466 2464 6314
1.4700732298117518 0.01152900097838688 0.01878676607596505 1.8446401565419008e-06 0.010966741104588623 5683 5683 4754
1.2484462429313061 0.0024043735781540685 0.004837242320853619 3.8469977250465097e-07 0.002287114260789875 8810 6185 1187
1.6986043053152513 0.0095649938649455 0.01870496463131572 1.5303990183912801e-06 0.00909851699904295 3610 3610 5945
1.3992434595594365 0.0037952344759885097 0.007558883898628839 6.072375161581616e-07 0.003610144019191389 3492 3486 5901
1.6111615973773308 0.0015057606850196713 0.004522158667761181 2.409217096031474e-07 0.0014323259776832169 10024 168 99
1.2780106874894432 0.018865052983700684 0.024338177667243336 3.0184084773921097e-06 0.017945019901068657 6240 6240 2096
1.7254037844640742 0.007187769800784265 0.015174650150838421 1.1500431681254825e-06 0.006837228192829147 2974 2974 6272
1.0920075117808719 0.007749896389584938 0.010186524565545758 1.2399834223335902e-06 0.007371940331282368 6115 6115 2394
1.7465860154034687 0.006059754423047745 0.013455157405970712 9.695607076876392e-07 0.005764225195186758 2696 2696 6407
1.824870406127009 0.0007267922271704582 0.0032698082901809907 1.1628675634727332e-07 0.000691347169381627 10006 9 13
1.2012989129945582 0.011060571878998846 0.01485087511235615 1.7696915006398155e-06 0.010521156906228797 6300 6300 2642
1.0483202361435626 0.018361012724604473 0.01952649375542215 2.937762035936716e-06 0.017465561269903607 2176 2176 317
1.4327156031006716 0.013185364837327771 0.020394673288746817 2.1096583739724434e-06 0.012542325463550462 6251 6251 4251
1.153844707584001 0.008634334889988642 0.011717885166575076 1.3814935823981828e-06 0.008213245495107166 6156 6156 2787
1.0270529893535734 0.004568105719910429 0.006375939972834024 7.308969151856688e-07 0.004345322969662688 6212 6212 3036
1.9324060809285557 0.01046316891809824 0.02285356852805363 1.6741070268957186e-06 0.009952888795262925 2663 2663 6319
1.5298509752126406 0.016439138642012845 0.02603765880196177 2.6302621827220552e-06 0.01563741540202545 6014 6014 4580
1.6643350467199847 0.015083596052478287 0.026413548514550505 2.4133753683965263e-06 0.01434798150714264 4933 4933 5237
1.5877754872777028 0.0001042386005815285 0.002915822776736648 1.6678176093044563e-08 9.915496996012862e-05 10007 0 0
1.9467723826925631 0.01679637089974015 0.033718743959577656 2.687419343958424e-06 0.015977225737027364 3409 3409 6042
1.8932292464719476 0.007582065929694865 0.017360256530424206 1.2131305487511786e-06 0.007212294824570303 2254 2252 6467
1.2944362075802398 0.0031446516248142967 0.006086672773117306 5.031442599702875e-07 0.002991289557361774 5010 4912 4529
1.2941223771152073 0.01552289834962967 0.021022242182115736 2.4836637359407473e-06 0.014765859393400254 6811 6811 2692
1.4652291823919867 0.01214808177875619 0.019526960963574563 1.9436930846009907e-06 0.011555629844662414 5804 5804 4611
1.4490351322703057 0.006618560790776037 0.01195155461714763 1.058969726524166e-06 0.006295779037012277 4385 4385 5457
1.8346690357574698 0.017595119420216392 0.033004185462626276 2.815219107234623e-06 0.016737019950607335 4247 4247 5822
1.1199210463861893 0.01789745198514577 0.020428706088255394 2.863592317623323e-06 0.01702460800557258 3755 3755 802
1.925821978309711 0.014129241560537787 0.028987771278804562 2.260678649686046e-06 0.013440170097053134 3306 3306 6158
1.6611786332859815 0.0012249328073119375 0.004074600774855443 1.9598924916991002e-07 0.0011651938440711764 10015 41 61
1.1314105580096996 0.014042516579409116 0.01694560328856107 2.2468026527054587e-06 0.013357674621762478 5199 5199 1347
1.4700732298117518 0.0035200189194281983 0.007510193067726519 5.632030271085117e-07 0.00334835049845092 3250 3233 5994
1.621872794152457 0.0039489671613539765 0.009024824209875174 6.318347458166363e-07 0.0037563792882209304 2466 2463 6425
1.3968533302501345 0.00982519962165906 0.01571332204911315 1.5720319394654498e-06 0.009346032735501884 5713 5713 4483
1.7838731714251201 0.009709690551019525 0.019879379591706055 1.5535504881631242e-06 0.009236156947017678 3354 3354 6108
1.8664488105976709 0.0015057606850196713 0.00523869094230905 2.409217096031474e-07 0.0014323259776832169 9967 107 106
1.2780106874894432 0.0069501989225875145 0.010949289376495572 1.1120318276140024e-06 0.006611243450520792 5788 5788 4327
1.7881635459259968 0.00954824074336686 0.01966382766571948 1.5277185189386978e-06 0.009082580913393286 3203 3203 6162
1.0920075117808719 0.01930218791005346 0.021189823180591382 3.088350065608554e-06 0.018360836117414844 2505 2505 492
1.44356333838738 0.01009609096441283 0.0165936627873692 1.6153745543060527e-06 0.009603712930778495 5446 5446 4753
1.1935840012277597 0.006845225365814179 0.010105575611358613 1.0952360585302687e-06 0.006511389367576471 6222 6222 3693
1.6076132795998466 0.007569984449573908 0.014722868784116062 1.2111975119318253e-06 0.007200802548275489 3729 3729 5904
1.7238845712461233 0.003538785730769803 0.008841540195989723 5.662057169231686e-07 0.0033662020678737925 2015 1981 6405
1.8555894394873453 0.0009169313464842642 0.0038032393214253364 1.467090154374823e-07 0.000872213360587446 10003 10 34
1.4725637261044189 0.008345267650772998 0.014558725726478254 1.3352428241236798e-06 0.007938275826855848 4880 4880 5256
1.640929676253469 0.01792802258546371 0.029974291275522265 2.868483613674194e-06 0.017053687702913854 5417 5417 4995
1.8346690357574698 0.019592659040427857 0.036039301736218256 3.1348254464684573e-06 0.018637141210210394 4529 4529 5669
1.5298509752126406 0.003705058455006711 0.008117992721054186 5.928093528010738e-07 0.0035243658084163805 2834 2823 6270
1.6643350467199847 0.015913424293778785 0.0275874400917016 2.546147887004606e-06 0.015137339709182795 5009 5009 5279
1.3822743857932664 0.0001042386005815285 0.002538436428884568 1.6678176093044563e-08 9.915496996012862e-05 10006 0 0
1.651768489533601 0.010212453474284748 0.019160890732607475 1.63399255588556e-06 0.009714400536967252 4228 4228 5664
1.8932292464719476 0.002052756996171261 0.006563172791653549 3.284411193874018e-07 0.0019526457296556753 9204 1931 464
1.7489786115569195 0.011141112972189575 0.021747244686626647 1.7825780755503322e-06 0.010597770076698567 3746 3746 5985
1.8177598481538162 0.0138743728948779 0.026961576042485523 2.219899663180464e-06 0.013197731166116812 3934 3934 5933
1.3649458154744005 0.015159256590873232 0.02175023139146845 2.425481054539717e-06 0.014419952143450732 6619 6619 3418
1.1734634011312806 0.018900981033672583 0.02238203729084702 3.0241569653876136e-06 0.01797919576966067 4190 4190 1044
1.7170022093862942 0.008741907173356527 0.017608215079691496 1.3987051477370444e-06 0.008315571566892275 3468 3468 6154
1.8887845894661321 0.013511225978497242 0.02742144580367702 2.1617961565595587e-06 0.012852294625488328 3244 3244 6119
1.7854444339181619 0.01443546466246922 0.02734503627225538 2.3096743459950753e-06 0.013731458950738006 4129 4129 5798
1.9274420864541395 0.008943544464464215 0.02012552564869874 1.4309671143142745e-06 0.008507375173532094 2564 2563 6418
1.9778095382160257 0.004015200419530057 0.011143084347417615 6.424320671248092e-07 0.0038193824049950675 1322 1279 6690
1.4700732298117518 0.0038626368369275863 0.008046334712430308 6.180218939084139e-07 0.0036742592225505193 3081 3079 6151
1.9116343531574822 0.01906720014519022 0.03672388996736623 3.0507520232304355e-06 0.018137308512132112 4033 4033 5898
1.6144862383998198 0.004016533906098634 0.00909836086948703 6.426454249757815e-07 0.0038206508585229525 2572 2569 6412
1.6340797439474772 0.006669842602567812 0.013558791812450196 1.06717481641085e-06 0.006344559877117065 3303 3303 6072
1.9756142109753938 0.019860459410452752 0.03924244681442839 3.1776735056724404e-06 0.01889188117695008 3691 3691 5968
1.2780106874894432 0.0017020849215570108 0.0038949291082816173 2.7233358744912174e-07 0.0016190756430442715 10054 674 159
1.9506649090911314 0.006476210393066952 0.015819931638130884 1.0361936628907123e-06 0.00616037095085309 2000 1995 6572
1.989010028265875 0.01930218791005346 0.03859567846254373 3.088350065608554e-06 0.018360836117414844 3614 3614 6017
1.7465860154034687 0.0004874687001066042 0.0025501225494749917 7.799499201705668e-08 0.00046369525344662406 10016 3 6
1.3328723764925459 0.0004915293357596467 0.001953566383097938 7.864469372154348e-08 0.0004675578552462477 10008 4 6
1.3385519443216731 0.008848490004393902 0.01385909831426045 1.4157584007030246e-06 0.008416956441121384 5869 5869 4402
1.3731347528514883 0.00539156461936384 0.00966979091819382 8.626503390982145e-07 0.00512862245740708 4554 4554 5393
1.9210312343907714 0.013185364837327771 0.02734583494315783 2.1096583739724434e-06 0.012542325463550462 3241 3241 6212
1.703316631348781 0.005910047004168262 0.012871179028380489 9.45607520666922e-07 0.005621818883714902 2695 2695 6326
1.989010028265875 0.006511740408465424 0.016199470577914512 1.0418784653544679e-06 0.0061941681966897035 1843 1839 6651
1.942625963859703 0.003982599844396708 0.010878348683934036 6.372159751034733e-07 0.0037883717330367277 1538 1513 6659
1.999958701151197 0.01601779129733203 0.033327271386582695 2.562846607573125e-06 0.015236616820007556 3246 3246 6121
1.3108420174200766 0.004113927102837576 0.007520896015493386 6.582283364540122e-07 0.003913294269342898 4395 4395 5419
1.8594340526384139 0.0013341203685176637 0.004819406514850133 2.134592589628262e-07 0.00126905641792553 9998 51 66
1.4791723308300346 0.01679637089974015 0.025619755827009844 2.687419343958424e-06 0.015977225737027364 6263 6263 4142
1.6903802755527284 0.00740182482099657 0.015211240108927038 1.1842919713594512e-06 0.007040843926161689 3327 3327 6077
1.904701591514097 0.00235938243900311 0.007281699094171631 3.7750119024049766e-07 0.002244317302406919 7181 3287 1477
1.3706664963449633 0.006013588899520782 0.010497079441509275 9.621742239233253e-07 0.0057203111261857125 4672 4672 5169
1.7709078360111246 0.0062307463261414495 0.013938902760144123 9.96919412182632e-07 0.005926877964123546 2678 2677 6487
1.5295895130355066 0.007367384437201635 0.013714254962344071 1.1787815099522617e-06 0.007008083171493545 4288 4288 5522
1.707400201078645 0.013647888330702577 0.02499027843142469 2.1836621329124127e-06 0.012982292067434049 4394 4394 5582
1.951723837056523 0.010366922772653359 0.022912701677647168 1.6587076436245375e-06 0.009861336494990996 2691 2691 6333
1.5244221383303485 0.003762685744148977 0.008182509632809995 6.020297190638364e-07 0.0035791826621721624 2874 2867 6269
1.9274420864541395 0.008032206028443706 0.01849156421810312 1.285152964550993e-06 0.007640481961775594 2471 2470 6427
1.5902248386915383 0.0011891372447205787 0.003827411709736153 1.902619591552926e-07 0.0011311440015593704 10000 26 47
1.5704888879013295 0.005184622060992445 0.010733659679375812 8.295395297587913e-07 0.004931772317014616 3201 3201 6139
1.426992208321408 0.0026159205040314996 0.005872156237647308 4.1854728064504e-07 0.00248834421748071 6829 5489 2455
1.9445177661992736 0.004016533906098634 0.010958237941715106 6.426454249757815e-07 0.0038206508585229525 1461 1439 6686
1.810221519830319 0.006669842602567812 0.015020329829500285 1.06717481641085e-06 0.006344559877117065 2483 2483 6434
1.7179175301765157 0.019860459410452752 0.03412371045673034 3.1776735056724404e-06 0.01889188117695008 5223 5223 5209
1.641126671596559 0.008304282874900964 0.016162499241080947 1.3286852599841543e-06 0.007899289844717343 3834 3834 5905
1.814246845501302 0.010295704313030998 0.021182146605825312 1.64731269008496e-06 0.009793591300935572 3267 3267 6242
1.965722474667849 0.01930218791005346 0.0381437959088734 3.088350065608554e-06 0.018360836117414844 3739 3739 5922
1.2676538140229687 0.005575049178482461 0.0091588636379005 8.920078685571938e-07 0.005303158625832755 5391 5391 4777
1.532002815659491 0.006962590817413975 0.013143570714388144 1.1140145307862361e-06 0.00662303100285181 3987 3987 5762
1.349851326097411 0.010508729449707724 0.01601937469642271 1.681396711953236e-06 0.00999622737730358 6175 6175 4089
1.8675639058357256 0.006595829115527042 0.015362482992789375 1.0553326584843268e-06 0.006274155966826348 2256 2255 6467
1.8919686218687968 0.0005350777036696574 0.002887406454683135 8.561243258714519e-08 0.0005089824051523304 10012 2 1
1.703316631348781 0.012281227452355528 0.022899531022586506 1.9649963923768846e-06 0.011682282113518783 4361 4361 5680
1.9190582166500314 0.0010551111642823092 0.004284567577974746 1.6881778628516949e-07 0.001003654262579842 10008 19 38
1.7990526454029894 0.0006630164018584794 0.0030653657598790937 1.0608262429735672e-07 0.0006306816384965909 10005 4 10
1.2577128863229472 0.004738972437114775 0.008027953270660733 7.582355899383641e-07 0.004507856657922744 5078 5078 5039
1.9630549952916394 0.018794507320140024 0.03726954733087268 3.007121171222404e-06 0.01787791469136562 3799 3799 5958
1.0585492495869444 0.0013341203685176637 0.00274361929776979 2.134592589628262e-07 0.00126905641792553 10064 122 78
1.93070990502579 0.005127770469477069 0.013085096212576041 8.204432751163311e-07 0.004877693330751906 1624 1617 6608
1.8505336589260275 0.002627104841785236 0.007638402888064217 4.203367746856378e-07 0.0024989831043019917 5164 3486 3062
1.6778449137252929 0.002105581164507332 0.005920551080598294 3.368929863211731e-07 0.002002893706847533 8972 2559 586
1.7868448065963651 0.0028571396840187226 0.007835689435769242 4.5714234944299566e-07 0.0027177993369086884 3717 2997 4602
1.8200832080790992 0.0062307463261414495 0.014325964534625481 9.96919412182632e-07 0.005926877964123546 2297 2294 6432
1.769378536311584 0.00230611876249174 0.006655889114896304 3.6897900199867846e-07 0.002193651251491163 7921 3655 1244
1.8810169303003903 0.008741907173356527 0.01929022018504499 1.3987051477370444e-06 0.008315571566892275 2646 2643 6358
1.063376301156314 0.008394423247972385 0.010561955902559624 1.3431077196755819e-06 0.007985034146101177 5908 5908 1853
1.0660621884492887 0.00444454464359592 0.006482494384516815 7.111271429753474e-07 0.0042277878651826185 6186 6186 3537
1.8518704397761037 0.005474433642667891 0.013194330150797908 8.759093828268627e-07 0.005207450026757569 2050 2046 6552
1.882417775411041 0.005566714399075853 0.013584963505464526 8.906743038521365e-07 0.0052952303267470415 2018 2014 6646
1.8241776268503624 0.00892039136302657 0.019008306699473763 1.4272626180842514e-06 0.008485351229765334 3125 3125 6236
1.8839338661165028 0.0039489671613539765 0.010483048994984086 6.318347458166363e-07 0.0037563792882209304 1547 1534 6671
1.8622842357032905 0.004016533906098634 0.010494814768306094 6.426454249757815e-07 0.0038206508585229525 1706 1692 6704
1.810221519830319 0.003837495423750562 0.00986001027745522 6.1399926780009e-07 0.003650343935368845 1735 1717 6613
1.9456753187377918 0.00033388346491500936 0.0024432632834039685 5.34213543864015e-08 0.000317600243567525 10016 0 0
1.2295737474347348 0.008610227848047686 0.012459449327506852 1.3776364556876298e-06 0.00819031413372906 6267 6267 3476
1.8415319065427624 0.009052941466628033 0.01941418647501637 1.4484706346604853e-06 0.008611436974081666 2908 2908 6182
1.0920075117808719 0.005267378753506 0.0075542334427885155 8.427806005609601e-07 0.0050104930338546625 6090 6090 3437
1.7505658532144484 0.00590198707234787 0.013214321536030797 9.443179315756593e-07 0.0056141520281251965 2481 2477 6466
1.532002815659491 0.0058544799665988835 0.011492731185132802 9.367167946558214e-07 0.005568961804761163 3649 3649 5882
1.9926999474399218 0.0017797575774557012 0.006260331335796041 2.847612123929122e-07 0.0016929602675441404 9796 465 189
1.769740644506891 0.0022783243562096954 0.006600467776837681 3.6453189699355127e-07 0.002167212355491209 7925 3431 1103
1.9210312343907714 0.002283286160286827 0.00717573771399698 3.6532578564589233e-07 0.002171932176473756 7786 3008 1133
1.2256097252639846 0.0024457400507635584 0.004806723805892195 3.9131840812216934e-07 0.0023264633246306 8552 6294 1332
1.8416339287609698 0.012355410132622457 0.024879169649346524 1.9768656212195935e-06 0.011752846965621499 3497 3497 6081
1.9615810033628467 0.005222471705631404 0.01348126810980371 8.355954729010247e-07 0.0049677760656858415 1646 1635 6677
1.5154718687844775 0.009758485577909821 0.016955677249764364 1.5613576924655715e-06 0.009282572280670656 4781 4781 5217
1.4139567452373845 0.018794507320140024 0.026844651814047837 3.007121171222404e-06 0.01787791469136562 6953 6953 3427
1.8352257599832908 0.006641906948883102 0.015178260326690037 1.0627051118212963e-06 0.006317986622233837 2384 2383 6423
1.6686092115076478 0.005456047430022894 0.01185801669809395 8.729675888036632e-07 0.005189960494546617 2876 2875 6395
1.5683169052702481 0.005860173319989372 0.01177395807980496 9.376277311982996e-07 0.005574377498000107 3632 3632 6009
1.2976025416403683 0.004103338341114645 0.007430570553232027 6.565341345783432e-07 0.0039032219128003615 4564 4564 5339
1.5931735588555642 0.0028571396840187226 0.006986400373656729 4.5714234944299566e-07 0.0027177993369086884 4410 3787 4288
1.8200832080790992 0.0008639722109623979 0.0036010311794480838 1.3823555375398367e-07 0.0008218369984481834 10022 12 31
1.7412188848538985 0.0027152242449252637 0.007359727834929297 4.344358791880422e-07 0.002582804996792001 4833 3701 3593
1.8781415211107908 0.004146741634198918 0.010840126209213334 6.63478661471827e-07 0.0039445084630603654 1655 1642 6722
1.951723837056523 0.002021548978391111 0.006694203074043914 3.234478365425778e-07 0.0019229597011763727 9252 1594 398
1.7777500096402625 0.0029948599925813313 0.008066874071940953 4.791775988130131e-07 0.0028488031395522647 2801 2387 5299
1.425203362832619 0.00670026908252743 0.011867513125147037 1.072043053204389e-06 0.006373502482731084 4665 4665 5372
1.8932292464719476 0.001953105452542056 0.006340281297424152 3.12496872406729e-07 0.00185785410966164 9443 1252 315
1.810413940460144 0.0153005451764743 0.029066665289473777 2.4480872282358882e-06 0.014554350201203109 4056 4056 5770
1.538966726929731 0.010980468447992496 0.01891506180125351 1.7568749516787994e-06 0.010444960053519463 5012 5012 5185
1.7316726472020392 0.006650884783364036 0.01433684959713334 1.0641415653382459e-06 0.006326526615128004 2755 2755 6338
1.9351938448316648 0.003837495423750562 0.01054071614434064 6.1399926780009e-07 0.003650343935368845 1372 1346 6639
1.9889757254537632 0.019860459410452752 0.039507852134133374 3.1776735056724404e-06 0.01889188117695008 3520 3520 6077
1.0072637972849985 0.0026648445958919378 0.004200474781831389 4.263751353427101e-07 0.002534882321711629 8597 7838 1762
1.9506649090911314 0.0005526301559948335 0.0030246199937148327 8.842082495917336e-08 0.0005256788388469498 10012 4 12
1.9122897174472562 0.01930218791005346 0.03710696176135975 3.088350065608554e-06 0.018360836117414844 3954 3954 5865
1.7505658532144484 0.010000327180458677 0.019970696885888498 1.6000523488733885e-06 0.009512619467625029 3597 3597 6062
1.532002815659491 0.007190380569578136 0.013477537712726908 1.150460891132502e-06 0.006839711636581125 4079 4079 5726
1.6796831630782774 0.003783397905690893 0.009052784624164376 6.053436649105429e-07 0.003598884708669724 2157 2147 6572
1.9502721546987982 0.004358143648788591 0.011685023818011134 6.973029838061745e-07 0.004145600575667488 1538 1523 6578
1.8990768961079674 0.004695730828288228 0.012037857789204609 7.513169325261166e-07 0.0044667239067125025 1779 1768 6707
1.9451206653052964 0.005910047004168262 0.014698380708654351 9.45607520666922e-07 0.005621818883714902 1840 1833 6610
1.989010028265875 0.005546337775915703 0.014313896589069652 8.874140441465126e-07 0.005275847454700969 1628 1610 6708
1.0170603236710725 0.010421384199494899 0.011989954090675697 1.6674214719191838e-06 0.009913141882940686 4260 4260 1031
1.915422830123926 0.003705058455006711 0.010163989071239938 5.928093528010738e-07 0.0035243658084163805 1468 1431 6569
1.8488913667236946 0.00072897939140063 0.0033184025223182874 1.1663670262410082e-07 0.0006934276674152794 10005 6 12
1.9575775700427467 0.004267163954673454 0.011544093864816125 6.827462327477527e-07 0.0040590578862353495 1478 1461 6714
1.9496622301445745 0.017598410660075833 0.035078173855840916 2.8157457056121334e-06 0.01674015067941196 3505 3505 5933
1.797823988965045 0.012059867732157675 0.0238196474550077 1.929578837145228e-06 0.011471717924397367 3748 3748 5987
1.5477367056788314 0.011237653039768505 0.01937819208256586 1.7980244863629609e-06 0.010689601964764355 4974 4974 5182
1.9474408212916479 0.0028571396840187226 0.008539936660334575 4.5714234944299566e-07 0.0027177993369086884 3356 2520 4678
1.8200832080790992 0.004077272193334544 0.010372859377344733 6.523635509335272e-07 0.0038784269895598997 1775 1764 6560
1.983054538227826 0.0047447812247582545 0.012669552800425032 7.591649959613208e-07 0.004513382155781319 1480 1466 6593
1.2934667824407224 0.0046251418826984605 0.008105539824725581 7.400227012317537e-07 0.004399577525809237 4667 4667 5142
1.9977596033939422 0.0016759847302506257 0.0060250577172181454 2.6815755684010016e-07 0.001594248336552239 9883 242 157
1.9482892801987028 0.0041752119199901985 0.011302867660381938 6.680339071984318e-07 0.0039715902764830505 1497 1485 6742
1.9791003573369155 0.005474433642667891 0.014100826362033459 8.759093828268627e-07 0.005207450026757569 1627 1617 6658
1.1251673636886523 0.0033910541405132253 0.0055919856942978005 5.42568662482116e-07 0.0032256752254916743 6119 6107 3920
1.4700732298117518 0.004639871079053941 0.00923443915374621 7.423793726486306e-07 0.004413588391400456 3309 3309 6038
1.982945916238189 0.005087588946726111 0.013358760573091918 8.140142314761779e-07 0.004839471427741924 1664 1651 6654
1.5484879903242166 0.0069496128771626645 0.013265718513127285 1.1119380603460264e-06 0.006610685986048208 3897 3897 5808
1.7792979284163115 0.0030710486212604804 0.008223068852176552 4.913677794016769e-07 0.0029212761116167328 2556 2253 5598
1.9539853736921553 0.0033868837360244595 0.009702340888823009 5.419013977639135e-07 0.0032217082081919587 1513 1368 6481
1.641126671596559 0.004194572365320807 0.009554000261907086 6.711315784513292e-07 0.003990006528854644 2477 2476 6457
1.9444437212974295 0.004100131368356836 0.011128110533095805 6.560210189370939e-07 0.003900171341460287 1443 1415 6709
1.8832387484388062 0.011782313030206604 0.02448960813538241 1.8851700848330568e-06 0.011207699336458576 3205 3204 6283
1.9364034557140177 0.003612280669726904 0.010083811369480973 5.779649071563047e-07 0.0034361127192434173 1452 1369 6555
1.9464619568118215 0.0058544799665988835 0.014601907909742327 9.367167946558214e-07 0.005568961804761163 1921 1916 6659
1.6796831630782774 0.010845181743430281 0.020441174175052684 1.7352290789488452e-06 0.010316271170015321 4183 4183 5764
1.487511728005361 0.004471643351893333 0.009086812207279124 7.154629363029334e-07 0.004253564991815152 3287 3287 6075
1.9793603105485587 0.0033720463314587503 0.00979660942960916 5.395274130334001e-07 0.0032075944116157222 1473 1326 6437
1.9451206653052964 0.004151094636342893 0.011235549370915828 6.641751418148629e-07 0.00394864917287817 1473 1457 6717
1.989010028265875 0.017823117620496313 0.03615879647638744 2.8516988192794105e-06 0.01695389886660964 3448 3448 6061
1.9739167395884727 0.0052919946438199665 0.013703799551213185 8.467191430111947e-07 0.005033908427490095 1672 1660 6654
1.9134623881274027 0.004003372527154934 0.010756791166028746 6.405396043447896e-07 0.0038081313491807713 1571 1553 6613
1.984585434545428 0.004189943137363523 0.011543910890841792 6.703909019781638e-07 0.003985603064528738 1443 1413 6624
1.9909391468685866 0.004007523186027175 0.011201013505784764 6.412037097643481e-07 0.0038120795838414035 1408 1374 6703
1.9786119454870505 0.0036824168730149424 0.010451617468528244 5.891866996823909e-07 0.0035028284377137905 1334 1263 6635
1.3063417268144626 0.003340929729698009 0.006421617668878645 5.345487567516815e-07 0.0031779953408719204 4480 4444 5098
1.884072049434586 0.0047326363091806465 0.012013799959275146 7.572218094689035e-07 0.0045018295377247846 1870 1868 6608
1.009058373516347 0.003651438643864628 0.005296838251662229 5.842301830183406e-07 0.0034733609912622723 6628 6628 3135
1.6660116338155868 0.004181314595066637 0.00967585266223536 6.690103352106619e-07 0.003977395329126743 2305 2303 6490
1.9441916175809304 0.017669035093476174 0.0350943103271076 2.8270456149561883e-06 0.016807330817414527 3616 3616 5946
1.9469784334056564 0.00401643534520894 0.010971903535378082 6.426296552334304e-07 0.0038205571043666005 1515 1490 6657
1.0396565739094512 0.004014056769891357 0.005856232683184533 6.422490831826172e-07 0.00381829453020648 6452 6452 3474
1.2669336358926941 0.0028039237747943544 0.00548070166547181 4.4862780396709673e-07 0.0026671787237087237 6940 6449 2963
1.9796100294760475 0.0057172998931950625 0.014582191985656254 9.147679829112101e-07 0.005438471890453023 1706 1694 6669
1.364853363108094 0.0043085234237694 0.008107318432418239 6.89363747803104e-07 0.004098400288118112 4172 4172 5569
1.864293128062021 0.004381229702664524 0.011214418681927546 7.009967524263239e-07 0.0041675607417268525 1760 1750 6608
1.9334863326608662 0.0039489671613539765 0.010758781038422361 6.318347458166363e-07 0.0037563792882209304 1456 1435 6672
1.964886456160368 0.005026328555684125 0.013115502288040306 8.0421256890946e-07 0.004781198655471127 1658 1651 6641
1.9469784334056564 0.00401643534520894 0.010971903535378082 6.426296552334304e-07 0.0038205571043666005 1515 1490 6657
1.9746288369181992 0.016992702103472396 0.03452667379948354 2.7188323365555834e-06 0.016163982029798973 3442 3441 6106
1.641126671596559 0.015498201698206553 0.026624674325985958 2.4797122717130487e-06 0.014742367177308388 5096 5096 5155
1.051691672934806 0.005027603281005648 0.007021336048600632 8.044165249609037e-07 0.004782411213489538 6385 6385 3166
1.9387207696330566 0.01930218791005346 0.03761984222807075 3.088350065608554e-06 0.018360836117414844 3697 3697 5953
1.9724804690736817 0.003698839795174654 0.010453709798330752 5.918143672279447e-07 0.003518450427497988 1331 1262 6627
1.5996200210315603 0.003867015716743174 0.008762797520927512 6.187225146789079e-07 0.0036784245480072243 2461 2457 6439
1.8533521348773705 0.003449774243348823 0.009328336673511049 5.519638789358118e-07 0.0032815315973178244 1542 1461 6413
1.9469098613233926 0.004093853937390415 0.011129441136148683 6.550166299824665e-07 0.003894200055627306 1436 1413 6685
1.9887732970899958 0.0026567125020542457 0.008275350718527329 4.2507400032867937e-07 0.00252714682338672 4668 3044 3336
1.9961192342680993 0.004137848684153962 0.01150252867283523 6.62055789464634e-07 0.00393604921485821 1367 1334 6676
1.1692461264075629 0.00364356917845126 0.006127896483581586 5.829710685522017e-07 0.003465875313189931 5541 5539 4464
1.8678260419213022 0.0036785197803618844 0.009858661755327026 5.885631648579015e-07 0.003499121403056859 1558 1528 6511
1.915422830123926 0.001591356344241568 0.005578480618004142 2.546170150786509e-07 0.0015137472071655375 9961 181 141
1.1405226775988977 0.018058710384047674 0.020957537253963248 2.889393661447628e-06 0.0171780019652932 3865 3865 884
1.959499842163952 0.0038925521549061527 0.010787053876948944 6.228083447849845e-07 0.003702715595131926 1425 1389 6713
1.969041702164235 0.0036824168730149424 0.01040106459356004 5.891866996823909e-07 0.0035028284377137905 1415 1342 6586
1.9849248915964672 0.0034456249369994056 0.009981704015054185 5.51299989919905e-07 0.0032775846492185926 1390 1264 6497
1.958996037614742 0.0047326363091806465 0.012491553347961962 7.572218094689035e-07 0.0045018295377247846 1677 1666 6677
1.999472640836708 0.003934643083706925 0.01109580770846924 6.29542893393108e-07 0.0037427537840326896 1377 1336 6780
1.9446597019680567 0.004018813389833579 0.010963689488495713 6.430101423733727e-07 0.003822819173715234 1434 1414 6668
1.9916383402419282 0.004535267045437932 0.012296858458013768 7.256427272700692e-07 0.004314085810273694 1378 1367 6618
1.0351215317456859 0.004049220800761708 0.005868861459265804 6.478753281218733e-07 0.0038517436402787093 6259 6259 3367
1.951723837056523 0.0040454667015759225 0.01105807143015478 6.472746722521477e-07 0.003848172625415528 1480 1456 6622
1.9277683741833316 0.005306446514115979 0.013411346345220896 8.490314422585568e-07 0.005047655491985153 1854 1848 6586
1.9980956775887357 0.0035921913327183553 0.010362172424793852 5.747506132349369e-07 0.0034170031226401555 1310 1221 6556
1.99046752499 0.003596651717657908 0.010332104922792953 5.754642748252653e-07 0.0034212459782831193 1348 1260 6545
1.9937777013582116 0.0035078873223909745 0.010159693271224856 5.61261971582556e-07 0.0033368105494005346 1351 1229 6548
1.8015857982597487 0.004070069559615005 0.010253855182071319 6.512111295384009e-07 0.0038715756223493803 1895 1887 6619
1.4446102371744913 0.004016533906098634 0.008141032695698845 6.426454249757815e-07 0.0038206508585229525 3457 3456 5937
1.9351938448316648 0.0035328212273559893 0.009912938103355655 5.652513963769583e-07 0.0033605284483746397 1420 1339 6561
1.2632314590446199 0.0032974482202068186 0.006150177389169456 5.27591715233091e-07 0.003136634388754687 4971 4925 4825
1.3522279502261934 0.0023302474949095427 0.005124281944997891 3.7283959918552687e-07 0.00221660324551944 8827 5366 1016
1.9862642677110958 0.004382678562689892 0.011951097163465667 7.012285700303828e-07 0.00416893894204315 1435 1404 6663
1.035047121062188 0.0033303910911644573 0.0050761972418957545 5.328625745863132e-07 0.003167970663052136 6869 6856 3131
1.5006057546326121 0.012380791531179613 0.02030558021621046 1.9809266449887382e-06 0.011776990534294143 5571 5571 4816
1.9464619568118215 0.0035592355221262155 0.010025754571350107 5.694776835401946e-07 0.0033856545397635135 1473 1384 6513
1.6740932355886886 0.003874686091949602 0.009184324584835077 6.199497747119364e-07 0.003685720845337899 2268 2260 6503
1.6495159121817269 0.0032656272853735496 0.007973854492355404 5.22500365659768e-07 0.0031063653346816884 2563 2450 6024
1.7663885945108428 0.0034073354566840682 0.008809839903323574 5.45173673069451e-07 0.0032411625152943485 1935 1848 6337
1.9980132145289335 0.003590866978715383 0.010358915303020924 5.745387165944613e-07 0.0034157433562901785 1300 1208 6520
1.8974454577838928 0.0037886402802213308 0.010236974228580147 6.06182444835413e-07 0.0036038714169158576 1585 1560 6578
1.9803960924851025 0.0038771752699754743 0.010869951757583613 6.20348043196076e-07 0.0036880886282034007 1363 1328 6700
1.970719162503704 0.0032908133061821544 0.009580469352741663 5.265301289891447e-07 0.003130323054017522 1647 1458 6301
1.9715130991081304 0.003537677536242627 0.010109246887008191 5.660284057988203e-07 0.003365147919080168 1379 1264 6452
1.2531363401474351 0.0033028520200592635 0.006108373539038826 5.284563232094822e-07 0.003141774649742944 5207 5169 4745
1.4985278532841466 0.0036824168730149424 0.00791567033858445 5.891866996823909e-07 0.0035028284377137905 2964 2954 6084
1.1520786472633162 0.003973727625307748 0.006440684995551623 6.357964200492398e-07 0.0037799322047589344 5605 5604 4471
1.9941278107335831 0.0047326363091806465 0.012715571370304081 7.572218094689035e-07 0.0045018295377247846 1551 1527 6616
1.3887384350779035 0.014262176718552403 0.021062430220311498 2.2819482749683845e-06 0.013566622116996309 6474 6474 3726
1.9548142989575161 0.003815864312264743 0.010602850064042114 6.105382899623589e-07 0.0036297677553586093 1383 1336 6610
1.9077673941372957 0.004535267045437932 0.011779018882349097 7.256427272700692e-07 0.004314085810273694 1664 1652 6685
1.3175850193844993 0.0035423612848129137 0.0067627417193883745 5.667778055700663e-07 0.003369603245093724 4164 4154 5362
1.52502151794589 0.0040454667015759225 0.008640462629898359 6.472746722521477e-07 0.003848172625415528 2856 2856 6183
1.9929150216824896 0.0035947753974944962 0.010340811649508865 5.751640635991194e-07 0.0034194611647073345 1303 1207 6617
1.9778095382160257 0.004016219160759341 0.01114519887344279 6.425950657214947e-07 0.003820351463054398 1340 1297 6647
1.4947305466446934 0.0038013132087658438 0.008084341550664861 6.08210113402535e-07 0.003615926297182168 2927 2920 6142
1.495889730275836 0.0033067251778954084 0.007297950381663464 5.290760284632654e-07 0.003145458916864253 3318 3272 5678
1.4456975429937766 0.003913502005644065 0.00799050710477065 6.261603209030505e-07 0.0037226437389193344 3413 3413 6105
1.9592523545477412 0.003572473250123852 0.010119401960361802 5.715957200198163e-07 0.003398246674679209 1430 1350 6607
1.9945686558619722 0.0035935076747787157 0.010346688531522838 5.749612279645945e-07 0.003418255267783357 1308 1215 6561
1.984995092637206 0.003725547038218818 0.010576408025121954 5.960875261150109e-07 0.0035438551803149716 1391 1319 6644
1.9844157348218914 0.0029168525399784918 0.008833570587241855 4.666964063965587e-07 0.0027746000461075187 2876 2195 5044
1.9969654459490855 0.004025409581356015 0.011272401307137083 6.440655330169625e-07 0.0038290936744146834 1357 1329 6693
1.4890384498739513 0.003464488496949381 0.007518244124176316 5.54318159511901e-07 0.00329552824889996 2988 2958 6039
1.3909749328020424 0.003698839795174654 0.007371859195692751 5.918143672279447e-07 0.003518450427497988 3645 3638 5803
1.5950270756708562 0.003942246390523589 0.008864159483932028 6.307594224837743e-07 0.003749986283843681 2533 2523 6428
1.9431736395843076 0.003662636087681541 0.010223474390128573 5.860217740290466e-07 0.0034840123449748337 1490 1426 6589
1.9846334375459096 0.004093853937390415 0.011345086621003404 6.550166299824665e-07 0.003894200055627306 1347 1310 6634
1.9793603105485587 0.0036345040132169694 0.010354475692891513 5.815206421147151e-07 0.0034572522485912575 1319 1247 6577
1.9980956775887357 0.0036851896383631533 0.010560435316031333 5.896303421381046e-07 0.003505465977581695 1294 1218 6581
1.9632097119600256 0.003600089612571462 0.010197830020805173 5.76014338011434e-07 0.003424516209895764 1453 1373 6554
1.1541157847002568 0.003281208696273267 0.005598594825831165 5.249933914037228e-07 0.0031211868530163435 6047 6014 4025
1.915422830123926 0.0039000034257210695 0.010559463822333363 6.240005481153711e-07 0.003709803473611645 1595 1578 6583
1.3325325822977003 0.0037887172264533756 0.007189301711511607 6.061947562325401e-07 0.0036039446105435957 4058 4057 5498
1.8167522357945303 0.0038445084961773205 0.009909053216343902 6.151213593883713e-07 0.0036570149860345688 1741 1722 6638
1.295776688938358 0.01654940928488651 0.022174137575351086 2.647905485581842e-06 0.01574230823654764 6682 6682 2630
1.6505509110409853 0.004736750022028669 0.010531684191702499 7.578800035245872e-07 0.0045057426281883434 2669 2669 6429
1.229484796461315 0.0047326363091806465 0.00783981929039768 7.572218094689035e-07 0.0045018295377247846 5285 5285 4847
1.999472640836708 0.0037091237272541865 0.010618636053579239 5.934597963606699e-07 0.0035282328206875492 1360 1276 6572
1.8838943607505199 0.003815864312264743 0.010218182593704432 6.105382899623589e-07 0.0036297677553586093 1599 1572 6592
1.9726988538789505 0.00379717308318702 0.010660811300294167 6.075476933099232e-07 0.003611988082114916 1433 1385 6660
1.9469784334056564 0.0041029583819901004 0.011148372758112361 6.564733411184161e-07 0.003902860483969102 1447 1426 6673
1.5360345316136113 0.0031524351707844346 0.0072357841878710185 5.043896273255096e-07 0.0029986935062113053 3441 3306 5506
1.980361239172614 0.004140252371753243 0.011416694514762044 6.62440379480519e-07 0.00393833567659475 1502 1470 6656
1.993370087228113 0.0032735364437943074 0.0096531936671379 5.237658310070892e-07 0.0031138887699661707 1723 1520 6329
1.99046752499 0.0036066484403001796 0.010353372053753319 5.770637504480288e-07 0.003430755169002914 1299 1206 6558
1.2106571315054238 0.003389445620218456 0.006014759827294322 5.423112992349531e-07 0.0032241451514057004 5283 5262 4553
1.9655639960025058 0.0033801277785839327 0.009745490102061225 5.408204445734293e-07 0.0032152817332265406 1515 1360 6449
1.999144920907048 0.003572473250123852 0.01032544428731535 5.715957200198163e-07 0.003398246674679209 1293 1191 6521
1.966941054568855 0.0035972220597473344 0.010211183159371614 5.755555295595736e-07 0.0034217885052590055 1312 1242 6544
1.9567618095005137 0.003622647404266586 0.010211492238688877 5.796235846826538e-07 0.003445973876685404 1406 1334 6668
1.974955488951454 0.003563257153047346 0.010181023003192572 5.701211444875753e-07 0.0033894800390598463 1326 1230 6486
1.9534093507503274 0.00403139149735901 0.011038793950889043 6.450226395774417e-07 0.0038347838573053977 1475 1455 6631
1.959122288158432 0.003185053479306841 0.009298615932401834 5.096085566890946e-07 0.0030297210467159362 1914 1640 6122
1.986752036460041 0.0031064078897586663 0.009258885577899414 4.970252623613866e-07 0.0029549109377386305 1957 1577 5914
1.9413182061114522 0.0035592355221262155 0.009999260356080378 5.694776835401946e-07 0.0033856545397635135 1433 1361 6584
1.9800315500373982 0.003662636087681541 0.010417392162536928 5.860217740290466e-07 0.0034840123449748337 1330 1250 6573
1.9546763846012207 0.0031707336628958903 0.009246957528623779 5.073173860633425e-07 0.0030160995959468244 1901 1606 6035
1.9943550727529675 0.004489709112934932 0.012220111521711895 7.183534580695892e-07 0.004270749700583241 1463 1444 6713
1.5309737966462686 0.0036288518242765157 0.007999629961527217 5.806162918842426e-07 0.003451875712246056 2703 2684 6145
1.9632097119600256 0.003811346213704836 0.010638997012246349 6.098153941927738e-07 0.00362547000074098 1409 1364 6651
1.9822771182617394 0.0038771752699754743 0.01088027628787551 6.20348043196076e-07 0.0036880886282034007 1333 1302 6682
1.9725240704412235 0.0037665563742340577 0.0105958475018705 6.026490198774493e-07 0.003582864524818744 1414 1365 6647
1.9715130991081304 0.0027067064991110387 0.008314292015321993 4.3307303985776624e-07 0.0025747026544195428 4321 2976 3766
1.2845056248441198 0.0035045722541007665 0.006540883621974107 5.607315606561226e-07 0.0033336571542580675 4360 4344 5146
1.6016495999051727 0.0036288518242765157 0.008368924507615104 5.806162918842426e-07 0.003451875712246056 2500 2478 6368
1.9867942327429207 0.003572473250123852 0.01026165384310341 5.715957200198163e-07 0.003398246674679209 1382 1272 6502
1.9674139055226125 0.003823283549061254 0.010686637533142 6.117253678498007e-07 0.003636825162092594 1438 1399 6638
1.999472640836708 0.00375856571705647 0.010723656475843729 6.013705147290353e-07 0.0035752635654046185 1304 1237 6605
1.9956956037196258 0.003504896278165727 0.010163057527178967 5.607834045065163e-07 0.003333965375936489 1261 1153 6511
1.2756696913997945 0.003548784617480579 0.0065563847679156375 5.678055387968927e-07 0.0033757133171222536 4550 4542 5136
1.309603108196481 0.0039578352119834116 0.007299436200251909 6.332536339173459e-07 0.003764814851331534 4343 4343 5470
1.989733015291269 0.0032492476442178416 0.009583053455655847 5.198796230748547e-07 0.0030907845151226074 1729 1490 6309
1.977707426311869 0.0035906766496637535 0.010253235233520196 5.745082639462006e-07 0.0034155623094294994 1338 1258 6577
1.297415146089479 0.003211493845855051 0.006195352355694485 5.138390153368082e-07 0.003054871938383673 5015 4950 4782
1.996884131306314 0.0036414667755655253 0.01046098200957317 5.82634684090484e-07 0.003463875442759819 1329 1246 6574
1.4895216062446328 0.0033802360476487816 0.007385391950314105 5.408377676238051e-07 0.0032153847220983485 3148 3107 5909
1.297419116548125 0.003282025982458787 0.006294907982732227 5.25124157193406e-07 0.0031219642808283246 4701 4649 4914
1.9839543690892447 0.003608010377987108 0.010322381172571896 5.772816604779373e-07 0.0034320506861115624 1321 1233 6554
1.6186072297028533 0.003172088249078612 0.007659514724376311 5.07534119852578e-07 0.0030173881200780666 2982 2832 5752
1.984995092637206 0.0032958981108951995 0.009660822592014751 5.273436977432319e-07 0.003135159876996365 1571 1384 6296
1.832789063372287 0.0036737342323078124 0.009664389327004622 5.877974771692501e-07 0.0034945692422364235 1739 1706 6585
1.991057758945516 0.004025409581356015 0.011239053800380629 6.440655330169625e-07 0.0038290936744146834 1401 1367 6706
1.959122288158432 0.0034202656759035896 0.009798417305742522 5.472425081445744e-07 0.003253462138381544 1508 1373 6495
1.9724804690736817 0.0038665387210232004 0.010804351817812842 6.186461953637121e-07 0.003677970814975303 1347 1309 6704
1.097939547806598 0.003392435360102265 0.005458303121762812 5.427896576163625e-07 0.003226989084139963 6390 6377 3687
1.9800315500373982 0.0034244671996285538 0.00991196202897627 5.479147519405687e-07 0.003257458757257963 1435 1290 6459
1.1910675319683208 0.0031907817642009492 0.005660628675368083 5.10525082272152e-07 0.0030351699678778632 6063 6009 4046
1.9966490922365991 0.0036345040132169694 0.010444917169763862 5.815206421147151e-07 0.0034572522485912575 1313 1218 6531
1.962339485118769 0.0032459725084554017 0.009444129003355364 5.193556013528643e-07 0.003087669105031447 1795 1573 6230
1.2245736400449512 0.003307269661722523 0.005975012055325322 5.291631458756037e-07 0.0031459768466639637 5394 5370 4551
1.9999999829304413 0.0037073870140978335 0.01061774240666937 5.931819222556534e-07 0.0035265808056001743 1374 1289 6595
1.4247497315972188 0.0031233964124820013 0.0066662926204854745 4.997434259971202e-07 0.0029710709442132164 4224 4093 5108
1.274735926178671 0.004215549471661183 0.007448863981877559 6.744879154657893e-07 0.004009960599011251 4508 4508 5254
1.9956600956382213 0.004007523186027175 0.011227573539531634 6.412037097643481e-07 0.0038120795838414035 1383 1357 6778
1.9786119454870505 0.0032983129622318075 0.009634939896503294 5.277300739570893e-07 0.003137456958023967 1625 1439 6329
1.283414773750072 0.0034098944907717896 0.006404557375755234 5.455831185234863e-07 0.0032435967473991483 4508 4486 5153
1.9682385734622074 0.003823283549061254 0.010691116980670002 6.117253678498007e-07 0.003636825162092594 1399 1357 6615
1.9495381913480987 0.003550075897576217 0.010022471616774912 5.680121436121948e-07 0.003376941622552093 1413 1334 6586
1.9769894944242403 0.003572473250123852 0.010211013052532157 5.715957200198163e-07 0.003398246674679209 1322 1225 6506
1.9833435424128945 0.004535267045437932 0.012245644363175105 7.256427272700692e-07 0.004314085810273694 1465 1446 6647
1.9909731609122971 0.0034480692102394827 0.010017359287362505 5.516910736383173e-07 0.003279909717267685 1434 1293 6497
1.9981632281080381 0.0035575282994399536 0.010288401868945045 5.692045279103926e-07 0.0033840305769203133 1299 1184 6504
1.5653086327497703 0.004037342819191292 0.008855390166229226 6.459748510706068e-07 0.0038404449380778838 2611 2608 6341
1.9912868051785502 0.0042974485231250135 0.011805495089849637 6.875917637000022e-07 0.004087865501248572 1383 1363 6702
1.9715682936687073 0.0036066484403001796 0.010255068127192008 5.770637504480288e-07 0.003430755169002914 1320 1241 6554
1.887427018312195 0.0035078873223909745 0.009617762082909969 5.61261971582556e-07 0.0033368105494005346 1556 1499 6492
1.9377156445476649 0.0033487016510090695 0.009541576992217197 5.357922641614512e-07 0.003185388231987414 1630 1483 6399
1.3055683565361196 0.0032842164119065336 0.006337551751147262 5.254746259050454e-07 0.003124047884837582 4674 4620 4994
1.9945686558619722 0.00328661074141459 0.009687313758966483 5.258577186263344e-07 0.003126325444869293 1686 1477 6323
1.7047763250215677 0.0035564178295067125 0.008775745738996575 5.69026852721074e-07 0.0033829742636903018 2048 2018 6417
1.6725817290399956 0.003563257153047346 0.008622266756562014 5.701211444875753e-07 0.0033894800390598463 2215 2193 6374
1.101534440803155 0.0035564178295067125 0.005670413199288162 5.69026852721074e-07 0.0033829742636903018 6206 6202 3846
1.9946998518975314 0.0034202656759035896 0.009976356078806573 5.472425081445744e-07 0.003253462138381544 1394 1251 6508
1.978625054880282 0.0035854480677679247 0.010246928386412502 5.73671690842868e-07 0.003410588721162555 1329 1245 6561
1.9817179297121679 0.003786143304331668 0.010686391385082183 6.057829286930669e-07 0.0036014962164819544 1355 1301 6698
1.993493178456355 0.003900832217838499 0.01099159733944562 6.241331548541599e-07 0.0037105918462207207 1321 1276 6690
1.9848806775175079 0.00375448621619978 0.010636802914970277 6.007177945919648e-07 0.003571383018441777 1317 1264 6696
1.9966490922365991 0.00378512282808557 0.0107647479680446 6.056196524936912e-07 0.00360052550802115 1278 1221 6660
1.994039345903581 0.003065282849081412 0.009202875133443542 4.90445255853026e-07 0.002915791531393831 2132 1699 5703
1.9894287317680175 0.0032962616862556296 0.009683185523250398 5.274018698009008e-07 0.0031355057210861793 1616 1409 6287
1.0386954379184221 0.0038762665171208346 0.005700170770524333 6.202026427393336e-07 0.003687224194476353 6333 6333 3453
1.967112318746115 0.0037745316602709397 0.010583415943349762 6.039250656433505e-07 0.0035904508627300235 1364 1322 6689
1.9715130991081304 0.003386395651816183 0.009788334040047177 5.418233042905894e-07 0.0032212439274481685 1536 1386 6475
1.9956600956382213 0.003351333374037986 0.009832585856344707 5.362133398460779e-07 0.003187891608053669 1553 1402 6468
1.587278430115838 0.003670196573831155 0.008363817288112923 5.872314518129849e-07 0.0034912041124474085 2533 2520 6414
1.1120624020666916 0.003085852851128326 0.005157493515125934 4.937364561805322e-07 0.0029353583513977723 6893 6801 3283
1.9905704689039705 0.003541269923472848 0.010214631930624824 5.666031877556558e-07 0.003368565108546552 1321 1203 6476
1.9871189491297492 0.003717451825166397 0.010570625906071834 5.947922920266236e-07 0.0035361547641298385 1351 1280 6681
1.999144920907048 0.0031018275172275678 0.009306603995303607 4.962924027564109e-07 0.00295055394620005 2023 1624 5755
1.9602830486038867 0.0035564390604090603 0.010091072565891805 5.690302496654497e-07 0.003382994459179044 1435 1345 6545
1.9907169646312246 0.0035087130436537396 0.01014586134117433 5.613940869845984e-07 0.0033375960009179974 1302 1172 6477
1.9704979799155278 0.003680437216533319 0.010404603148636452 5.888699546453311e-07 0.0035009453274468484 1364 1288 6602
1.9929150216824896 0.0030065588826037716 0.009068927660151353 4.810494212166035e-07 0.002859931484352276 2436 1894 5424
1.9778095382160257 0.003261159279783112 0.009551241066060236 5.21785484765298e-07 0.0031021152300407017 1715 1517 6239
1.9851342899463353 0.0036066484403001796 0.01032563135164995 5.770637504480288e-07 0.003430755169002914 1283 1198 6521
1.9896117970198026 0.0035266754352119775 0.010178577950941398 5.642680696339164e-07 0.003354682381447215 1333 1213 6485
1.9928414323573764 0.0031537657997075244 0.009390559079494133 5.046025279532039e-07 0.002999959241458718 1791 1457 6006
1.9980956775887357 0.0036207244106445215 0.010423092952879055 5.793159057031235e-07 0.00344414466587707 1303 1208 6591
1.9524117872092173 0.003440216204649558 0.00980683075029955 5.504345927439293e-07 0.003272439696286765 1535 1385 6460
1.9756569331226768 0.0035175668334454695 0.010087880696312787 5.628106933512751e-07 0.0033460179986801947 1319 1191 6401
1.9957084056946655 0.00341020141300481 0.00995973963558735 5.456322260807696e-07 0.0032438887012878753 1432 1276 6498
1.991034737744372 0.0031745294483455757 0.009427210154802397 5.079247117352921e-07 0.00301971026406918 1719 1398 6151
1.9808056451353604 0.0034202656759035896 0.009906865145641807 5.472425081445744e-07 0.003253462138381544 1473 1344 6525
1.7602130553388275 0.0035854480677679247 0.009115813568820212 5.73671690842868e-07 0.003410588721162555 1927 1906 6478
1.9817179297121679 0.0037844905762109858 0.010682919973070387 6.055184921937577e-07 0.0035999240905492938 1367 1318 6724
1.9806545560001745 0.003630802197093104 0.01035342102973866 5.809283515348967e-07 0.0034537309669881665 1339 1267 6546
1.9970402768726685 0.003576551671466699 0.010323290177560906 5.722482674346719e-07 0.003402126194775207 1298 1200 6547
1.625614519594184 0.00378512282808557 0.008764349561806554 6.056196524936912e-07 0.00360052550802115 2401 2393 6402
1.9980132145289335 0.0025110613628713807 0.007984675633974557 4.0176981805942095e-07 0.002388598970194467 5805 3246 2367
1.996654275603794 0.0035194907664265977 0.01019921691683941 5.631185226282557e-07 0.0033478481030358256 1293 1174 6565
1.9799977642736315 0.0036662051061409186 0.010424745292783946 5.86592816982547e-07 0.0034874073053460628 1331 1253 6542
1.9953866685721757 0.0032702443027914155 0.00965582331924129 5.232390884466265e-07 0.003110757183966118 1702 1478 6285
1.994270401283905 0.003537677536242627 0.010225938572334161 5.660284057988203e-07 0.003365147919080168 1334 1210 6520
1.9956600956382213 0.003503658283830058 0.010160223875268413 5.605853254128093e-07 0.0033327877575640317 1278 1172 6502
1.4275196552319378 0.0030943303165606893 0.006633787084145722 4.950928506497103e-07 0.0029434223778293874 4267 4095 5015
1.9956956037196258 0.0033786979727588396 0.009891803292293057 5.405916756414144e-07 0.0032139216578528783 1537 1386 6454
1.9501716303074201 0.0037659359877073697 0.010474493033442998 6.025497580331792e-07 0.0035822743940315464 1382 1327 6672
1.999472640836708 0.0034889374795451025 0.010148017345294089 5.582299967272164e-07 0.0033187848747689764 1288 1177 6485
1.982927524192573 0.00351106453915792 0.01011116716823799 5.617703262652672e-07 0.0033398328159248915 1358 1241 6507
1.3532702024363563 0.003498757558131651 0.006882592281332127 5.598012093010642e-07 0.003328126036218029 4009 3994 5618
1.9912098026414065 0.0035087130436537396 0.010148373132756862 5.613940869845984e-07 0.0033375960009179974 1313 1173 6504
1.9981632281080381 0.0032295182035713046 0.009580758422182364 5.167229125714088e-07 0.003072017263032462 1764 1475 6231
1.9796514979839486 0.0034203551485455083 0.009901283725717263 5.472568237672814e-07 0.0032535472475164733 1521 1390 6469
1.9964273592358628 0.003580219736203037 0.010327957222127803 5.728351577924859e-07 0.0034056153710181184 1302 1213 6572
1.9831006924565742 0.003580246665539703 0.010259072582941451 5.728394664863525e-07 0.0034056409870332344 1286 1190 6453
1.999230403991627 0.0035021864003365374 0.010175241020516422 5.60349824053846e-07 0.0033313876566151445 1301 1189 6503
1.9334863326608662 0.002984788454981533 0.008752076602694009 4.775661527970453e-07 0.002839222782538749 2683 2137 5343
1.9938270112786436 0.0031667303009934433 0.009423448735865193 5.06676848158951e-07 0.0030122914747041933 1818 1495 6089
1.9947558597107093 0.003544484724810024 0.010242982279464812 5.671175559696039e-07 0.003371623126672631 1331 1228 6531
1.9439956014669457 0.0034625532519610494 0.009811302414662914 5.540085203137679e-07 0.003293687384214392 1593 1478 6473
1.5591103417949173 0.003563257153047346 0.008037314432213852 5.701211444875753e-07 0.0033894800390598463 2680 2666 6213
1.9903317685377695 0.0035618571976029764 0.01025730515674574 5.698971516164763e-07 0.003388148358288447 1256 1152 6539
1.9767331013593672 0.0035408831866808902 0.01014280593233359 5.665413098689424e-07 0.0033681972325891314 1377 1277 6437
1.991827281905922 0.0035913535671050576 0.010327880059217575 5.746165707368092e-07 0.003416206214165207 1333 1235 6561
1.9817179297121679 0.003417245684591612 0.009904974835084464 5.46759309534658e-07 0.0032505894295563257 1475 1341 6495
1.9937319159909355 0.0034893541037247598 0.010119773724550255 5.582966565959616e-07 0.0033191811805308355 1294 1176 6531
1.9712950881240459 0.003687369051004712 0.01042336142347027 5.899790481607539e-07 0.0035075391020653202 1297 1235 6627
1.9915244345359313 0.0036450156006601897 0.010440443642138895 5.832024961056304e-07 0.003467251194580087 1304 1220 6499
1.9837607021840347 0.0035000930200552475 0.010092047039097959 5.600148832088396e-07 0.0033293963687644978 1387 1267 6488
1.0616476239164125 0.0035194907664265977 0.005423059233575242 5.631185226282557e-07 0.0033478481030358256 6479 6473 3511
1.976519546391858 0.0035766894990107946 0.010217503973004399 5.722703198417272e-07 0.003402257300583595 1301 1213 6519
1.9885962372227202 0.003524506757640043 0.010168756538660692 5.639210812224069e-07 0.003352619468492717 1350 1229 6485
1.6478170272322246 0.0035010915261505264 0.008384757430830059 5.601746441840843e-07 0.0033303461785406272 2398 2372 6337
1.9956600956382213 0.003564567075432166 0.010290555564224115 5.703307320691466e-07 0.0033907260776097916 1245 1147 6509
1.63487140690432 0.0035743969427254416 0.008447362778843408 5.719035108360708e-07 0.0034000765503784136 2400 2378 6247
1.1438306852201496 0.0036327747686381055 0.005981522785206712 5.81243962982097e-07 0.003455607337845005 5657 5654 4298
1.8583191538153303 0.003541269923472848 0.009535983007075099 5.666031877556558e-07 0.003368565108546552 1630 1579 6449
1.996658923093045 0.003491795663002748 0.010139868571896095 5.586873060804397e-07 0.0033215036669755325 1339 1214 6496
1.9808277382381427 0.0035877184827391266 0.01026314577969081 5.740349572382603e-07 0.0034127484098672263 1289 1208 6491
1.6216082162046797 0.0036268842409933775 0.008469806083492517 5.803014785589405e-07 0.003450004086377662 2355 2336 6422
1.9977799169501766 0.003591579798449219 0.010359228521315066 5.746527677518751e-07 0.003416421412393207 1292 1199 6542
1.9982543837455506 0.003521964877751859 0.010212694844053372 5.635143804402974e-07 0.003350201553991284 1269 1155 6563
1.9883549603191064 0.0036075111555241594 0.010344216532060278 5.772017848838655e-07 0.0034315758103165978 1241 1145 6556
1.9964273592358628 0.0035246684294531587 0.010209147488065128 5.639469487125054e-07 0.0033527732557047814 1305 1196 6566
1.9956600956382213 0.003564567075432166 0.010290555564224115 5.703307320691466e-07 0.0033907260776097916 1245 1147 6509
1.983982527300804 0.0036052874258107725 0.010316755064053768 5.768459881297236e-07 0.0034294605300682034 1287 1207 6540
1.986356318205279 0.003508528103814177 0.010123242562161213 5.613644966102684e-07 0.003337420080441955 1392 1269 6467
1.9864531254964408 0.0036851896383631533 0.010498901516792761 5.896303421381046e-07 0.003505465977581695 1372 1291 6594
1.9780543837728746 0.0035935076747787157 0.01026102187415883 5.749612279645945e-07 0.003418255267783357 1329 1249 6574
1.985215932983875 0.0034864625085939994 0.010070379662374212 5.5783400137504e-07 0.00331643060611092 1413 1288 6549
1.9743652233497606 0.003563257153047346 0.010177980145921887 5.701211444875753e-07 0.0033894800390598463 1320 1226 6492
1.9823213187151316 0.003424610453516712 0.009923730630129865 5.47937672562674e-07 0.0032575950247720866 1475 1340 6494
1.9877253426877517 0.0035946665591830218 0.010313652210573397 5.751466494692835e-07 0.0034193576343505903 1291 1202 6519
1.9962469340192621 0.003642001258878265 0.010458782197257228 5.827202014205225e-07 0.003464383859761998 1366 1288 6608
1.987282785666098 0.002808729609501308 0.008607551211172996 4.4939673752020937e-07 0.002671750181818703 3469 2465 4424
1.9897440120182246 0.0035232827183823328 0.01017201304008793 5.637252349411733e-07 0.00335145512462057 1380 1253 6533
1.9872949813886305 0.0036450046986715176 0.010418247886261606 5.832007517874429e-07 0.0034672408242724146 1335 1253 6557
1.991676755831774 0.003691397710254298 0.010539672064385016 5.906236336406878e-07 0.003511371286924325 1339 1261 6567
1.9848593363295661 0.003589301258421114 0.010287394255585423 5.742882013473783e-07 0.003414253994883962 1233 1141 6458
1.9931236473413785 0.0035194907664265977 0.010181181925032826 5.631185226282557e-07 0.0033478481030358256 1279 1155 6484
1.993301580779617 0.0035338204840732936 0.010212727949578332 5.654112774517271e-07 0.003361478972165577 1333 1216 6522
1.9885962372227202 0.0036305856154709463 0.01039447465895506 5.808936984753514e-07 0.0034535249478731818 1196 1113 6482
1.9777344762099238 0.0035518994705278995 0.010171291097326073 5.68303915284464e-07 0.0033786762613541815 1408 1294 6513
1.9949710788610902 0.003665762447340122 0.010502639187882067 5.865219915744196e-07 0.003486986234650076 1225 1148 6563
1.9865148240374464 0.0035935959303177124 0.010305097283560403 5.74975348850834e-07 0.003418339219172471 1277 1191 6489
1.9947865776614848 0.0036305856154709463 0.010426831824083216 5.808936984753514e-07 0.0034535249478731818 1349 1255 6552
1.9905704689039705 0.0036284536859469627 0.010400264212151223 5.805525897515141e-07 0.00345149699079463 1242 1160 6534
1.39752687757986 0.003631811252138231 0.0073067588912023446 5.81089800342117e-07 0.0034546908112505557 3579 3570 5813
1.9911182447201514 0.0037156045847259447 0.010587990051127686 5.944967335561512e-07 0.0035343976120828964 1339 1278 6682
1.979985953950817 0.00356346687425724 0.010207399988793766 5.701546998811585e-07 0.0033896795323392175 1374 1276 6501
1.996001096107118 0.0036578594552257914 0.010491249093661259 5.852575128361266e-07 0.003479468664946339 1221 1147 6614
1.9872959614379044 0.0036054262582609154 0.010334279830113252 5.768682013217465e-07 0.003429592591774199 1264 1171 6565
1.9820705611154228 0.003564567075432166 0.010220481576973256 5.703307320691466e-07 0.0033907260776097916 1335 1232 6445
1.9798449247834178 0.0034624514515580566 0.009992016297027373 5.539922322492891e-07 0.0032935905485331346 1465 1327 6456
1.2128829812405912 0.003564567075432166 0.006254191151407745 5.703307320691466e-07 0.0033907260776097916 5156 5148 4822
1.9958648794839753 0.0036706945030709724 0.01051783320862893 5.873111204913556e-07 0.003491677758088666 1236 1155 6581
1.986356318205279 0.0037109916693210824 0.010552924883292627 5.937586670913732e-07 0.0035300096647596776 1335 1264 6655
1.9764895004130065 0.003524838920134197 0.010107552560255768 5.639742272214715e-07 0.0033529354316958484 1301 1185 6421
1.9258022470667104 0.0038381755533864028 0.010490946532593085 6.141080885418245e-07 0.003650990895643011 1422 1399 6692
1.9772966096468414 0.0035801573936744937 0.010228857769341557 5.72825182987919e-07 0.0034055560688833007 1277 1186 6503
1.9906095929970218 0.003710682492883981 0.010574866783370772 5.93709198861437e-07 0.003529715566602545 1304 1239 6689
1.9856382104599368 0.003504896278165727 0.010111840364560993 5.607834045065163e-07 0.003333965375936489 1358 1236 6462
1.9944293797256396 0.0035946665591830218 0.010348437251006641 5.751466494692835e-07 0.0034193576343505903 1346 1248 6579
1.9961309388933834 0.0037751792772294434 0.010740912100761403 6.04028684356711e-07 0.003591066895943323 1287 1234 6651
1.9958718778065463 0.0037874652903877835 0.010765512753718847 6.059944464620454e-07 0.0036027537303678914 1287 1230 6636
1.981727920582434 0.0034893541037247598 0.010058843909287607 5.582966565959616e-07 0.0033191811805308355 1450 1324 6538
1.9911125382097898 0.00361496903174745 0.010374426548104236 5.78395045079592e-07 0.003438669972064369 1267 1175 6569
1.9916600496013914 0.0036521313650911868 0.010456268828601798 5.843410184145899e-07 0.0034740199290456556 1270 1194 6552
1.989877173119056 0.003521745334578428 0.010169411840195526 5.634792535325486e-07 0.0033499927177574424 1375 1255 6525
1.9956372434685135 0.0036836709466634447 0.010544214974879422 5.893873514661512e-07 0.0035040213512242497 1322 1244 6549
1.96323183799002 0.003545624977373426 0.01008350682566289 5.672999963797482e-07 0.003372707770058482 1341 1255 6507
1.9966203443597426 0.0038009115181636263 0.010797993740621467 6.081458429061802e-07 0.003615544196699487 1273 1222 6648
1.991277833111127 0.0036356056910273405 0.010419159945376504 5.816969105643745e-07 0.0034583001984829845 1249 1162 6515
1.9928511863673881 0.003583426725387995 0.010316294004106559 5.733482760620792e-07 0.0034086659579842036 1296 1190 6563
1.9811720384498424 0.0035935959303177124 0.01027738144445402 5.74975348850834e-07 0.003418339219172471 1370 1284 6539
#acc_paschen_factor density_factor volt density pressure N_not_eqm N_less_eqm N_eqm
1.9886009521470607 0.003709256671544341 0.010561180742829832 5.934810674470946e-07 0.0035283592813942655 1295 1228 6673
1.9997827864176316 0.0035920495671847444 0.010370618671720622 5.747279307495591e-07 0.003416868270894755 1292 1205 6594
1.9868634534580405 0.0036404182442535057 0.010406264609202643 5.82466919080561e-07 0.003462878047455532 1338 1258 6552
1.9808277382381427 0.003509118000362124 0.010096321159640792 5.614588800579399e-07 0.0033379812082215393 1383 1269 6545
1.9933792370859338 0.0035459059354741055 0.010238949380671901 5.67344949675857e-07 0.003372975026064198 1353 1237 6476
1.996001096107118 0.003656963469830521 0.010489342605309603 5.851141551728834e-07 0.0034786163760201915 1261 1187 6610
1.9914291238981723 0.0036430920111411545 0.010435857804723368 5.828947217825847e-07 0.003465421416936186 1314 1227 6499
1.9887030260994325 0.0035514935156561655 0.010226836354067582 5.682389625049865e-07 0.0033782901045668937 1238 1125 6517
1.994117260013641 0.0035317720050223114 0.010212526922423183 5.650835208035699e-07 0.0033595303957492505 1281 1159 6540
1.991185815835336 0.003605113704906535 0.01035384268355077 5.768181927850457e-07 0.0034292952813892593 1316 1224 6580
1.983949168902841 0.0036259045430548035 0.010360270585933936 5.801447268887686e-07 0.0034490721674999385 1281 1195 6541
1.9940222814383333 0.0037109916693210824 0.010593651883486427 5.937586670913732e-07 0.0035300096647596776 1242 1177 6642
1.1166628138338397 0.0036851896383631533 0.0059018422128517415 5.896303421381046e-07 0.003505465977581695 5831 5828 4127
1.9877202127346725 0.0036136352013534934 0.010353919274156005 5.78181632216559e-07 0.0034374011914791855 1228 1137 6550
1.9975138524014338 0.003695187732905854 0.010578618475844395 5.912300372649367e-07 0.0035149764732954653 1366 1287 6532
1.9831124516765128 0.003579363912045017 0.010257260457508804 5.726982259272028e-07 0.003404801284698788 1315 1215 6484
1.1995541448285283 0.0037013481563536897 0.006360572758707215 5.922157050165904e-07 0.003520836457970088 5302 5301 4811
1.9890294703923146 0.0035946665591830218 0.010320418899760368 5.751466494692835e-07 0.0034193576343505903 1332 1245 6537
1.9961309388933834 0.0036700222295176646 0.010517805577576245 5.872035567228264e-07 0.0034910382707623666 1211 1134 6561
1.9926464543603928 0.003546854697618296 0.010237211348938026 5.674967516189274e-07 0.0033738775178607273 1313 1199 6512
1.9937319159909355 0.0037241807678628737 0.01062006443005678 5.958689228580598e-07 0.0035425555418380035 1311 1251 6617
1.9879340941721733 0.0036724518403404086 0.010479761208084517 5.875922944544655e-07 0.003493349391468132 1325 1250 6573
1.9987270910888064 0.0036864883913130166 0.010566536167434767 5.898381426100827e-07 0.003506701391420819 1290 1215 6567
1.9883549603191064 0.0036475360295883984 0.01042917306708861 5.836057647341437e-07 0.0034696487042671785 1305 1222 6559
1.9931236473413785 0.003647560705430204 0.010454237886910455 5.836097128688327e-07 0.0034696721766885215 1250 1163 6583
1.9958942044133545 0.0036739819956428076 0.010524977743715835 5.878371193028493e-07 0.0034948049223578154 1294 1219 6544
1.9887557304656862 0.0036279178336564456 0.010389645039460363 5.804668533850313e-07 0.0034509872715785925 1225 1144 6487
1.9916839495863796 0.0035564271725233403 0.010252691602617726 5.690283476037345e-07 0.0033829831510557105 1284 1171 6485
1.9813202301459358 0.0035768472662415117 0.010242655314983726 5.722955625986419e-07 0.003402407373636526 1326 1227 6469
1.9906205846040081 0.003574533942744999 0.010285806761042305 5.719254308391998e-07 0.0034002068690199517 1336 1232 6552
1.9882603549091105 0.0035443561384192104 0.010209354160736595 5.670969821470737e-07 0.0033715008113340966 1252 1145 6476
#acc_paschen_factor density_factor volt density pressure N_not_eqm N_less_eqm N_eqm
1.9935580940467927 0.00365910701601353 0.010481059542461925 5.854571225621648e-07 0.003480655383222885 1273 1194 6530
1.9903066155808078 0.003642613566045132 0.010428959609002865 5.828181705672211e-07 0.003464966305213091 1216 1145 6520
1.9914802100419968 0.003609347479593541 0.01036438269301019 5.774955967349666e-07 0.0034333225783748865 1321 1222 6535
1.9913471226302903 0.0036739776956896007 0.01050099043043809 5.878364313103362e-07 0.0034948008321097805 1314 1240 6561
1.9848829048356942 0.0036082420140726044 0.010327703535268608 5.773187222516168e-07 0.0034322710254961176 1276 1190 6554
1.9912175059204955 0.0036593416341960516 0.010469251970463994 5.854946614713683e-07 0.0034808785592700528 1288 1217 6537
1.9847619880304985 0.0036841845970797824 0.010487839592338738 5.894695355327653e-07 0.00350450995133321 1377 1299 6574
1.991640221073827 0.0036525937639681353 0.010457146704797467 5.844150022349017e-07 0.0034744597771105535 1286 1211 6557
1.9956600956382213 0.0035649341168571746 0.010291339809072132 5.70389458697148e-07 0.0033910752187270724 1266 1167 6507
1.9883335331012189 0.0036706945030709724 0.010478144427136505 5.873111204913556e-07 0.003491677758088666 1278 1205 6571
1.99032569206363 0.003637705558948705 0.010418637653758507 5.820328894317928e-07 0.0034602976575768465 1274 1196 6495
1.990685587222269 0.0036851896383631533 0.010521271135417393 5.896303421381046e-07 0.003505465977581695 1322 1243 6598
1.9934800655994729 0.003670856627720321 0.010505610010805366 5.873370604352514e-07 0.003491831976052514 1290 1209 6518
1.9884725833494428 0.0035801573936744937 0.010286672790557937 5.72825182987919e-07 0.0034055560688833007 1374 1262 6500
1.9860721755069755 0.0035885996883348193 0.010292190202263183 5.741759501335711e-07 0.0034135866397924366 1302 1206 6495
1.980741864856522 0.003587244627280644 0.010261697023111194 5.739591403649031e-07 0.0034122976639488316 1296 1216 6513
1.9826940859341626 0.00360424536732941 0.01030784723275754 5.766792587727057e-07 0.003428469291919958 1370 1285 6541
1.9940408133366785 0.0036700222295176646 0.01050679250533243 5.872035567228264e-07 0.0034910382707623666 1247 1164 6564
#acc_paschen_factor density_factor volt density pressure N_not_eqm N_less_eqm N_eqm
1.9958718778065463 0.0036056388337749453 0.010379329446912656 5.769022134039913e-07 0.003429794800155647 1322 1232 6629
1.9877718186057782 0.00364462365387817 0.010419939752383223 5.831397846205072e-07 0.0034668783627195255 1342 1253 6563
#acc_paschen_factor density_factor volt density pressure N_not_eqm N_less_eqm N_eqm
2.327320614129369 0.01066050066213002 0.02793712482083698 1.7056801059408035e-06 0.010140596832808454 1615 1605 6574
2.8760373247735957 0.004446397654589385 0.017494062130194978 7.114236247343017e-07 0.004229550506357458 1380 448 5700
2.0495785695806075 0.018448763082817253 0.03832554197834433 2.951802093250761e-06 0.017549032115483247 3216 3215 6038
2.490205412555855 0.007671823899275947 0.023045714290337155 1.2274918238841516e-06 0.007297675371966786 1127 1047 6570
2.391283207413811 0.003380156913898826 0.011856329693518243 5.408251062238122e-07 0.0032153094476361447 1153 777 6188
2.124936706654368 0.008099489361189722 0.020520335851391763 1.2959182977903556e-06 0.00770448394184852 1885 1881 6570
2.462183617493992 0.01351258154045441 0.03574896854799003 2.1620130464727057e-06 0.0128535840778063 1698 1684 6580
2.852033916598563 0.014737076383459766 0.044418013513678856 2.3579322213535628e-06 0.01401836131672909 1205 1122 6580
2.5061060614307324 0.01231776579121841 0.03377280832555534 1.970842526594946e-06 0.011717038507715659 1409 1381 6654
2.6323346598258923 0.011749845804955576 0.034155200269830245 1.8799753287928924e-06 0.011176815511018727 1241 1184 6605
2.931814927438119 0.010850033873645852 0.03569193750241509 1.7360054197833365e-06 0.010320886665840126 1037 815 6387
2.5545008653318204 0.005532760321289364 0.01834892749644818 8.852416514062983e-07 0.005262932161344198 1036 767 6325
2.665556020580455 0.019407943047679274 0.051955814390381105 3.105270887628684e-06 0.018461433664157766 1612 1591 6719
2.8011727148592995 0.009626856198356498 0.031004567968845837 1.5402969917370397e-06 0.009157362357449631 1091 902 6480
2.2162856619677522 0.017373315473380894 0.039458502807629935 2.7797304757409433e-06 0.016526033199415195 2516 2515 6454
2.335401010432111 0.014296477905506049 0.03548897710870978 2.287436464880968e-06 0.01359925046333837 1899 1894 6578
2.004531569246532 0.0030797036162855786 0.009283037264412595 4.927525786056926e-07 0.0029295090096691915 2037 1594 5769
2.959145724921192 0.0011757649059855931 0.007071165697464073 1.881223849576949e-07 0.0011184238207610192 9986 10 25
2.1801346804899615 0.00245094718048688 0.008563236816397602 3.921515488779008e-07 0.0023314165069298065 6254 2915 1993
#acc_paschen_factor density_factor volt density pressure N_not_eqm N_less_eqm N_eqm
2.0869888578002516 0.017257320406692447 0.036954010579394604 2.761171265070792e-06 0.01641569511650875 2913 2913 6304
2.995099105056993 0.0052881356773316745 0.02078170741288056 8.46101708373068e-07 0.0050302376596163025 1464 451 5574
2.4268930906297457 0.018972449603250244 0.04643257206400638 3.0355919365200394e-06 0.018047178876015053 1971 1966 6487
2.704960979482997 0.015846893047830303 0.04468407090058123 2.5355028876528486e-06 0.01507405313725427 1326 1290 6702
2.58729536533933 0.009198752457588113 0.027623322937685824 1.471800393214098e-06 0.008750136883211732 1222 1129 6511
2.140694713763664 0.012716503492584302 0.029596984584317813 2.0346405588134887e-06 0.012096330100084866 2362 2360 6454
2.2980634180359343 0.00616495699425398 0.017940397370916544 9.863931190806368e-07 0.005864297123718874 1172 1109 6669
2.7940818845758537 0.016531762544240953 0.04777255213791498 2.6450820070785525e-06 0.01572552211289629 1256 1208 6614
2.2394494170092365 0.0005480968269777758 0.003458270478597356 8.769549231644414e-08 0.0005213665965490101 10017 3 8
2.6888868474886616 0.007316752479448157 0.023978948762443025 1.1706803967117051e-06 0.006959920492581311 1009 791 6454
2.749007661865173 0.0015560708665902263 0.00788683228451169 2.4897133865443626e-07 0.0014801825731717122 9961 74 94
#acc_paschen_factor density_factor volt density pressure N_not_eqm N_less_eqm N_eqm
2.1798984844857854 0.005544778286455827 0.015684241126810446 8.871645258329324e-07 0.005274364020256487 1259 1226 6663
2.717038082241424 0.01666986356266243 0.04677105798698057 2.667178170025989e-06 0.01585688805849276 1352 1305 6710
2.6245415053334815 0.01778537090221062 0.04762976473804044 2.8456593443536994e-06 0.016917993024658278 1486 1470 6628
2.7731988820638542 0.006109624716910598 0.02149944150310725 9.775399547056958e-07 0.005811663355928434 1102 665 6297
2.391283207413811 0.013854958066439833 0.0354281474975029 2.2167932906303735e-06 0.013179263182857077 1734 1728 6568
2.4580771114949247 0.0063484362665217516 0.019629737652415734 1.0157498026434802e-06 0.006038828263129056 1093 991 6570
2.4530304768657727 0.004077576276522942 0.013980878038300946 6.524122042436707e-07 0.0038787162428618694 1000 687 6354
2.5746348515110533 0.005064353816471038 0.017284471990751744 8.102966106353662e-07 0.00481736945563554 1023 696 6322
2.3194527663130717 0.01231776579121841 0.03125742956471262 1.970842526594946e-06 0.011717038507715659 1788 1781 6649
2.169767310846096 0.002036079947868268 0.0074792352202431665 3.257727916589229e-07 0.001936782007250715 9199 1528 400
2.353093466811616 0.003962983772087981 0.013128362904270385 6.34077403534077e-07 0.0037697123204040134 1011 753 6449
2.343735259183808 0.005532760321289364 0.016835002455967727 8.852416514062983e-07 0.005262932161344198 1180 1051 6612
2.745016438736565 0.019407943047679274 0.05350462098278651 3.105270887628684e-06 0.018461433664157766 1420 1394 6632
2.429711176710683 0.009626856198356498 0.026893074076931606 1.5402969917370397e-06 0.009157362357449631 1426 1391 6596
2.735453267718772 0.009885230016884126 0.030920616453694195 1.5816368027014603e-06 0.009403135497837804 1094 959 6511
2.626694284206802 0.013410956094616249 0.03790594539824611 2.1457529751386e-06 0.012756914821186856 1264 1236 6634
2.767248827608751 0.006239715329050589 0.021805387179092865 9.983544526480943e-07 0.005935409556154393 1065 659 6347
2.6994166873547245 0.0057097868680676305 0.01986434347159178 9.135658988908209e-07 0.005431325269367703 1014 610 6255
2.4399879378999585 0.016064267267425075 0.040755816851085404 2.5702827627880122e-06 0.015280826195351574 1638 1632 6629
2.5675432707616803 0.017257320406692447 0.045463118231875946 2.761171265070792e-06 0.01641569511650875 1634 1621 6560
2.488086373668224 0.01162916393919837 0.03201753452315399 1.8606662302717393e-06 0.011062019200370551 1499 1477 6642
2.661800537286508 0.007565634561793868 0.024366378895719302 1.210501529887019e-06 0.00719666480093666 1033 843 6539
2.6458343609517647 0.006327622134534005 0.021075497245178813 1.0124195415254409e-06 0.006019029219200249 974 707 6422
2.724346815383762 0.0022162378755438495 0.00996486421686146 3.545980600870159e-07 0.0021081537813065227 8168 1569 795
2.6627511934833277 0.006172182117945317 0.020806240605770195 9.875491388712507e-07 0.005871169884083806 1038 732 6332
2.47259828900002 0.004118707478864049 0.014198772786761689 6.589931966182479e-07 0.0039178415103712574 978 638 6284
2.7420754556317792 0.012131122592925415 0.03650239574304369 1.9409796148680666e-06 0.011539497744344322 1049 968 6565
2.6233276115835786 0.0037198371698629737 0.0139616370074942 5.951739471780758e-07 0.003538423777531919 1092 533 6035
2.5355188336948205 0.011423045834600134 0.032163946447881814 1.8276873335360215e-06 0.010865953305820367 1437 1405 6708
2.749007661865173 0.0068370548798041145 0.023253085880212788 1.0939287807686585e-06 0.006503617349433788 1056 718 6297
2.7482024193961445 0.008192585348631683 0.026778653875204242 1.3108136557810693e-06 0.0077930397147264975 1060 826 6433
2.717038082241424 0.009098439433773703 0.02875793127456917 1.4557503094037926e-06 0.008654716042875833 1147 987 6563
#acc_paschen_factor density_factor volt density pressure N_not_eqm N_less_eqm N_eqm
2.6436749058385502 0.013129113270718928 0.03750319854021531 2.100658123315029e-06 0.012488817239474224 1217 1177 6617
2.619482619669207 0.005903340525915128 0.01977691926834411 9.445344841464206e-07 0.005615439474877697 1009 708 6443
2.6420836841005357 0.009191982563511048 0.02819183927698731 1.4707172101617677e-06 0.008743697151288051 1173 1070 6599
2.6901478286648106 0.007092696785220246 0.023415006536373885 1.1348314856352394e-06 0.006746791809860863 993 745 6448
2.7510724503279853 0.007033311960125046 0.023788901437023904 1.1253299136200074e-06 0.006690303133731749 960 675 6347
2.5746348515110533 0.0012028755968707412 0.006242246246764093 1.924600954993186e-07 0.0011442123456003631 9974 8 56
2.699702376610567 0.0021376580441469263 0.00962764627833205 3.4202528706350826e-07 0.002033406223509641 8651 1348 636
2.609780905472979 0.010321847009650246 0.03053196046920745 1.6514955215440395e-06 0.009818459039791397 1225 1183 6636
2.849283614372201 0.005775581430730623 0.021152674768611077 9.240930289168998e-07 0.005493911085447286 1228 584 6009
2.957948588431681 0.010237548987960601 0.03437997788409985 1.6380078380736964e-06 0.009738272163128588 995 716 6344
2.773925163220338 0.019407943047679274 0.05406809678743851 3.105270887628684e-06 0.018461433664157766 1405 1372 6610
2.7559402829633064 0.009626856198356498 0.030503916223355035 1.5402969917370397e-06 0.009157362357449631 1061 889 6529
2.679722211420592 0.01328111608970632 0.038368951879262946 2.124978574353011e-06 0.012633407006282935 1190 1148 6663
2.830152122121677 0.00665728651310658 0.023448880338948003 1.0651658420970528e-06 0.006332616137788261 1182 710 6264
2.768399302809911 0.01018995182981711 0.03205773308596998 1.6303922927707378e-06 0.009692996279151097 1154 996 6653
2.8031437871867158 0.010173301465995122 0.03241785298924799 1.6277282345592197e-06 0.009677157939847 1072 905 6492
2.710761355373402 0.007916911968672974 0.025713071236121494 1.266705914987676e-06 0.007530810698257366 1061 862 6444
2.799560846045964 0.008958159127221907 0.0292695611761021 1.4333054603555052e-06 0.008521277091234673 1047 854 6492
2.995099105056993 0.003506897711028135 0.015258944762937838 5.611036337645016e-07 0.0033358692005680765 1562 404 5210
2.7829186197030853 0.0068949966612769815 0.023694980594836313 1.1031994658043172e-06 0.006558733357988458 1054 703 6327
2.4530304768657727 0.009018981678181132 0.025784117759303893 1.4430370685089812e-06 0.008579133376522611 1188 1142 6643
2.8485039479409693 0.008686124503039653 0.02906480739743148 1.3897799204863447e-06 0.008262509371422384 990 715 6396
2.5898165538755276 0.005434108325150442 0.018347893453367837 8.694573320240708e-07 0.00516909134173332 1040 727 6359
2.502416102399975 0.004118707478864049 0.014370000098269393 6.589931966182479e-07 0.0039178415103712574 949 562 6261
2.5788443138887067 0.00899379620038666 0.02704670304860817 1.4390073920618658e-06 0.008555176173718558 1214 1134 6550
2.342699267888871 0.0019191368230364308 0.00775096129226173 3.0706189168582895e-07 0.0018255421022150065 9499 774 280
2.6777415352629768 0.001056099720167904 0.005981906732908764 1.6897595522686466e-07 0.0010045946074098112 10014 15 22
#acc_paschen_factor density_factor volt density pressure N_not_eqm N_less_eqm N_eqm
2.6896672641598753 0.006589912853562837 0.02210966178860917 1.0543860565700539e-06 0.006268528236081073 1092 797 6395
2.502416102399975 0.008555971153122028 0.02523127848858562 1.3689553844995246e-06 0.008138703493088487 1254 1173 6583
2.717038082241424 0.004655469901488138 0.017110808639965776 7.448751842381022e-07 0.004428426472123407 1118 521 6044
